Gene_ID	Harringtonine_Control_rep1	Harringtonine_Control_rep2	Harringtonine_Control_rep3	Harringtonine_Treated_rep1	Harringtonine_Treated_rep2	Harringtonine_Treated_rep3
ENSG00000000003.15	139	147	136	96	108	117
ENSG00000000005.6	0	0	0	0	0	0
ENSG00000000419.14	3512	3530	3574	2692	2871	3505
ENSG00000000457.14	494	540	531	810	528	797
ENSG00000000460.17	380	463	446	415	381	539
ENSG00000000938.13	0	0	0	0	0	0
ENSG00000000971.17	0	0	0	0	0	0
ENSG00000001036.14	2271	2383	2512	1531	1444	1853
ENSG00000001084.13	1046	1163	1150	880	812	1005
ENSG00000001167.15	301	362	317	313	273	351
ENSG00000001460.18	1	1	1	0	0	0
ENSG00000001461.17	23	20	32	18	23	21
ENSG00000001497.18	5039	5659	5019	3238	3198	4349
ENSG00000001561.7	57	103	60	76	77	83
ENSG00000001617.12	391	393	428	463	327	511
ENSG00000001626.18	1	0	0	0	0	0
ENSG00000001629.10	2473	3019	2757	3179	2492	3280
ENSG00000001630.18	154	122	163	47	75	123
ENSG00000001631.17	147	109	130	247	192	249
ENSG00000002016.18	257	247	238	400	257	388
ENSG00000002330.14	487	593	540	286	285	370
ENSG00000002549.13	662	774	769	552	554	769
ENSG00000002586.20	0	0	0	0	0	0
ENSG00000002586.20_PAR_Y	0	0	0	0	0	0
ENSG00000002587.10	0	0	0	0	0	0
ENSG00000002726.21	1	2	2	2	1	0
ENSG00000002745.13	0	0	0	0	0	0
ENSG00000002746.15	0	0	0	0	1	0
ENSG00000002822.16	1924	2004	2106	1822	1497	2025
ENSG00000002834.18	2292	2414	2458	1441	1371	1762
ENSG00000002919.15	437	447	407	307	307	383
ENSG00000002933.9	0	0	0	0	0	0
ENSG00000003056.8	2303	2489	2401	1647	1400	1749
ENSG00000003096.15	128	124	114	99	102	139
ENSG00000003137.9	23	36	21	31	22	22
ENSG00000003147.19	1126	1415	1381	1160	911	1296
ENSG00000003249.15	283	334	315	271	193	243
ENSG00000003393.16	597	769	697	698	659	797
ENSG00000003400.16	0	4	3	0	0	2
ENSG00000003402.21	429	460	516	457	410	489
ENSG00000003436.16	135	136	136	138	173	177
ENSG00000003509.16	331	275	349	343	299	329
ENSG00000003756.17	2745	3010	2995	3374	2619	3374
ENSG00000003987.14	80	110	115	76	65	97
ENSG00000003989.18	2646	2700	2856	2436	2190	2602
ENSG00000004059.11	2655	2790	2907	1294	1415	1619
ENSG00000004139.14	59	80	72	87	58	87
ENSG00000004142.12	1294	1331	1426	612	813	992
ENSG00000004399.13	1493	2397	1965	1910	1257	1640
ENSG00000004455.18	43	52	60	16	22	38
ENSG00000004468.13	0	0	0	0	0	0
ENSG00000004478.8	12994	13302	13407	8813	9133	11689
ENSG00000004487.18	1412	1568	1518	1426	1336	1814
ENSG00000004534.15	2098	2481	2264	3674	2602	3591
ENSG00000004660.15	159	151	168	184	145	174
ENSG00000004700.16	1051	1114	1017	727	693	852
ENSG00000004766.17	850	1006	993	1022	931	1284
ENSG00000004776.13	0	1	1	1	0	0
ENSG00000004777.19	74	89	89	103	65	95
ENSG00000004779.10	641	642	696	478	585	752
ENSG00000004799.8	0	0	2	0	0	0
ENSG00000004809.14	0	0	0	0	0	0
ENSG00000004838.14	2	6	8	5	8	5
ENSG00000004846.17	0	0	0	0	0	0
ENSG00000004848.8	20	34	43	25	15	30
ENSG00000004864.14	1200	1358	1392	1100	1106	1537
ENSG00000004866.22	266	310	266	271	241	262
ENSG00000004897.12	456	610	563	593	496	694
ENSG00000004939.16	3	4	4	4	4	1
ENSG00000004948.16	13	22	19	16	4	15
ENSG00000004961.15	741	691	720	427	513	624
ENSG00000004975.12	558	661	697	523	488	617
ENSG00000005001.10	132	173	186	161	118	195
ENSG00000005007.14	1040	1298	1220	954	815	1141
ENSG00000005020.13	2023	1936	1914	1619	1675	2133
ENSG00000005022.6	6684	7049	7032	3900	4306	5299
ENSG00000005059.16	39	55	75	55	36	70
ENSG00000005073.6	9	5	4	4	11	8
ENSG00000005075.16	368	359	333	242	203	304
ENSG00000005100.13	660	845	791	756	653	804
ENSG00000005102.14	0	0	0	0	0	0
ENSG00000005108.17	0	0	0	0	0	0
ENSG00000005156.12	914	1037	993	934	729	986
ENSG00000005175.10	715	798	651	691	688	894
ENSG00000005187.12	12	20	26	14	21	22
ENSG00000005189.20	305	378	360	375	288	408
ENSG00000005194.15	81	103	119	91	91	108
ENSG00000005206.17	85	87	101	135	95	110
ENSG00000005238.20	15	14	7	14	8	24
ENSG00000005243.10	192	233	238	155	147	225
ENSG00000005249.13	315	246	236	221	239	362
ENSG00000005302.19	248	325	311	348	274	363
ENSG00000005339.15	3974	5377	4615	3819	2820	3756
ENSG00000005379.17	2	0	1	0	1	1
ENSG00000005381.9	0	0	0	0	1	0
ENSG00000005421.9	0	0	0	0	0	0
ENSG00000005436.14	213	206	188	242	194	251
ENSG00000005448.17	156	173	217	137	104	131
ENSG00000005469.12	1073	1109	1117	1359	1158	1527
ENSG00000005471.19	106	116	108	138	108	148
ENSG00000005483.23	5787	6886	6542	5254	4032	5592
ENSG00000005486.17	181	155	199	114	86	118
ENSG00000005513.10	1	0	0	0	0	2
ENSG00000005700.15	2361	2665	2499	2626	2279	3152
ENSG00000005801.18	338	313	330	402	369	398
ENSG00000005810.20	3004	3369	3269	3263	2711	3637
ENSG00000005812.11	258	274	297	180	181	198
ENSG00000005844.19	4	10	8	2	1	0
ENSG00000005882.12	72	96	96	52	50	73
ENSG00000005884.18	862	1001	1118	895	702	986
ENSG00000005889.16	627	673	710	693	502	736
ENSG00000005893.16	495	441	481	313	356	378
ENSG00000005961.19	56	50	60	66	55	59
ENSG00000005981.13	0	0	0	0	0	0
ENSG00000006007.12	581	609	569	416	430	560
ENSG00000006015.18	107	119	143	162	115	128
ENSG00000006016.12	19	21	38	19	17	20
ENSG00000006025.12	126	154	155	164	124	158
ENSG00000006042.12	0	0	0	0	0	0
ENSG00000006047.13	521	460	519	616	486	632
ENSG00000006059.4	0	0	0	0	0	0
ENSG00000006062.18	241	268	260	274	240	313
ENSG00000006071.16	47	46	47	77	43	92
ENSG00000006116.4	0	0	0	0	0	0
ENSG00000006118.15	1252	1613	1500	1281	1181	1583
ENSG00000006125.18	761	776	823	680	689	887
ENSG00000006128.12	0	0	0	0	0	0
ENSG00000006194.11	475	565	550	594	397	525
ENSG00000006210.7	0	0	0	0	0	0
ENSG00000006282.21	652	849	806	979	714	880
ENSG00000006283.18	4	7	8	6	4	3
ENSG00000006327.14	1469	1691	1732	1065	995	1416
ENSG00000006377.11	0	0	0	0	0	0
ENSG00000006432.16	1284	1915	1716	1724	1325	1708
ENSG00000006451.8	1133	1274	1215	775	865	954
ENSG00000006453.14	465	566	643	628	500	617
ENSG00000006459.11	65	80	68	85	70	85
ENSG00000006468.15	0	0	0	0	0	0
ENSG00000006530.18	519	478	514	531	531	629
ENSG00000006534.17	24	33	26	23	18	21
ENSG00000006555.11	4	4	17	9	4	7
ENSG00000006576.17	525	668	641	739	622	862
ENSG00000006606.9	0	0	0	0	0	0
ENSG00000006607.14	355	429	462	415	368	499
ENSG00000006611.17	0	1	3	0	0	1
ENSG00000006625.18	2556	2710	2634	830	1093	1265
ENSG00000006634.8	793	960	906	983	762	1019
ENSG00000006638.13	1	0	2	0	1	1
ENSG00000006652.15	2	5	0	2	0	1
ENSG00000006659.13	0	0	0	0	0	0
ENSG00000006695.12	223	294	224	131	137	163
ENSG00000006704.11	555	756	621	702	514	705
ENSG00000006712.15	3440	3991	3723	2436	2304	3129
ENSG00000006715.16	1356	1451	1331	1530	1196	1682
ENSG00000006740.18	146	155	159	190	142	178
ENSG00000006744.19	3194	3947	3543	2840	2450	3358
ENSG00000006747.15	4205	4285	4376	4245	3662	4546
ENSG00000006756.16	187	179	213	148	118	167
ENSG00000006757.12	12	13	9	12	12	18
ENSG00000006788.14	1	2	2	0	0	0
ENSG00000006831.10	2102	2400	2296	1735	1617	2154
ENSG00000006837.12	19	31	26	34	15	16
ENSG00000007001.13	0	0	0	0	0	0
ENSG00000007038.11	0	0	0	0	0	0
ENSG00000007047.16	311	383	376	302	208	279
ENSG00000007062.12	0	0	0	0	0	0
ENSG00000007080.11	1244	1274	1319	892	824	1056
ENSG00000007129.18	0	0	0	0	0	0
ENSG00000007168.14	859	943	889	706	600	750
ENSG00000007171.19	0	2	0	0	1	0
ENSG00000007174.18	2	1	1	0	1	0
ENSG00000007202.15	6463	9143	8422	7557	5671	7490
ENSG00000007216.16	0	0	0	0	0	0
ENSG00000007237.19	0	0	0	0	0	0
ENSG00000007255.10	69	103	103	47	43	93
ENSG00000007264.15	397	495	410	436	321	448
ENSG00000007306.15	0	1	0	0	0	0
ENSG00000007312.14	0	0	0	0	0	0
ENSG00000007314.12	0	0	0	0	1	3
ENSG00000007341.19	175	149	197	190	149	213
ENSG00000007350.17	0	0	0	0	0	0
ENSG00000007372.25	0	0	0	0	0	0
ENSG00000007376.8	148	197	172	145	98	144
ENSG00000007384.15	430	599	619	641	415	598
ENSG00000007392.17	1130	1367	1349	1454	1204	1550
ENSG00000007402.12	33	38	50	27	24	32
ENSG00000007516.14	86	116	103	146	81	103
ENSG00000007520.4	652	964	935	582	496	713
ENSG00000007541.17	164	184	205	228	177	251
ENSG00000007545.16	588	998	957	941	605	877
ENSG00000007866.22	342	486	442	381	322	425
ENSG00000007908.16	0	0	0	0	0	0
ENSG00000007923.17	2424	2921	2606	2201	1750	2336
ENSG00000007933.13	0	0	0	0	0	0
ENSG00000007944.15	226	303	296	238	221	254
ENSG00000007952.18	0	0	0	0	0	1
ENSG00000007968.7	70	159	125	109	80	90
ENSG00000008018.9	4651	5213	5436	2668	3119	3542
ENSG00000008056.14	3	9	6	1	3	12
ENSG00000008083.14	1023	1413	1249	1210	925	1112
ENSG00000008086.13	232	230	177	203	173	247
ENSG00000008118.10	0	0	0	0	0	0
ENSG00000008128.23	793	848	829	869	649	959
ENSG00000008130.15	1343	1731	1538	1727	1195	1458
ENSG00000008196.13	0	2	0	0	0	0
ENSG00000008197.5	0	0	0	0	0	0
ENSG00000008226.20	0	0	0	0	2	3
ENSG00000008256.16	153	141	151	144	124	143
ENSG00000008277.15	606	612	527	673	556	830
ENSG00000008282.10	909	778	855	511	563	655
ENSG00000008283.16	758	999	976	698	476	685
ENSG00000008294.22	4155	4474	4286	3609	3241	4291
ENSG00000008300.17	426	720	618	769	451	705
ENSG00000008311.16	2	1	8	4	2	4
ENSG00000008323.16	289	361	316	334	233	337
ENSG00000008324.12	61	77	74	44	52	42
ENSG00000008382.16	201	257	241	248	180	247
ENSG00000008394.13	614	697	737	402	526	590
ENSG00000008405.12	341	395	350	367	332	367
ENSG00000008438.5	0	0	0	0	0	0
ENSG00000008441.19	115	185	135	119	87	123
ENSG00000008513.16	185	221	259	199	163	189
ENSG00000008516.18	8	22	5	12	14	18
ENSG00000008517.19	0	0	3	3	0	1
ENSG00000008710.20	832	1231	1145	1432	960	1229
ENSG00000008735.14	174	253	185	145	127	194
ENSG00000008838.21	722	921	940	749	558	765
ENSG00000008853.18	279	474	445	384	270	397
ENSG00000008869.12	1187	1341	1243	1404	1197	1677
ENSG00000008952.17	6776	7655	6618	5151	5188	6917
ENSG00000008988.11	193	173	205	82	113	121
ENSG00000009307.17	29970	31488	31433	25314	24449	31016
ENSG00000009335.18	4103	4983	4804	4125	3251	4419
ENSG00000009413.16	1246	1598	1439	1443	1232	1652
ENSG00000009694.14	1	3	3	6	1	1
ENSG00000009709.12	0	1	2	0	0	0
ENSG00000009724.18	0	3	4	0	0	2
ENSG00000009765.15	0	1	0	1	0	0
ENSG00000009780.16	107	91	112	108	119	105
ENSG00000009790.15	0	0	0	0	0	0
ENSG00000009830.13	231	312	309	417	283	411
ENSG00000009844.16	299	314	310	206	255	309
ENSG00000009950.16	78	77	81	113	78	114
ENSG00000009954.11	15094	17270	16063	14249	12633	16716
ENSG00000010017.13	1822	2419	2196	2084	1710	2408
ENSG00000010030.14	0	1	0	2	0	1
ENSG00000010072.16	342	433	389	308	268	304
ENSG00000010165.20	1971	2331	2276	1588	1391	1721
ENSG00000010219.14	25	23	30	38	26	27
ENSG00000010244.19	807	958	956	652	665	809
ENSG00000010256.11	2568	2669	2635	1439	1747	1968
ENSG00000010270.14	211	254	231	169	180	158
ENSG00000010278.15	3322	3633	3672	1862	2330	2545
ENSG00000010282.15	0	0	0	0	0	0
ENSG00000010292.13	6713	7738	7253	5292	4773	6404
ENSG00000010295.20	3	3	5	5	1	4
ENSG00000010310.9	1	2	1	0	1	0
ENSG00000010318.22	1	9	10	7	4	7
ENSG00000010319.7	5	4	8	3	2	2
ENSG00000010322.16	406	582	541	721	472	657
ENSG00000010327.10	0	1	1	0	2	0
ENSG00000010361.14	50	57	52	52	39	55
ENSG00000010379.16	0	1	0	0	0	0
ENSG00000010404.18	27	40	31	33	17	43
ENSG00000010438.17	0	0	0	0	0	0
ENSG00000010539.12	271	259	264	271	205	292
ENSG00000010610.10	0	0	0	0	0	0
ENSG00000010626.15	54	79	68	58	41	67
ENSG00000010671.18	6	7	0	1	0	4
ENSG00000010704.19	61	86	82	55	50	62
ENSG00000010803.17	49	86	75	94	82	145
ENSG00000010810.17	32	38	44	44	24	37
ENSG00000010818.11	920	1328	1196	1104	767	1030
ENSG00000010932.17	0	0	0	0	0	0
ENSG00000011007.13	1264	1565	1280	1051	835	1155
ENSG00000011009.11	11	24	37	17	19	31
ENSG00000011021.23	295	320	336	433	345	357
ENSG00000011028.14	102	118	124	99	91	93
ENSG00000011052.21	4	1	5	4	4	3
ENSG00000011083.9	0	0	0	0	0	0
ENSG00000011105.14	73	54	65	61	55	74
ENSG00000011114.15	409	435	418	417	345	399
ENSG00000011132.12	16	18	25	26	14	24
ENSG00000011143.19	1001	1146	1121	955	773	1023
ENSG00000011198.10	277	309	357	235	214	301
ENSG00000011201.12	0	7	6	3	5	7
ENSG00000011243.19	1174	1466	1345	1260	937	1216
ENSG00000011258.16	1302	1370	1388	1675	1407	1736
ENSG00000011260.14	3745	3701	3746	3482	3334	4146
ENSG00000011275.19	1246	1701	1626	1606	1260	1687
ENSG00000011295.16	477	694	643	521	495	624
ENSG00000011304.22	1864	2104	2108	1369	1257	1619
ENSG00000011332.22	122	103	110	158	111	129
ENSG00000011347.10	566	767	648	669	540	694
ENSG00000011376.12	554	641	659	483	424	570
ENSG00000011405.14	1530	1866	1637	1815	1485	2068
ENSG00000011422.12	64	70	54	52	49	61
ENSG00000011426.11	3067	3265	3063	3075	2892	3826
ENSG00000011451.21	463	838	735	642	414	580
ENSG00000011454.18	2567	3064	2764	2949	2371	3082
ENSG00000011465.18	0	0	0	0	0	0
ENSG00000011478.13	75	95	124	107	104	93
ENSG00000011485.15	459	598	600	456	405	507
ENSG00000011523.15	344	421	433	464	332	386
ENSG00000011566.15	1057	1117	1125	1346	1177	1639
ENSG00000011590.14	1	1	1	0	1	1
ENSG00000011600.12	0	0	0	0	0	0
ENSG00000011638.11	67	58	75	76	37	63
ENSG00000011677.13	0	1	0	0	0	0
ENSG00000012048.24	2081	2595	2483	2731	2283	2939
ENSG00000012061.16	46	54	62	51	33	46
ENSG00000012124.17	14	12	15	21	7	26
ENSG00000012171.20	392	459	485	583	405	578
ENSG00000012174.12	237	260	299	214	180	260
ENSG00000012211.13	272	462	389	346	275	396
ENSG00000012223.13	1	0	0	0	0	0
ENSG00000012232.10	192	214	232	193	169	203
ENSG00000012504.15	0	0	0	0	0	0
ENSG00000012660.14	381	446	449	328	298	414
ENSG00000012779.12	0	0	0	0	0	0
ENSG00000012817.16	1	0	0	0	0	0
ENSG00000012822.16	93	108	124	150	115	133
ENSG00000012963.15	365	333	359	205	326	362
ENSG00000012983.12	684	737	754	936	763	1031
ENSG00000013016.16	215	302	301	188	173	216
ENSG00000013275.8	2970	3842	3536	2133	2133	2747
ENSG00000013288.9	202	284	278	320	268	292
ENSG00000013293.6	0	0	0	0	0	0
ENSG00000013297.12	1	0	1	0	0	2
ENSG00000013306.16	738	1198	1191	906	784	998
ENSG00000013364.19	136	172	142	143	143	193
ENSG00000013374.17	602	736	751	546	499	639
ENSG00000013375.17	451	486	470	415	431	548
ENSG00000013392.8	165	135	168	130	142	120
ENSG00000013441.17	1316	1208	1261	1530	1177	1626
ENSG00000013503.10	1111	1164	1094	918	791	1150
ENSG00000013523.11	1190	1422	1390	1552	1221	1487
ENSG00000013561.18	1059	1265	1168	794	745	1001
ENSG00000013563.14	168	214	215	179	145	166
ENSG00000013573.17	585	496	539	854	568	778
ENSG00000013583.10	872	889	934	480	469	628
ENSG00000013588.9	1566	1727	1773	1080	1116	1466
ENSG00000013619.15	56	63	73	45	55	49
ENSG00000013725.14	0	0	0	0	0	0
ENSG00000013810.21	2952	3404	3434	3616	2570	3504
ENSG00000014123.10	1182	1375	1288	1224	1064	1512
ENSG00000014138.9	63	97	82	72	67	62
ENSG00000014164.7	329	610	454	374	210	286
ENSG00000014216.16	3272	4077	3809	3055	2721	3714
ENSG00000014257.17	9	16	15	9	7	17
ENSG00000014641.21	3025	3098	3029	1798	2119	2448
ENSG00000014824.14	720	787	843	874	786	1081
ENSG00000014914.21	149	204	180	226	140	191
ENSG00000014919.13	37	49	55	44	41	51
ENSG00000015133.20	3743	4516	4271	4734	3405	4637
ENSG00000015153.15	104	143	123	114	87	129
ENSG00000015171.21	4028	4470	4052	3492	3149	4116
ENSG00000015285.12	29	67	68	75	59	68
ENSG00000015413.10	1	0	0	0	0	2
ENSG00000015475.19	186	229	304	175	136	177
ENSG00000015479.20	39	43	45	20	22	24
ENSG00000015520.15	0	2	3	1	2	2
ENSG00000015532.10	348	444	452	422	312	448
ENSG00000015568.13	0	0	0	0	0	0
ENSG00000015592.17	0	0	0	0	0	2
ENSG00000015676.18	1162	1333	1243	1120	945	1243
ENSG00000016082.15	0	0	1	0	0	0
ENSG00000016391.11	212	288	248	268	195	275
ENSG00000016402.14	7	3	7	8	2	5
ENSG00000016490.16	0	0	0	0	0	0
ENSG00000016602.9	0	0	0	0	0	0
ENSG00000016864.19	107	133	158	94	92	110
ENSG00000017260.20	1423	1523	1470	1519	1443	1949
ENSG00000017427.17	1	0	0	0	0	0
ENSG00000017483.16	0	0	2	2	1	0
ENSG00000017797.13	1257	1527	1353	1192	1051	1354
ENSG00000018189.13	663	612	620	973	751	910
ENSG00000018236.15	0	0	0	0	0	0
ENSG00000018280.17	0	0	0	0	0	0
ENSG00000018408.15	81	121	90	50	62	84
ENSG00000018510.18	0	1	0	1	0	0
ENSG00000018610.15	299	323	300	239	248	283
ENSG00000018625.15	0	1	0	0	0	0
ENSG00000018699.13	781	828	859	694	647	945
ENSG00000018869.18	0	0	0	0	0	0
ENSG00000019102.12	0	0	0	1	0	2
ENSG00000019144.20	333	466	441	472	324	479
ENSG00000019169.11	0	0	0	0	0	0
ENSG00000019186.10	10	26	27	11	9	16
ENSG00000019485.14	70	108	112	122	74	102
ENSG00000019505.8	1	3	2	0	0	1
ENSG00000019549.13	0	0	0	0	0	0
ENSG00000019582.17	0	0	0	0	0	0
ENSG00000019991.18	0	0	0	0	0	0
ENSG00000019995.6	937	1142	1037	793	698	869
ENSG00000020129.16	277	301	327	351	280	353
ENSG00000020181.18	16	5	7	11	4	8
ENSG00000020256.20	190	298	258	157	137	221
ENSG00000020426.11	1230	1251	1258	815	897	1105
ENSG00000020577.14	135	243	192	228	111	207
ENSG00000020633.19	0	1	0	0	0	0
ENSG00000020922.13	814	863	719	756	751	1009
ENSG00000021300.14	12	22	27	5	19	12
ENSG00000021355.13	335	341	346	271	255	319
ENSG00000021461.18	0	0	0	0	0	0
ENSG00000021488.13	0	1	0	0	1	0
ENSG00000021574.14	580	639	631	435	443	529
ENSG00000021645.20	1	0	2	0	0	0
ENSG00000021762.20	163	198	179	152	103	169
ENSG00000021776.11	3338	3986	3693	3319	2958	3874
ENSG00000021826.18	10	5	8	4	8	17
ENSG00000021852.14	0	0	0	0	0	0
ENSG00000022267.19	15	29	23	9	12	7
ENSG00000022277.13	2289	2794	2686	1848	1663	2259
ENSG00000022355.18	0	0	0	0	0	0
ENSG00000022556.16	0	0	0	1	0	0
ENSG00000022567.10	116	180	152	127	88	120
ENSG00000022840.17	3540	4543	4529	3785	2705	3517
ENSG00000022976.16	1493	1788	1686	2557	1852	2487
ENSG00000023041.12	381	426	458	616	469	649
ENSG00000023171.20	2	0	1	2	0	1
ENSG00000023191.17	384	368	395	226	250	258
ENSG00000023228.14	3934	4147	3987	3209	3304	4306
ENSG00000023287.13	756	936	765	896	617	907
ENSG00000023318.9	392	533	463	374	434	554
ENSG00000023330.15	698	719	826	519	496	669
ENSG00000023445.16	2	7	6	7	5	4
ENSG00000023516.9	3419	4218	3943	4111	3632	5074
ENSG00000023572.10	276	333	304	172	167	221
ENSG00000023608.5	374	467	410	427	379	515
ENSG00000023697.13	275	358	336	232	221	316
ENSG00000023734.11	1397	1517	1511	1232	1255	1770
ENSG00000023839.12	32	37	41	54	35	51
ENSG00000023892.12	580	705	674	643	464	644
ENSG00000023902.14	196	236	179	165	126	150
ENSG00000023909.10	46	88	78	48	66	64
ENSG00000024048.11	2146	2269	2325	2158	1774	2424
ENSG00000024422.12	308	287	358	179	185	244
ENSG00000024526.17	462	472	471	502	470	575
ENSG00000024862.18	152	169	171	84	83	119
ENSG00000025039.15	33	35	26	24	18	47
ENSG00000025156.13	219	228	197	205	187	269
ENSG00000025293.17	437	601	443	469	407	550
ENSG00000025423.11	24	36	35	19	20	42
ENSG00000025434.19	42	49	81	77	69	73
ENSG00000025708.14	33	38	38	21	28	21
ENSG00000025770.19	491	573	523	584	471	642
ENSG00000025772.8	159	181	251	124	84	153
ENSG00000025796.14	2119	2546	2315	1838	1621	2138
ENSG00000025800.14	1260	1465	1417	1018	916	1221
ENSG00000026025.16	3	10	7	6	5	7
ENSG00000026036.23	5	6	3	2	1	1
ENSG00000026103.25	55	72	56	54	38	71
ENSG00000026297.17	24	31	40	24	36	26
ENSG00000026508.21	1135	1496	1331	1173	1046	1332
ENSG00000026559.14	85	142	105	123	86	121
ENSG00000026652.15	0	4	0	0	1	1
ENSG00000026751.17	0	0	0	0	0	0
ENSG00000026950.17	3	1	12	5	2	7
ENSG00000027001.10	469	528	536	433	379	470
ENSG00000027075.17	978	1127	1089	715	608	780
ENSG00000027644.5	1	0	0	0	0	0
ENSG00000027697.16	428	440	435	364	333	420
ENSG00000027847.14	137	183	175	117	120	133
ENSG00000027869.12	0	1	1	1	1	3
ENSG00000028116.18	1156	1130	1091	924	865	1193
ENSG00000028137.19	0	0	0	0	0	0
ENSG00000028203.19	1044	1264	1249	1140	988	1365
ENSG00000028277.22	0	4	5	2	1	0
ENSG00000028310.18	907	1230	1027	1109	808	1051
ENSG00000028528.15	1906	2041	2085	2202	1885	2451
ENSG00000028839.10	71	111	67	157	124	160
ENSG00000029153.15	160	160	138	177	139	159
ENSG00000029363.17	3008	3814	3225	2487	1981	2690
ENSG00000029364.12	164	241	249	163	149	214
ENSG00000029534.22	12	30	25	27	12	32
ENSG00000029559.7	18	15	2	12	6	11
ENSG00000029639.11	149	168	160	189	165	218
ENSG00000029725.17	3060	3715	3406	3400	2598	3475
ENSG00000029993.15	3519	3408	3282	1886	2229	2348
ENSG00000030066.14	3892	4734	4762	4359	3854	5253
ENSG00000030110.14	3	7	4	4	6	9
ENSG00000030304.15	0	0	0	0	0	0
ENSG00000030419.17	183	223	239	189	149	194
ENSG00000030582.18	543	600	638	375	411	496
ENSG00000031003.11	1663	1937	1839	2009	1648	2170
ENSG00000031081.11	1	0	0	0	4	7
ENSG00000031691.7	325	360	355	376	328	440
ENSG00000031698.13	6815	7117	6947	4268	4352	5359
ENSG00000031823.14	320	406	407	424	330	432
ENSG00000032219.19	3203	3568	3461	3090	2547	3353
ENSG00000032389.13	486	672	623	355	326	379
ENSG00000032444.17	379	518	513	398	309	446
ENSG00000032742.18	426	543	450	498	398	541
ENSG00000033011.14	218	290	266	176	157	227
ENSG00000033030.15	624	763	635	793	683	843
ENSG00000033050.9	0	0	0	0	0	0
ENSG00000033100.17	292	429	359	370	275	376
ENSG00000033122.21	0	0	0	0	0	0
ENSG00000033170.17	1905	2295	2234	1547	1296	1715
ENSG00000033178.13	1192	1265	1295	1645	1425	1871
ENSG00000033327.13	298	417	408	292	216	298
ENSG00000033627.18	646	672	615	652	684	873
ENSG00000033800.14	310	383	356	360	277	427
ENSG00000033867.17	1367	1351	1327	1593	1324	1694
ENSG00000034053.15	0	2	3	3	4	2
ENSG00000034152.19	683	829	807	567	501	652
ENSG00000034239.11	0	0	0	0	0	0
ENSG00000034510.6	4627	5337	4551	1671	1700	2278
ENSG00000034533.12	204	288	265	210	176	253
ENSG00000034677.13	1128	1353	1370	1431	1263	1697
ENSG00000034693.15	162	208	209	148	173	198
ENSG00000034713.8	689	653	626	255	301	258
ENSG00000034971.17	0	0	0	0	0	0
ENSG00000035115.22	880	996	973	1147	948	1297
ENSG00000035141.8	1712	1828	1826	891	851	956
ENSG00000035403.18	1636	1730	1701	1470	1308	1545
ENSG00000035499.13	583	707	759	692	672	917
ENSG00000035664.11	523	596	599	602	495	683
ENSG00000035681.9	1138	1370	1202	981	863	1163
ENSG00000035687.10	1186	1147	1237	1019	1116	1416
ENSG00000035720.8	0	0	0	0	0	0
ENSG00000035862.12	22	37	25	23	31	39
ENSG00000035928.17	1884	2262	2134	1714	1548	2066
ENSG00000036054.13	595	635	600	656	569	729
ENSG00000036257.14	2009	2556	2206	1794	1681	2331
ENSG00000036448.10	0	0	0	0	0	0
ENSG00000036473.8	0	0	0	0	0	0
ENSG00000036530.9	26	29	23	29	32	43
ENSG00000036549.13	1225	1346	1323	1262	968	1425
ENSG00000036565.15	0	0	0	0	0	0
ENSG00000036672.16	32	46	35	33	39	41
ENSG00000036828.17	0	1	0	1	0	0
ENSG00000037042.9	67	101	134	132	93	147
ENSG00000037241.7	131	116	117	65	104	90
ENSG00000037280.16	41	46	55	69	35	57
ENSG00000037474.15	3820	4340	4211	3628	3205	4353
ENSG00000037637.11	231	332	288	268	210	298
ENSG00000037749.13	374	419	444	316	299	423
ENSG00000037757.14	364	383	380	673	454	563
ENSG00000037897.17	217	225	256	199	204	219
ENSG00000037965.6	64	61	47	30	35	64
ENSG00000038002.9	362	309	371	274	270	339
ENSG00000038210.14	279	393	384	250	246	358
ENSG00000038219.13	3484	4146	3712	3445	2822	3610
ENSG00000038274.18	497	557	571	366	375	494
ENSG00000038295.8	0	2	1	1	1	0
ENSG00000038358.15	1415	1703	1701	1395	1200	1628
ENSG00000038382.23	5190	6778	6304	7514	5269	7472
ENSG00000038427.16	0	0	1	0	0	0
ENSG00000038532.17	805	1083	967	904	693	953
ENSG00000038945.15	0	0	0	0	0	0
ENSG00000039068.20	10583	12366	12303	8797	8990	12049
ENSG00000039123.16	3180	3436	3219	2902	2939	3909
ENSG00000039139.11	94	100	91	114	82	119
ENSG00000039319.17	672	759	758	952	899	1111
ENSG00000039523.20	573	719	663	814	584	749
ENSG00000039537.15	0	0	0	0	1	0
ENSG00000039560.14	830	1028	854	753	604	881
ENSG00000039600.11	1	0	0	3	0	1
ENSG00000039650.12	206	208	232	334	233	299
ENSG00000039987.7	1	0	0	0	4	3
ENSG00000040199.18	1779	2078	2116	2176	1685	2240
ENSG00000040275.17	964	1151	987	1068	913	1120
ENSG00000040341.18	373	424	408	314	311	401
ENSG00000040487.13	33	47	55	34	24	41
ENSG00000040531.16	73	86	82	67	64	91
ENSG00000040608.14	3	11	4	9	5	7
ENSG00000040633.13	1144	1158	1072	1016	832	1078
ENSG00000040731.10	0	0	0	0	0	0
ENSG00000040933.16	810	1117	1017	1410	897	1277
ENSG00000041353.10	198	245	271	171	172	214
ENSG00000041357.16	7357	8701	8512	5513	5857	7125
ENSG00000041515.16	25	27	18	18	21	25
ENSG00000041802.11	2603	3035	3080	2467	2219	2772
ENSG00000041880.15	93	113	88	87	81	123
ENSG00000041982.17	0	0	1	0	0	0
ENSG00000041988.16	18	24	20	19	19	21
ENSG00000042062.13	85	122	95	145	77	94
ENSG00000042088.14	857	985	882	686	666	948
ENSG00000042286.15	1262	1319	1550	820	798	915
ENSG00000042317.17	39	52	59	49	40	63
ENSG00000042429.12	2	7	3	9	5	0
ENSG00000042445.14	414	445	480	405	387	436
ENSG00000042493.16	44	39	76	31	28	45
ENSG00000042753.12	672	798	797	318	365	363
ENSG00000042781.14	0	0	1	0	0	0
ENSG00000042813.8	0	0	0	0	0	0
ENSG00000042832.12	0	2	2	0	0	4
ENSG00000042980.14	0	0	0	0	0	0
ENSG00000043039.7	12	22	16	14	5	23
ENSG00000043093.15	343	342	426	340	344	441
ENSG00000043143.22	1310	1971	1643	1632	1166	1566
ENSG00000043355.12	15	26	27	29	18	27
ENSG00000043462.13	0	0	1	0	0	0
ENSG00000043514.17	162	205	163	183	139	200
ENSG00000043591.6	5	7	5	3	3	9
ENSG00000044012.4	0	0	0	0	0	0
ENSG00000044090.13	1268	1680	1350	1280	1016	1234
ENSG00000044115.21	10741	10842	10806	7797	7800	10100
ENSG00000044446.12	566	698	740	877	677	948
ENSG00000044459.15	0	1	1	3	1	0
ENSG00000044524.11	0	0	0	0	0	0
ENSG00000044574.9	3603	3515	3642	2628	2761	3619
ENSG00000046604.14	1294	1425	1370	1133	1166	1607
ENSG00000046647.14	168	156	176	126	126	159
ENSG00000046651.16	921	1072	975	1192	874	1205
ENSG00000046653.15	2	5	3	1	1	1
ENSG00000046774.10	1	0	1	1	2	0
ENSG00000046889.19	0	0	0	0	0	0
ENSG00000047056.18	390	584	557	570	392	538
ENSG00000047188.16	833	865	956	1222	1038	1334
ENSG00000047230.15	1327	1407	1460	1321	1092	1518
ENSG00000047249.18	1259	1410	1317	1025	1000	1328
ENSG00000047315.17	4768	5187	5246	4430	4303	5681
ENSG00000047346.13	364	527	458	603	481	703
ENSG00000047365.13	371	387	424	425	322	468
ENSG00000047410.14	16706	17148	15938	17676	15223	20505
ENSG00000047457.14	3	2	3	1	1	7
ENSG00000047578.14	1130	1439	1361	1523	1156	1423
ENSG00000047579.20	400	400	481	309	243	317
ENSG00000047597.7	5	12	18	10	8	15
ENSG00000047617.17	2	2	9	4	1	8
ENSG00000047621.12	342	346	360	402	361	468
ENSG00000047634.15	78	132	147	160	131	145
ENSG00000047644.20	2041	2817	2593	2750	1914	2582
ENSG00000047648.23	0	1	0	0	0	1
ENSG00000047662.5	9	8	9	9	1	6
ENSG00000047849.22	1528	1933	1724	1456	1301	1765
ENSG00000047932.14	201	232	222	191	196	227
ENSG00000047936.11	0	0	0	0	0	0
ENSG00000048028.12	498	521	488	543	376	544
ENSG00000048052.24	3	4	8	1	4	3
ENSG00000048140.18	221	320	335	316	220	309
ENSG00000048162.22	2540	3081	2799	1714	1656	1959
ENSG00000048342.18	281	326	280	285	231	263
ENSG00000048392.13	563	565	589	400	475	578
ENSG00000048405.11	185	204	161	200	170	255
ENSG00000048462.11	0	0	0	0	0	0
ENSG00000048471.14	394	458	437	375	286	422
ENSG00000048540.16	0	0	0	0	0	0
ENSG00000048544.6	65	57	92	27	52	57
ENSG00000048545.18	0	0	0	0	0	0
ENSG00000048649.14	3696	4200	3845	3423	2926	3933
ENSG00000048707.15	2843	3616	3392	3781	2981	3974
ENSG00000048740.19	0	0	0	0	0	0
ENSG00000048828.18	4692	6408	6036	4782	3745	5372
ENSG00000048991.17	884	1109	1032	1145	833	1102
ENSG00000049089.15	16	30	18	16	24	21
ENSG00000049130.16	52	46	46	44	43	61
ENSG00000049167.16	341	345	361	339	305	381
ENSG00000049192.15	1	3	2	3	0	0
ENSG00000049239.13	59	113	112	112	99	142
ENSG00000049245.13	1180	1168	1162	596	612	689
ENSG00000049246.15	832	1014	1038	1064	711	996
ENSG00000049247.14	0	0	0	0	0	0
ENSG00000049249.10	0	0	0	0	0	0
ENSG00000049283.19	942	1120	1033	877	743	1014
ENSG00000049323.16	659	842	784	569	500	721
ENSG00000049449.10	114	66	82	53	63	61
ENSG00000049540.19	0	0	0	0	0	1
ENSG00000049541.11	577	641	651	489	418	569
ENSG00000049618.25	1231	1866	1640	1197	1031	1352
ENSG00000049656.14	559	633	609	617	494	599
ENSG00000049759.20	228	240	234	226	208	265
ENSG00000049768.18	11	14	9	14	10	2
ENSG00000049769.14	139	151	151	163	111	150
ENSG00000049860.14	1496	1704	1624	1226	1203	1842
ENSG00000049883.15	233	235	241	257	261	299
ENSG00000050030.16	81	85	106	77	60	61
ENSG00000050130.18	255	337	305	239	245	340
ENSG00000050165.19	0	0	0	0	0	0
ENSG00000050327.15	266	326	346	312	241	313
ENSG00000050344.9	69	86	89	56	42	63
ENSG00000050393.12	219	327	304	305	292	357
ENSG00000050405.14	1715	1842	1753	1262	1272	1797
ENSG00000050426.16	279	348	393	371	296	414
ENSG00000050438.17	559	592	625	762	599	794
ENSG00000050555.19	13	15	21	19	19	21
ENSG00000050628.21	6	4	5	4	4	0
ENSG00000050730.16	0	0	0	0	0	0
ENSG00000050748.18	2278	2566	2393	2591	2046	2591
ENSG00000050767.18	2	7	7	7	2	7
ENSG00000050820.17	632	962	905	715	530	783
ENSG00000051009.11	136	218	188	261	177	256
ENSG00000051108.15	167	166	242	164	171	195
ENSG00000051128.19	65	81	68	52	36	73
ENSG00000051180.17	419	502	478	289	309	414
ENSG00000051341.15	3280	3574	3537	4862	3704	4698
ENSG00000051382.9	1106	1140	1100	1252	1064	1400
ENSG00000051523.12	738	758	873	461	412	439
ENSG00000051596.10	13	15	20	6	21	10
ENSG00000051620.11	107	96	132	136	108	134
ENSG00000051825.15	1408	1504	1411	1969	1467	2115
ENSG00000052126.16	445	556	589	567	457	562
ENSG00000052344.16	221	217	253	159	129	196
ENSG00000052723.12	1869	1774	1784	1499	1455	1856
ENSG00000052749.14	2888	3249	2900	2145	1866	2407
ENSG00000052795.13	130	174	162	113	129	154
ENSG00000052802.13	237	271	293	315	390	494
ENSG00000052841.16	843	871	837	954	778	1067
ENSG00000052850.8	0	0	0	0	0	0
ENSG00000053108.17	2	8	3	5	4	7
ENSG00000053254.16	146	219	172	186	163	193
ENSG00000053328.9	0	0	0	0	0	0
ENSG00000053371.13	220	256	247	193	190	187
ENSG00000053372.5	1124	1174	1152	719	777	836
ENSG00000053438.11	0	0	0	0	0	0
ENSG00000053501.14	246	255	203	172	127	170
ENSG00000053524.13	81	94	98	98	84	78
ENSG00000053702.15	0	0	0	0	0	0
ENSG00000053747.17	98	167	140	212	164	222
ENSG00000053770.12	136	178	199	255	206	259
ENSG00000053900.11	1090	1167	1177	1065	1009	1434
ENSG00000053918.18	6	11	6	13	5	8
ENSG00000054116.12	338	366	364	223	256	320
ENSG00000054118.15	12112	16786	14449	9765	8093	10944
ENSG00000054148.18	503	535	525	284	258	250
ENSG00000054179.12	117	113	114	119	68	91
ENSG00000054219.11	0	0	0	0	0	0
ENSG00000054267.22	2566	2801	2637	2761	2192	2988
ENSG00000054277.14	3	8	7	7	4	8
ENSG00000054282.16	62	64	45	87	62	89
ENSG00000054356.14	1	0	1	0	0	0
ENSG00000054392.13	23	21	29	34	25	30
ENSG00000054523.20	2281	2645	2460	2360	1976	2469
ENSG00000054598.9	37	51	64	37	27	32
ENSG00000054611.14	75	108	113	87	64	96
ENSG00000054654.20	9213	11590	9750	12677	9980	13902
ENSG00000054690.14	1526	1833	1676	2441	1573	2142
ENSG00000054793.14	3462	4689	4392	4222	3181	4314
ENSG00000054796.13	1	0	0	0	4	2
ENSG00000054803.4	0	0	0	0	0	0
ENSG00000054938.17	0	0	0	0	0	0
ENSG00000054965.11	3	5	12	7	3	7
ENSG00000054967.13	89	118	97	118	68	109
ENSG00000054983.17	754	770	745	554	561	708
ENSG00000055044.11	3544	3895	3784	3538	3100	4075
ENSG00000055070.17	700	799	787	557	484	685
ENSG00000055118.17	31	40	43	40	31	43
ENSG00000055130.18	2427	2534	2491	2250	2092	2563
ENSG00000055147.19	348	401	349	377	302	386
ENSG00000055163.21	573	723	720	595	426	596
ENSG00000055208.20	625	776	714	675	418	656
ENSG00000055211.14	313	422	376	414	387	518
ENSG00000055332.19	1424	1504	1404	1073	1014	1505
ENSG00000055483.20	1132	1607	1446	1387	1000	1366
ENSG00000055609.21	9601	11863	10504	11612	9400	11677
ENSG00000055732.13	21	26	37	42	31	55
ENSG00000055813.6	2	2	0	1	0	2
ENSG00000055917.17	1890	2076	1976	1677	1469	2006
ENSG00000055950.17	395	349	365	225	230	240
ENSG00000055955.17	1	4	1	5	4	4
ENSG00000055957.11	0	0	0	2	0	0
ENSG00000056050.7	317	348	391	258	249	347
ENSG00000056097.16	6175	6888	6030	5687	5130	7152
ENSG00000056277.16	206	263	218	255	193	279
ENSG00000056291.19	0	0	0	0	0	0
ENSG00000056487.16	2	1	4	4	3	1
ENSG00000056558.11	17	12	17	26	27	27
ENSG00000056586.16	1563	1862	1645	1786	1328	1761
ENSG00000056736.10	86	69	71	88	58	83
ENSG00000056972.21	219	231	271	210	161	242
ENSG00000056998.20	63	97	81	59	37	56
ENSG00000057019.16	692	683	666	583	516	706
ENSG00000057149.16	0	0	0	0	0	0
ENSG00000057252.13	362	410	452	329	359	469
ENSG00000057294.17	374	479	451	283	237	303
ENSG00000057468.7	1	0	0	0	1	0
ENSG00000057593.14	13	12	16	20	7	18
ENSG00000057608.17	6938	7707	7315	5553	5912	7666
ENSG00000057657.17	0	0	0	0	0	0
ENSG00000057663.16	222	260	230	267	264	313
ENSG00000057704.13	4	12	12	6	5	13
ENSG00000057757.10	243	264	241	182	158	233
ENSG00000057935.14	637	794	814	562	571	698
ENSG00000058056.10	1348	1611	1523	1299	1212	1601
ENSG00000058063.16	1285	1390	1323	1103	1027	1283
ENSG00000058085.15	42	48	46	36	28	48
ENSG00000058091.17	1	2	0	0	0	0
ENSG00000058262.11	5314	6353	5756	3077	3077	3950
ENSG00000058272.19	3963	4167	3868	3919	3370	4582
ENSG00000058335.16	0	3	1	0	0	0
ENSG00000058404.21	24	42	39	91	44	55
ENSG00000058453.17	289	370	411	467	315	441
ENSG00000058600.16	1175	1386	1370	1474	1147	1476
ENSG00000058668.16	192	258	285	308	239	281
ENSG00000058673.17	4416	4816	4576	5342	4421	5693
ENSG00000058729.11	992	1246	1122	890	833	1160
ENSG00000058799.15	243	312	295	247	255	258
ENSG00000058804.12	284	373	344	226	233	318
ENSG00000058866.15	4	3	6	1	3	0
ENSG00000059122.17	442	540	497	692	511	657
ENSG00000059145.19	449	644	490	731	415	616
ENSG00000059377.18	0	1	0	0	4	0
ENSG00000059378.13	116	182	183	150	113	193
ENSG00000059573.9	2607	3105	2881	1946	1811	2289
ENSG00000059588.10	798	922	894	1356	1084	1447
ENSG00000059691.12	454	545	501	292	284	397
ENSG00000059728.11	138	128	168	156	114	133
ENSG00000059758.8	435	477	444	494	381	547
ENSG00000059769.20	484	555	482	595	468	714
ENSG00000059804.16	0	0	2	0	1	1
ENSG00000059915.17	31	59	65	79	38	91
ENSG00000060069.18	56	61	52	52	50	54
ENSG00000060138.13	2823	2888	2918	2100	1836	2225
ENSG00000060140.9	47	50	59	71	52	81
ENSG00000060237.19	4635	5542	5403	4731	3655	4869
ENSG00000060339.14	4310	5208	4629	4756	4066	5605
ENSG00000060491.17	2147	2831	2557	1977	1693	2102
ENSG00000060558.4	14	7	17	7	9	12
ENSG00000060566.14	0	0	0	0	0	1
ENSG00000060642.12	22	30	43	23	27	38
ENSG00000060656.20	366	502	471	464	368	501
ENSG00000060688.13	496	493	533	518	534	711
ENSG00000060709.16	0	2	3	0	2	0
ENSG00000060718.22	0	0	0	0	0	0
ENSG00000060749.16	1839	2273	2052	2161	1721	2266
ENSG00000060762.19	147	203	207	52	79	102
ENSG00000060971.19	594	544	689	455	373	553
ENSG00000060982.15	1	3	1	1	3	3
ENSG00000061273.18	267	490	406	367	241	367
ENSG00000061337.15	0	1	0	0	0	4
ENSG00000061455.11	13	35	24	20	15	22
ENSG00000061492.12	0	0	0	0	0	0
ENSG00000061656.11	7	7	1	7	7	9
ENSG00000061676.16	4675	5709	5217	4728	4432	5900
ENSG00000061794.13	1708	1833	1647	1462	1530	1911
ENSG00000061918.14	0	0	0	0	0	0
ENSG00000061936.10	1524	1769	1682	1616	1176	1584
ENSG00000061938.21	1265	1662	1635	1811	1320	1747
ENSG00000061987.16	2988	3333	3391	4335	3624	4830
ENSG00000062038.15	1065	1254	1233	868	932	1150
ENSG00000062096.15	0	0	0	0	0	1
ENSG00000062194.16	883	1127	977	980	838	1046
ENSG00000062282.15	21	26	35	14	16	26
ENSG00000062370.17	36	30	18	38	15	30
ENSG00000062485.19	1171	1067	1079	967	933	1127
ENSG00000062524.16	0	3	2	1	0	0
ENSG00000062582.14	142	220	201	131	98	160
ENSG00000062598.18	444	561	584	549	382	514
ENSG00000062650.20	3293	3618	3585	2983	2572	3310
ENSG00000062716.13	5052	6171	6013	5031	4901	6290
ENSG00000062725.10	6069	6209	6288	6675	6349	7798
ENSG00000062822.16	802	1003	958	821	615	908
ENSG00000063015.21	0	0	0	0	0	0
ENSG00000063046.18	3224	2979	3201	3056	2767	3284
ENSG00000063127.16	12	35	18	47	25	46
ENSG00000063169.12	182	267	231	236	153	212
ENSG00000063176.16	46	78	84	67	62	58
ENSG00000063177.13	2633	2437	2721	1205	1522	1532
ENSG00000063180.9	10	8	11	5	5	13
ENSG00000063241.8	95	123	113	76	64	82
ENSG00000063244.14	3450	3791	3606	2318	2177	2827
ENSG00000063245.15	1949	2780	2591	2137	1520	1997
ENSG00000063322.15	76	104	104	87	72	106
ENSG00000063438.20	88	120	94	131	101	115
ENSG00000063515.3	0	2	1	0	0	0
ENSG00000063587.15	117	168	133	159	106	148
ENSG00000063601.17	777	952	908	822	753	939
ENSG00000063660.9	107	127	118	110	87	115
ENSG00000063761.16	229	339	253	243	225	277
ENSG00000063854.13	504	601	570	332	360	464
ENSG00000063978.17	968	827	825	628	427	502
ENSG00000064012.24	325	397	349	309	301	395
ENSG00000064042.18	205	253	175	177	165	254
ENSG00000064102.15	2327	2605	2432	2001	1856	2498
ENSG00000064115.11	991	1310	1289	1178	964	1335
ENSG00000064195.7	40	53	70	40	35	52
ENSG00000064199.7	56	70	61	45	43	36
ENSG00000064201.16	1	0	0	0	0	0
ENSG00000064205.11	12	19	9	13	16	11
ENSG00000064218.5	0	0	0	0	0	0
ENSG00000064225.13	0	0	0	0	0	0
ENSG00000064270.13	952	1064	1019	1044	827	1158
ENSG00000064300.9	2	5	1	0	1	1
ENSG00000064309.16	95	97	101	141	127	203
ENSG00000064313.13	1175	1463	1474	1507	1242	1716
ENSG00000064393.16	1599	2361	1829	1713	1099	1509
ENSG00000064419.14	1884	2222	2158	1877	1540	2028
ENSG00000064489.23	0	0	0	0	0	0
ENSG00000064490.14	146	177	199	139	115	152
ENSG00000064545.15	296	301	329	232	199	307
ENSG00000064547.14	21	56	53	34	40	35
ENSG00000064601.21	357	385	464	377	307	454
ENSG00000064607.17	1788	2259	2253	2740	2120	2669
ENSG00000064651.14	3546	3608	3635	3650	3307	4882
ENSG00000064652.11	74	135	96	78	97	116
ENSG00000064655.19	83	93	75	55	45	80
ENSG00000064666.15	281	321	302	164	182	227
ENSG00000064687.13	279	378	389	528	426	549
ENSG00000064692.20	32	33	24	24	22	24
ENSG00000064703.13	1552	1590	1622	1357	1240	1730
ENSG00000064726.10	240	321	331	263	288	375
ENSG00000064763.12	2	5	1	7	2	15
ENSG00000064787.14	2388	2765	2815	2719	2228	2902
ENSG00000064835.12	0	0	0	0	0	0
ENSG00000064886.14	0	0	0	0	0	0
ENSG00000064932.16	408	517	498	647	411	519
ENSG00000064933.19	375	447	391	517	412	593
ENSG00000064961.19	1824	2372	2201	1951	1582	2050
ENSG00000064989.13	0	0	0	0	0	0
ENSG00000064995.19	887	1045	985	673	625	746
ENSG00000064999.16	529	822	746	721	603	683
ENSG00000065000.20	3837	5123	4445	3514	2571	3490
ENSG00000065029.15	176	219	250	317	212	290
ENSG00000065054.14	1026	1254	1186	677	692	888
ENSG00000065057.9	292	348	314	173	204	235
ENSG00000065060.18	1066	1361	1341	1212	1077	1401
ENSG00000065135.12	1953	2334	2411	1386	1599	1950
ENSG00000065150.21	3662	3930	3897	3064	2937	3862
ENSG00000065154.12	1347	1467	1408	1037	1003	1166
ENSG00000065183.16	3558	3922	3779	2802	2638	3660
ENSG00000065243.20	1687	1676	1749	1891	1608	2044
ENSG00000065268.11	198	239	276	138	155	183
ENSG00000065308.5	149	214	200	157	131	152
ENSG00000065320.9	26	42	31	29	21	33
ENSG00000065325.13	0	0	0	0	0	0
ENSG00000065328.17	4027	4488	4208	3377	2905	3745
ENSG00000065357.20	139	173	132	171	155	190
ENSG00000065361.17	2428	3058	2755	2447	2162	2798
ENSG00000065371.18	0	0	0	0	0	0
ENSG00000065413.20	72	84	73	88	69	91
ENSG00000065427.15	5186	5667	5454	2981	2932	3807
ENSG00000065457.11	991	1358	1208	1251	1149	1275
ENSG00000065485.20	486	535	510	552	419	524
ENSG00000065491.8	514	596	528	410	369	477
ENSG00000065518.8	253	269	311	151	184	180
ENSG00000065526.13	4829	6861	5661	5467	3887	5387
ENSG00000065534.20	65	90	82	98	66	80
ENSG00000065548.18	10426	10686	10331	9039	8763	11234
ENSG00000065559.15	148	126	177	141	122	164
ENSG00000065600.13	119	110	130	98	83	121
ENSG00000065609.15	2	1	2	0	1	1
ENSG00000065613.15	3644	4458	4125	3669	3140	3974
ENSG00000065615.14	193	217	208	171	182	235
ENSG00000065618.21	8	11	8	23	9	17
ENSG00000065621.15	240	224	237	147	169	192
ENSG00000065665.21	135	150	169	160	132	177
ENSG00000065675.16	0	0	0	0	0	0
ENSG00000065717.15	343	543	495	478	298	478
ENSG00000065802.12	103	146	154	139	99	114
ENSG00000065809.14	174	229	178	143	133	151
ENSG00000065833.9	2403	2786	2752	1849	1983	2432
ENSG00000065882.18	365	557	527	449	354	513
ENSG00000065883.18	1002	1273	1197	1172	880	1193
ENSG00000065911.13	3178	3297	3142	2182	2174	2726
ENSG00000065923.10	1322	1506	1340	1475	1062	1557
ENSG00000065970.9	151	238	204	188	118	192
ENSG00000065978.19	3472	2120	2586	2768	2477	2742
ENSG00000065989.16	384	533	458	451	332	381
ENSG00000066027.12	300	325	303	278	305	402
ENSG00000066032.19	1	0	0	0	1	0
ENSG00000066044.15	1120	1294	1345	644	610	740
ENSG00000066056.14	0	0	0	0	0	0
ENSG00000066084.13	3225	3408	3505	3147	2840	3631
ENSG00000066117.15	713	699	704	736	614	775
ENSG00000066135.13	841	1054	933	986	772	1091
ENSG00000066136.21	267	325	327	217	216	212
ENSG00000066185.13	0	0	0	0	0	0
ENSG00000066230.12	1	4	5	5	6	3
ENSG00000066248.15	93	89	85	65	47	89
ENSG00000066279.19	3989	5397	4867	5815	4509	6437
ENSG00000066294.15	0	0	0	0	0	0
ENSG00000066322.15	226	240	286	128	137	123
ENSG00000066336.12	0	2	3	1	0	0
ENSG00000066379.15	113	89	97	40	55	78
ENSG00000066382.17	103	129	115	94	85	88
ENSG00000066405.13	0	0	0	0	0	0
ENSG00000066422.7	1761	2062	1885	1998	1779	2324
ENSG00000066427.25	1154	1133	1135	887	904	1133
ENSG00000066455.13	1509	1863	1666	1340	1152	1542
ENSG00000066468.24	246	291	261	258	245	305
ENSG00000066557.6	197	241	220	162	167	212
ENSG00000066583.12	1637	1715	1720	1077	1154	1328
ENSG00000066629.19	258	318	310	252	251	310
ENSG00000066651.20	336	383	316	406	299	499
ENSG00000066654.14	569	681	669	542	551	684
ENSG00000066697.15	476	631	609	468	387	487
ENSG00000066735.16	1295	2136	1795	1460	1104	1556
ENSG00000066739.12	1955	2195	2046	2183	1799	2558
ENSG00000066777.9	1725	1847	1783	2514	2098	2653
ENSG00000066813.14	0	0	0	0	0	0
ENSG00000066827.16	273	325	340	304	194	286
ENSG00000066855.16	797	846	890	647	602	828
ENSG00000066923.18	3	4	3	3	8	5
ENSG00000066926.13	977	1246	1200	675	685	880
ENSG00000066933.16	3925	4770	4340	4418	3627	4804
ENSG00000067048.17	0	2	2	0	0	1
ENSG00000067057.19	5291	6118	5957	4655	3920	5339
ENSG00000067064.13	955	1350	1158	1009	1197	1304
ENSG00000067066.17	121	189	149	104	113	124
ENSG00000067082.15	352	398	420	341	291	399
ENSG00000067113.17	83	96	60	71	62	98
ENSG00000067141.17	808	1019	1069	921	861	1145
ENSG00000067167.8	194	219	243	179	210	263
ENSG00000067177.15	525	673	722	654	516	639
ENSG00000067182.9	655	868	813	607	484	704
ENSG00000067191.17	306	388	389	557	400	436
ENSG00000067208.16	274	296	247	236	193	282
ENSG00000067221.14	110	114	103	105	64	86
ENSG00000067225.21	57706	55879	57064	31515	36312	41606
ENSG00000067248.11	1453	1675	1625	1566	1505	1964
ENSG00000067334.14	2059	2141	2005	1628	1380	2029
ENSG00000067365.15	145	210	182	195	145	220
ENSG00000067369.14	2016	2336	2133	2354	1914	2580
ENSG00000067445.22	0	0	0	0	0	0
ENSG00000067533.6	1944	2207	2123	1324	1446	1804
ENSG00000067560.14	2121	2129	2382	1333	1637	1914
ENSG00000067596.12	1214	1401	1453	1266	1111	1418
ENSG00000067606.17	363	443	391	447	254	345
ENSG00000067646.12	0	0	0	0	0	0
ENSG00000067704.10	3879	4651	4347	3527	3177	4475
ENSG00000067715.15	171	176	172	128	110	173
ENSG00000067798.16	0	0	0	0	0	1
ENSG00000067829.20	948	967	980	650	679	729
ENSG00000067836.13	83	90	121	68	68	83
ENSG00000067840.13	275	438	355	342	238	316
ENSG00000067842.19	0	1	3	0	0	0
ENSG00000067900.8	6557	6875	6412	5882	4606	5853
ENSG00000067955.15	793	907	947	683	599	759
ENSG00000067992.17	706	709	700	532	526	716
ENSG00000068001.14	223	297	313	205	175	278
ENSG00000068024.18	87	82	94	77	63	72
ENSG00000068028.18	107	123	135	102	99	93
ENSG00000068078.20	313	409	435	426	254	341
ENSG00000068079.8	62	80	74	37	41	65
ENSG00000068097.16	4488	5453	5015	4650	3979	5423
ENSG00000068120.15	194	261	258	225	173	243
ENSG00000068137.15	259	362	354	318	250	326
ENSG00000068305.19	106	207	209	157	128	186
ENSG00000068308.15	235	292	253	255	190	286
ENSG00000068323.17	156	249	251	247	162	249
ENSG00000068354.16	139	167	154	162	141	169
ENSG00000068366.21	55	59	73	47	44	62
ENSG00000068383.19	190	247	301	212	189	180
ENSG00000068394.11	615	618	594	426	419	510
ENSG00000068400.14	1576	1954	1725	2106	1657	2109
ENSG00000068438.15	153	180	168	136	110	147
ENSG00000068489.13	278	424	422	427	367	558
ENSG00000068615.20	20	34	38	19	16	39
ENSG00000068650.19	888	1208	1071	1391	970	1420
ENSG00000068654.17	3468	4565	4112	3862	2905	4089
ENSG00000068697.7	620	769	743	558	594	674
ENSG00000068724.18	563	1002	804	654	535	711
ENSG00000068745.15	420	584	590	653	497	664
ENSG00000068781.21	0	0	0	0	0	0
ENSG00000068784.13	1476	1641	1625	1261	1270	1731
ENSG00000068796.19	1670	1879	1784	1698	1624	2128
ENSG00000068831.19	3	12	3	1	4	10
ENSG00000068878.15	3080	3828	3713	3875	3184	4287
ENSG00000068885.15	517	529	529	641	497	743
ENSG00000068903.21	201	273	229	243	170	230
ENSG00000068912.15	587	687	620	532	442	650
ENSG00000068971.14	58	76	70	57	58	79
ENSG00000068976.14	15	15	15	26	23	20
ENSG00000068985.5	0	3	4	1	0	1
ENSG00000069011.16	57	88	49	47	32	26
ENSG00000069018.19	0	0	0	0	0	0
ENSG00000069020.19	1033	1430	1259	1181	863	1187
ENSG00000069122.19	0	0	0	0	0	0
ENSG00000069188.17	7	16	25	5	2	9
ENSG00000069206.15	0	0	0	0	0	0
ENSG00000069248.12	1666	1713	1662	1502	1448	2018
ENSG00000069275.13	18249	20503	19107	14548	14131	18382
ENSG00000069329.18	1044	1099	1046	784	909	1253
ENSG00000069345.12	4563	4118	4203	3281	3594	4527
ENSG00000069399.15	15	46	40	19	24	31
ENSG00000069424.16	24	38	26	36	22	29
ENSG00000069431.14	0	0	0	2	0	0
ENSG00000069482.7	10	9	9	6	7	7
ENSG00000069493.15	104	119	112	208	151	176
ENSG00000069509.6	316	349	371	215	252	320
ENSG00000069535.14	1	0	1	0	0	0
ENSG00000069667.16	15	16	7	19	10	13
ENSG00000069696.7	0	0	0	0	0	1
ENSG00000069702.11	16	18	32	18	12	16
ENSG00000069764.10	1	0	5	0	0	0
ENSG00000069812.11	0	0	1	0	5	0
ENSG00000069849.11	460	536	472	419	444	504
ENSG00000069869.17	1481	1536	1594	1425	1310	1832
ENSG00000069943.10	198	212	196	219	187	236
ENSG00000069956.14	1506	1678	1503	1438	1377	1823
ENSG00000069966.19	1096	946	984	697	602	739
ENSG00000069974.17	257	314	325	178	197	221
ENSG00000069998.12	385	529	526	433	340	442
ENSG00000070010.19	2094	2375	2200	1368	1376	1666
ENSG00000070018.9	940	1095	1067	1134	1022	1233
ENSG00000070019.5	1	0	0	0	0	0
ENSG00000070031.4	0	0	0	0	0	0
ENSG00000070047.13	456	538	481	422	273	404
ENSG00000070061.16	2112	2354	2329	2290	1969	2547
ENSG00000070081.18	3027	3488	2992	2883	3073	4079
ENSG00000070087.15	3598	3477	3647	1733	1955	2270
ENSG00000070159.14	438	545	481	535	447	600
ENSG00000070182.21	24	41	28	38	23	35
ENSG00000070190.13	0	0	0	1	0	0
ENSG00000070193.5	0	0	0	0	0	0
ENSG00000070214.17	600	684	644	477	504	696
ENSG00000070269.14	260	359	333	349	238	382
ENSG00000070366.14	1393	1877	1746	1724	1401	1867
ENSG00000070367.16	820	808	780	773	738	919
ENSG00000070371.16	436	604	542	687	494	614
ENSG00000070388.12	0	0	0	1	0	0
ENSG00000070404.10	137	145	165	139	115	138
ENSG00000070413.20	640	754	782	557	488	731
ENSG00000070423.18	181	236	206	149	126	160
ENSG00000070444.15	290	390	370	289	211	295
ENSG00000070476.15	456	663	546	650	470	664
ENSG00000070495.15	888	1028	1027	773	704	915
ENSG00000070501.12	109	141	131	114	109	128
ENSG00000070526.15	0	0	0	1	0	1
ENSG00000070540.13	94	134	134	103	88	98
ENSG00000070601.10	1	4	2	0	3	4
ENSG00000070610.14	260	326	315	410	306	441
ENSG00000070614.15	640	1119	1019	979	651	918
ENSG00000070669.17	1570	1442	1450	1133	1108	1275
ENSG00000070718.12	258	240	222	254	234	303
ENSG00000070729.14	6	5	2	3	0	3
ENSG00000070731.11	27	33	34	50	44	33
ENSG00000070748.19	1	0	0	0	0	0
ENSG00000070756.17	30409	37067	34627	25908	21520	27497
ENSG00000070759.17	48	38	28	37	22	41
ENSG00000070761.8	44	40	48	20	22	28
ENSG00000070770.10	160	176	261	158	183	207
ENSG00000070778.13	919	1201	1035	1210	960	1244
ENSG00000070785.17	572	679	638	519	368	601
ENSG00000070808.17	0	0	0	0	0	0
ENSG00000070814.22	9412	10991	9926	7969	6703	8952
ENSG00000070831.18	17	6	17	9	9	6
ENSG00000070882.13	0	0	0	0	0	0
ENSG00000070886.12	4	5	3	2	0	3
ENSG00000070915.10	0	0	0	0	1	0
ENSG00000070950.10	453	582	559	498	489	639
ENSG00000070961.17	3542	3779	3345	3200	2995	3931
ENSG00000070985.14	2	3	5	6	0	3
ENSG00000071051.14	317	390	367	261	168	255
ENSG00000071054.17	3264	4237	3728	3061	2399	3252
ENSG00000071073.13	764	865	759	735	637	901
ENSG00000071082.11	1005	870	1105	502	516	426
ENSG00000071127.18	3076	3572	3553	2328	2254	2736
ENSG00000071189.21	350	434	446	499	386	597
ENSG00000071203.9	0	0	0	0	0	0
ENSG00000071205.12	1101	1444	1294	1207	1014	1327
ENSG00000071242.12	73	106	121	94	100	129
ENSG00000071243.16	267	333	273	288	208	299
ENSG00000071246.11	52	102	71	61	70	94
ENSG00000071282.12	248	240	284	205	166	210
ENSG00000071462.12	1937	2254	2130	1306	1346	1693
ENSG00000071537.14	2301	2803	2727	2249	1986	2737
ENSG00000071539.14	666	806	860	604	478	662
ENSG00000071553.18	254	347	347	231	196	257
ENSG00000071564.19	1804	2589	2286	2100	1476	2130
ENSG00000071575.12	0	6	8	2	2	6
ENSG00000071626.17	1634	2048	1928	1937	1520	2040
ENSG00000071655.18	1188	1489	1380	1205	936	1290
ENSG00000071677.1	0	0	0	0	0	0
ENSG00000071794.16	4412	5217	4756	4233	4088	5408
ENSG00000071859.15	3296	3613	3482	2409	2173	2764
ENSG00000071889.17	150	177	214	125	126	144
ENSG00000071894.17	1747	2318	2272	2504	1671	2401
ENSG00000071909.19	5	8	10	7	9	10
ENSG00000071967.12	5	4	6	4	7	10
ENSG00000071991.9	0	0	0	0	0	0
ENSG00000071994.11	1149	1276	1299	1004	974	1350
ENSG00000072041.18	0	0	0	0	0	0
ENSG00000072042.13	1335	1319	1417	979	1060	1339
ENSG00000072062.16	1867	2064	1980	1136	921	1177
ENSG00000072071.17	638	1241	963	858	595	850
ENSG00000072080.11	0	0	0	0	0	0
ENSG00000072110.16	3904	4841	4627	3408	3210	4232
ENSG00000072121.17	1658	2222	2128	2262	1820	2325
ENSG00000072133.12	1	0	0	0	0	2
ENSG00000072134.16	312	399	384	443	345	452
ENSG00000072135.13	378	470	455	441	344	443
ENSG00000072163.20	2	0	4	1	1	1
ENSG00000072182.14	1	3	4	1	0	4
ENSG00000072195.15	117	190	178	192	120	157
ENSG00000072201.14	113	140	111	96	84	126
ENSG00000072210.19	907	1074	962	850	873	1155
ENSG00000072274.14	12403	12986	13585	9158	9178	11744
ENSG00000072310.18	1617	2293	2070	2215	1628	2300
ENSG00000072315.4	1	0	0	0	0	0
ENSG00000072364.13	1262	1793	1587	1453	1205	1523
ENSG00000072401.15	12	17	14	18	23	15
ENSG00000072415.10	1898	2110	2008	2200	1953	2583
ENSG00000072422.17	196	211	247	209	168	182
ENSG00000072501.19	20845	24841	21839	15398	13736	19109
ENSG00000072506.14	1450	1410	1431	635	751	825
ENSG00000072518.22	910	1463	1270	1011	733	1071
ENSG00000072571.20	2298	2488	2422	1954	1676	2315
ENSG00000072609.18	701	856	833	1043	801	1047
ENSG00000072657.10	0	0	0	0	0	0
ENSG00000072682.20	972	1041	1013	794	719	1011
ENSG00000072694.22	0	0	0	0	0	0
ENSG00000072736.19	302	416	435	408	372	467
ENSG00000072756.18	2510	2713	2591	2382	2206	2785
ENSG00000072778.20	1693	1916	2051	1828	1496	1931
ENSG00000072786.13	1926	2366	2134	1777	1394	1760
ENSG00000072803.18	358	351	410	264	296	354
ENSG00000072818.12	2	8	5	6	3	2
ENSG00000072832.15	5	1	0	1	1	0
ENSG00000072840.13	0	0	0	0	0	0
ENSG00000072849.11	24	67	66	48	60	77
ENSG00000072858.11	224	266	268	288	188	335
ENSG00000072864.16	118	148	135	111	71	110
ENSG00000072952.20	0	0	0	0	0	0
ENSG00000072954.7	22	43	36	31	15	34
ENSG00000072958.9	1422	1514	1432	1105	939	1222
ENSG00000073008.15	199	328	299	264	219	284
ENSG00000073050.12	755	760	774	719	650	885
ENSG00000073060.17	1281	1353	1328	1130	921	1229
ENSG00000073067.14	1	1	0	1	0	1
ENSG00000073111.14	4935	5287	5072	3551	3529	4214
ENSG00000073146.16	1	1	1	0	1	0
ENSG00000073150.14	137	263	232	177	112	177
ENSG00000073169.15	275	339	322	440	295	415
ENSG00000073282.14	34	52	43	24	19	40
ENSG00000073331.18	279	364	345	281	229	334
ENSG00000073350.14	4887	6379	6249	8216	5638	7582
ENSG00000073417.15	2634	3030	3061	3170	2345	3189
ENSG00000073464.13	23	56	66	22	24	30
ENSG00000073536.18	204	220	222	168	148	174
ENSG00000073578.18	1320	1482	1409	1037	858	1164
ENSG00000073584.20	1056	1015	1078	777	786	1011
ENSG00000073598.6	0	0	0	0	0	1
ENSG00000073605.19	42	48	43	107	67	82
ENSG00000073614.13	2076	2509	2380	2195	1733	2368
ENSG00000073670.14	33	46	67	47	27	48
ENSG00000073711.11	148	181	159	149	132	195
ENSG00000073712.15	682	811	892	720	702	926
ENSG00000073734.10	0	0	0	0	0	0
ENSG00000073737.17	0	0	0	0	0	0
ENSG00000073754.6	0	0	0	0	0	0
ENSG00000073756.13	0	1	0	0	1	0
ENSG00000073792.16	3	6	1	8	7	2
ENSG00000073803.14	156	137	128	158	119	139
ENSG00000073849.16	3	1	1	0	2	2
ENSG00000073861.3	0	1	0	0	0	0
ENSG00000073910.23	25	31	24	20	20	18
ENSG00000073921.18	1373	1525	1503	1348	1240	1713
ENSG00000073969.19	258	213	251	230	203	247
ENSG00000074047.22	1	0	0	0	0	0
ENSG00000074054.21	1647	2060	1914	1886	1618	2189
ENSG00000074071.15	1924	2513	2381	1251	1280	1593
ENSG00000074181.9	1720	2274	2126	1953	1440	1956
ENSG00000074201.9	2074	2113	2243	1581	1686	2288
ENSG00000074211.14	472	677	607	601	377	532
ENSG00000074219.14	145	184	171	208	133	228
ENSG00000074266.22	958	1022	1078	1151	1086	1413
ENSG00000074276.11	1	2	0	4	0	4
ENSG00000074317.11	25	10	19	9	9	6
ENSG00000074319.13	772	888	886	502	498	685
ENSG00000074356.17	1697	1810	1774	1655	1469	1874
ENSG00000074370.18	2866	4233	3828	2883	2350	3344
ENSG00000074410.14	663	847	716	670	593	841
ENSG00000074416.16	94	72	60	61	45	67
ENSG00000074527.13	41	77	79	32	42	54
ENSG00000074582.15	414	550	488	335	395	368
ENSG00000074590.14	39	45	49	51	35	56
ENSG00000074603.19	872	1101	1132	1089	875	1255
ENSG00000074621.14	806	1014	890	802	506	859
ENSG00000074657.14	27	24	29	32	21	27
ENSG00000074660.17	0	0	0	0	1	0
ENSG00000074695.6	1714	1762	1752	1598	1557	1946
ENSG00000074696.13	3057	3360	3233	1780	1921	2403
ENSG00000074706.14	0	0	0	0	0	0
ENSG00000074755.15	3301	3991	3676	4140	3508	4220
ENSG00000074771.4	4	3	9	6	4	16
ENSG00000074800.16	8315	7499	8297	5585	6104	7321
ENSG00000074803.21	0	0	0	0	0	0
ENSG00000074842.8	332	352	347	126	115	181
ENSG00000074855.11	223	329	290	354	246	328
ENSG00000074935.14	101	119	108	131	120	130
ENSG00000074964.17	389	523	482	623	380	503
ENSG00000074966.11	0	0	3	1	0	1
ENSG00000075035.10	0	0	0	0	0	0
ENSG00000075043.20	8	4	5	6	6	12
ENSG00000075073.16	0	0	0	0	0	0
ENSG00000075089.10	1041	1113	991	964	919	1154
ENSG00000075131.10	419	548	513	415	429	561
ENSG00000075142.14	395	425	448	267	302	323
ENSG00000075151.24	3399	4194	3819	3490	2759	3784
ENSG00000075188.9	1184	1175	1252	773	886	1024
ENSG00000075213.11	114	139	113	118	113	122
ENSG00000075218.19	632	946	794	850	619	858
ENSG00000075223.14	5646	7140	6360	6087	5474	7459
ENSG00000075234.17	183	223	201	181	152	212
ENSG00000075239.14	915	1065	977	701	774	1010
ENSG00000075240.17	240	340	327	224	172	241
ENSG00000075275.18	1307	1932	1811	1819	1277	1722
ENSG00000075290.8	3	1	0	0	0	1
ENSG00000075292.19	3542	4156	3572	4171	3269	4735
ENSG00000075303.13	297	332	314	403	315	442
ENSG00000075336.12	443	518	446	288	286	326
ENSG00000075340.23	1	1	5	0	2	4
ENSG00000075388.4	0	0	0	0	0	0
ENSG00000075391.18	324	392	418	419	338	449
ENSG00000075399.14	99	136	151	157	98	144
ENSG00000075407.19	10	11	15	22	13	24
ENSG00000075413.19	2104	2734	2645	2391	1890	2583
ENSG00000075415.15	6571	7233	7593	4650	5619	6729
ENSG00000075420.13	1627	1735	1866	1496	1341	1722
ENSG00000075426.12	646	793	786	744	481	666
ENSG00000075429.9	0	0	0	0	0	0
ENSG00000075461.6	151	295	259	199	152	199
ENSG00000075539.15	1839	2147	2049	2341	1833	2490
ENSG00000075568.17	645	755	723	842	614	937
ENSG00000075618.18	66	82	81	57	41	59
ENSG00000075624.17	22125	22464	24457	11052	12676	14797
ENSG00000075643.6	224	244	249	256	224	272
ENSG00000075651.17	61	65	75	84	73	82
ENSG00000075673.12	0	2	2	2	0	0
ENSG00000075702.19	1572	2073	1932	2132	1641	2142
ENSG00000075711.21	3026	3409	3197	4154	3072	4396
ENSG00000075785.14	2775	2906	3040	1626	1856	2379
ENSG00000075790.12	120	150	137	122	85	159
ENSG00000075826.17	8	8	9	26	18	12
ENSG00000075856.12	3867	4217	4038	3646	3050	4076
ENSG00000075884.14	0	0	0	0	0	0
ENSG00000075886.11	1	0	0	0	0	1
ENSG00000075891.23	8	1	5	8	2	2
ENSG00000075914.13	648	690	753	475	455	510
ENSG00000075945.13	278	276	316	272	230	344
ENSG00000075975.17	579	730	670	637	492	620
ENSG00000076003.5	4463	5152	4860	3558	3578	4920
ENSG00000076043.11	542	542	551	364	349	539
ENSG00000076053.12	12	24	26	19	26	23
ENSG00000076067.13	8	6	5	4	3	8
ENSG00000076108.12	5121	6256	5906	5961	4660	6399
ENSG00000076201.16	794	1058	1025	852	709	918
ENSG00000076242.16	1076	1291	1349	1069	969	1208
ENSG00000076248.12	1108	1331	1408	851	778	1101
ENSG00000076258.10	45	62	54	51	42	62
ENSG00000076321.11	732	786	765	578	506	722
ENSG00000076344.16	18	27	9	32	11	19
ENSG00000076351.13	51	77	58	68	38	64
ENSG00000076356.7	8	32	24	16	14	14
ENSG00000076382.17	1774	2189	1960	1950	1575	2100
ENSG00000076513.17	208	296	261	252	213	301
ENSG00000076554.16	230	256	256	89	92	101
ENSG00000076555.16	1030	1376	1346	1377	1046	1381
ENSG00000076604.16	1221	1281	1302	1721	1234	1636
ENSG00000076641.4	4	5	10	9	4	7
ENSG00000076650.7	587	682	683	670	572	685
ENSG00000076662.10	94	101	112	63	80	96
ENSG00000076685.19	2084	2524	2440	2055	1898	2460
ENSG00000076706.17	1	0	1	0	0	0
ENSG00000076716.9	122	127	104	63	59	89
ENSG00000076770.16	120	147	125	95	91	125
ENSG00000076826.10	362	536	462	476	344	440
ENSG00000076864.21	488	677	539	482	351	520
ENSG00000076924.12	1055	1328	1375	951	784	984
ENSG00000076928.19	1420	1587	1528	1366	1068	1497
ENSG00000076944.18	1181	1385	1341	783	872	1042
ENSG00000076984.18	359	512	487	486	359	469
ENSG00000077009.14	0	0	0	0	0	1
ENSG00000077044.11	465	652	603	806	570	799
ENSG00000077063.11	1	0	0	0	0	0
ENSG00000077080.10	0	0	0	0	0	0
ENSG00000077092.20	0	0	0	0	0	0
ENSG00000077097.17	5946	7096	6728	5635	5279	6950
ENSG00000077147.16	7031	7121	6797	4799	4828	6563
ENSG00000077150.21	936	1018	892	826	761	967
ENSG00000077152.12	1729	1897	1772	1066	1212	1485
ENSG00000077157.23	588	693	628	815	601	909
ENSG00000077232.19	2486	2628	2580	2627	2361	3430
ENSG00000077235.18	10918	13207	12312	10239	8665	11975
ENSG00000077238.14	107	156	143	177	141	191
ENSG00000077254.14	864	923	835	998	842	1127
ENSG00000077264.16	0	0	0	0	0	0
ENSG00000077274.9	0	0	0	0	0	0
ENSG00000077279.20	0	0	0	0	0	0
ENSG00000077312.9	485	552	548	370	369	453
ENSG00000077327.16	0	0	1	1	0	0
ENSG00000077348.10	297	317	350	158	194	191
ENSG00000077380.16	2720	2303	2513	2077	1987	2454
ENSG00000077420.16	2	0	3	0	0	0
ENSG00000077454.17	700	965	855	858	618	866
ENSG00000077458.13	333	327	337	377	267	397
ENSG00000077463.15	129	173	124	144	119	139
ENSG00000077498.9	0	0	0	0	0	0
ENSG00000077514.9	315	428	377	403	357	475
ENSG00000077522.15	0	1	0	0	0	0
ENSG00000077549.19	1159	1376	1460	831	896	1026
ENSG00000077585.14	38	33	27	48	40	47
ENSG00000077616.11	0	0	0	0	0	0
ENSG00000077684.16	364	474	462	372	325	440
ENSG00000077713.19	78	135	93	98	75	88
ENSG00000077721.17	139	137	149	61	85	102
ENSG00000077782.23	221	251	288	412	271	369
ENSG00000077800.13	0	0	0	0	0	0
ENSG00000077935.17	110	144	119	120	117	133
ENSG00000077942.19	65	115	103	50	57	67
ENSG00000077943.8	0	0	0	0	0	0
ENSG00000077984.6	0	0	0	0	0	0
ENSG00000078018.22	51	42	58	49	42	44
ENSG00000078043.16	130	160	163	164	132	205
ENSG00000078053.17	10	17	14	24	19	17
ENSG00000078061.14	701	1071	920	680	548	811
ENSG00000078070.14	1360	1726	1535	1406	1227	1615
ENSG00000078081.8	0	1	3	0	6	3
ENSG00000078098.15	0	0	1	0	0	0
ENSG00000078114.19	736	939	912	1042	742	1005
ENSG00000078124.13	35	52	40	22	28	29
ENSG00000078140.14	1423	1796	1477	916	793	1093
ENSG00000078142.14	241	283	273	229	221	316
ENSG00000078177.14	532	632	596	642	493	670
ENSG00000078237.7	122	156	163	44	79	61
ENSG00000078246.17	114	141	139	127	102	131
ENSG00000078269.15	820	1124	961	1001	772	1109
ENSG00000078295.17	0	0	1	0	0	0
ENSG00000078304.20	1375	1811	1563	1369	1171	1606
ENSG00000078328.23	0	1	0	0	0	0
ENSG00000078369.19	393	581	548	325	307	425
ENSG00000078399.19	0	0	0	0	0	0
ENSG00000078401.7	6	10	14	14	14	11
ENSG00000078403.17	1020	1296	1156	1424	1088	1478
ENSG00000078487.18	184	232	194	221	152	215
ENSG00000078549.16	1	0	0	0	0	0
ENSG00000078579.9	0	0	0	0	0	0
ENSG00000078589.13	0	0	0	0	0	0
ENSG00000078596.11	17	7	10	10	5	12
ENSG00000078618.23	4113	4427	4254	4294	3826	5238
ENSG00000078668.14	1672	1858	1859	1254	1259	1659
ENSG00000078674.20	3168	3669	3451	3273	2926	3671
ENSG00000078687.18	1057	1376	1245	1211	912	1342
ENSG00000078699.22	446	507	479	660	441	617
ENSG00000078725.13	0	0	0	0	0	0
ENSG00000078747.17	2	3	5	1	2	2
ENSG00000078795.17	0	0	0	0	0	0
ENSG00000078804.13	1	1	3	0	0	6
ENSG00000078808.20	2153	2509	2374	1857	1544	2015
ENSG00000078814.18	10	15	20	16	12	12
ENSG00000078898.7	0	0	0	0	0	0
ENSG00000078900.15	30	51	64	38	39	44
ENSG00000078902.16	39	51	70	37	22	50
ENSG00000078967.13	15	20	14	15	9	15
ENSG00000079101.18	0	0	0	0	0	0
ENSG00000079102.16	5	1	2	4	1	5
ENSG00000079112.10	0	0	0	0	0	0
ENSG00000079134.13	765	932	819	908	805	1039
ENSG00000079150.19	19	26	18	5	7	14
ENSG00000079156.17	312	414	315	365	282	423
ENSG00000079215.15	3	4	7	7	4	1
ENSG00000079246.16	10098	10741	9960	8574	9009	11524
ENSG00000079257.8	2168	2375	2319	1896	1848	2421
ENSG00000079263.19	0	0	0	0	0	1
ENSG00000079277.22	227	233	218	258	233	267
ENSG00000079308.21	72	93	109	95	62	110
ENSG00000079313.15	582	974	851	791	584	783
ENSG00000079332.15	762	751	783	570	617	696
ENSG00000079335.20	23	27	25	21	24	26
ENSG00000079337.16	26	30	27	32	15	32
ENSG00000079385.23	0	0	0	0	0	0
ENSG00000079387.14	820	1077	1023	853	773	1023
ENSG00000079393.21	0	4	1	1	1	4
ENSG00000079432.9	1567	2478	2310	2154	1608	2060
ENSG00000079435.10	0	0	0	0	0	0
ENSG00000079459.13	4614	4494	4482	2880	3007	3499
ENSG00000079462.8	353	434	413	206	198	258
ENSG00000079482.14	274	374	316	341	285	336
ENSG00000079557.5	0	0	0	0	0	0
ENSG00000079616.14	4786	6228	5598	4781	3834	4974
ENSG00000079689.15	0	0	0	0	0	0
ENSG00000079691.19	1719	2021	1848	1780	1447	2106
ENSG00000079739.17	229	231	231	159	161	201
ENSG00000079785.16	5593	5492	5313	3835	4102	5288
ENSG00000079805.19	3234	4108	3990	3277	2499	3549
ENSG00000079819.20	83	121	94	78	60	82
ENSG00000079841.20	0	0	0	0	0	0
ENSG00000079931.15	0	0	0	0	0	0
ENSG00000079950.14	151	167	127	162	174	182
ENSG00000079974.19	7	4	6	12	7	3
ENSG00000079999.14	1265	1647	1432	941	766	1114
ENSG00000080007.8	280	261	256	326	253	306
ENSG00000080031.10	5	4	5	3	7	9
ENSG00000080166.16	0	0	0	0	0	0
ENSG00000080189.15	329	329	337	321	223	346
ENSG00000080200.10	23	33	33	22	29	33
ENSG00000080224.18	0	0	0	1	0	0
ENSG00000080293.10	0	0	0	0	0	0
ENSG00000080298.16	48	59	52	62	50	58
ENSG00000080345.18	6448	7823	6904	7832	6935	9321
ENSG00000080371.6	2371	2513	2436	1486	1782	2006
ENSG00000080493.19	0	0	0	0	0	2
ENSG00000080503.25	1973	2409	2133	1830	1514	2046
ENSG00000080511.5	0	0	0	0	0	0
ENSG00000080546.14	189	236	250	192	197	235
ENSG00000080561.14	212	252	234	189	148	226
ENSG00000080572.14	0	0	0	0	0	0
ENSG00000080573.7	2	0	1	1	3	2
ENSG00000080603.17	44	59	48	56	29	69
ENSG00000080608.10	2377	2539	2364	2420	2055	2694
ENSG00000080618.17	0	0	0	0	0	0
ENSG00000080644.16	10	11	12	14	6	10
ENSG00000080709.16	5	5	11	1	3	13
ENSG00000080802.20	243	343	276	220	153	246
ENSG00000080815.20	1353	1526	1463	1246	1198	1494
ENSG00000080819.9	502	453	467	421	396	423
ENSG00000080822.17	124	105	133	116	111	153
ENSG00000080823.23	148	145	138	182	125	184
ENSG00000080824.19	100475	108915	97158	81070	77670	98671
ENSG00000080839.12	777	1003	949	839	738	1000
ENSG00000080845.19	339	524	413	322	264	300
ENSG00000080854.16	68	102	87	113	82	114
ENSG00000080910.14	0	0	0	0	0	0
ENSG00000080986.13	539	648	560	590	620	765
ENSG00000081014.11	1148	1399	1231	1526	1304	1704
ENSG00000081019.14	588	768	659	626	482	802
ENSG00000081026.19	1127	1321	1337	1472	1223	1506
ENSG00000081041.9	0	0	0	0	0	0
ENSG00000081051.8	0	0	0	0	0	0
ENSG00000081052.14	20	26	17	18	21	36
ENSG00000081059.20	2	1	3	3	0	1
ENSG00000081087.16	48	69	57	27	30	70
ENSG00000081138.14	0	1	0	0	1	0
ENSG00000081148.12	3	2	1	6	6	3
ENSG00000081154.12	443	549	500	393	293	404
ENSG00000081177.19	1609	1712	1641	1468	1295	1584
ENSG00000081181.8	86	105	100	59	46	67
ENSG00000081189.16	2	2	1	3	0	2
ENSG00000081237.21	2	0	0	0	1	0
ENSG00000081248.12	0	0	0	1	0	0
ENSG00000081277.13	107	111	139	113	79	91
ENSG00000081307.15	2878	3230	3094	2487	2249	3138
ENSG00000081320.11	246	268	227	195	182	265
ENSG00000081377.17	31	33	18	32	11	28
ENSG00000081386.13	142	185	184	191	167	211
ENSG00000081479.15	37	47	35	24	38	34
ENSG00000081665.14	0	0	1	0	0	0
ENSG00000081692.13	114	151	151	148	111	155
ENSG00000081721.12	302	302	316	275	231	337
ENSG00000081760.17	2933	2934	2830	2637	2257	2875
ENSG00000081791.9	200	232	265	328	226	330
ENSG00000081800.9	0	0	0	0	0	0
ENSG00000081803.17	319	413	379	337	334	415
ENSG00000081818.4	182	227	235	201	180	209
ENSG00000081842.18	99	104	83	70	54	91
ENSG00000081853.15	48	45	54	43	41	38
ENSG00000081870.12	171	194	158	119	160	142
ENSG00000081913.14	110	181	147	163	101	112
ENSG00000081923.15	823	1073	1014	946	741	1019
ENSG00000081985.14	0	0	0	0	0	0
ENSG00000082014.17	16	36	19	22	15	31
ENSG00000082068.9	842	969	766	652	684	856
ENSG00000082074.19	0	1	0	0	0	0
ENSG00000082126.18	1	0	0	2	0	0
ENSG00000082146.13	16	23	22	21	25	27
ENSG00000082153.18	890	1034	1057	926	855	1177
ENSG00000082175.16	103	102	100	85	88	143
ENSG00000082196.21	1	3	0	1	3	7
ENSG00000082212.13	167	246	196	160	161	200
ENSG00000082213.18	313	381	437	293	324	399
ENSG00000082258.13	392	433	414	465	295	419
ENSG00000082269.17	0	3	0	0	0	0
ENSG00000082293.13	0	0	0	0	0	0
ENSG00000082397.18	0	2	0	0	0	0
ENSG00000082438.18	496	662	537	654	535	686
ENSG00000082458.12	1378	1625	1520	1400	1205	1548
ENSG00000082482.14	0	1	0	0	0	0
ENSG00000082497.12	12	34	29	21	25	32
ENSG00000082512.15	287	306	293	385	318	368
ENSG00000082515.18	789	877	967	455	528	650
ENSG00000082516.9	2732	3092	3081	2523	2370	3352
ENSG00000082556.14	0	0	0	0	1	0
ENSG00000082641.16	3689	4853	4390	3423	2889	3920
ENSG00000082684.16	0	0	0	0	0	0
ENSG00000082701.17	863	1084	1083	724	717	903
ENSG00000082781.12	1892	2543	2636	1870	1573	2052
ENSG00000082805.21	3299	3962	3574	2777	2352	3226
ENSG00000082898.19	9910	10905	10550	10756	9262	12070
ENSG00000082996.20	209	265	206	244	181	278
ENSG00000083067.25	0	0	0	0	0	0
ENSG00000083093.11	435	655	536	476	394	588
ENSG00000083097.15	582	724	699	813	713	932
ENSG00000083099.11	169	185	150	146	132	184
ENSG00000083123.15	283	273	251	219	224	262
ENSG00000083168.11	2217	3020	2525	2322	1774	2437
ENSG00000083223.18	1053	1225	1106	1251	1004	1319
ENSG00000083290.20	118	169	150	152	140	218
ENSG00000083307.12	4063	4897	4394	4071	3525	4525
ENSG00000083312.19	1714	1811	1859	1716	1714	2211
ENSG00000083444.17	949	1061	1066	930	778	1006
ENSG00000083454.23	0	2	0	0	0	0
ENSG00000083457.12	279	257	259	265	250	282
ENSG00000083520.15	792	908	899	829	752	962
ENSG00000083535.16	135	138	131	130	106	157
ENSG00000083544.16	126	154	152	132	128	145
ENSG00000083635.8	347	426	365	284	269	397
ENSG00000083642.19	5479	6515	5794	5434	4628	6283
ENSG00000083720.13	847	1021	941	678	740	970
ENSG00000083750.13	57	67	57	61	44	68
ENSG00000083782.8	0	0	0	1	0	0
ENSG00000083799.18	122	133	144	182	107	169
ENSG00000083807.10	264	218	251	197	126	188
ENSG00000083812.13	44	66	52	56	34	53
ENSG00000083814.13	0	1	1	0	0	0
ENSG00000083817.9	36	50	55	55	39	44
ENSG00000083828.16	116	125	148	132	103	159
ENSG00000083838.17	84	77	77	57	70	76
ENSG00000083844.10	0	0	1	1	0	2
ENSG00000083845.9	3079	3885	3495	1665	1645	2094
ENSG00000083857.15	5507	6640	6304	5401	4889	6602
ENSG00000083896.13	1664	1361	1365	1357	1252	1518
ENSG00000083937.10	297	413	359	308	295	376
ENSG00000084070.12	222	212	247	144	155	174
ENSG00000084072.17	573	595	604	550	418	568
ENSG00000084073.10	709	838	831	600	630	770
ENSG00000084090.14	5082	5759	5219	3091	2960	3679
ENSG00000084092.7	888	979	963	833	751	996
ENSG00000084093.19	1836	2194	2072	1563	1244	1750
ENSG00000084110.11	1	1	11	3	1	1
ENSG00000084112.15	686	1021	921	971	617	883
ENSG00000084207.18	3	4	9	2	4	3
ENSG00000084234.18	12243	13270	12165	8440	9106	11807
ENSG00000084444.14	2218	2374	2347	2161	2001	2462
ENSG00000084453.17	0	0	0	0	0	0
ENSG00000084463.8	1154	1249	1094	1008	842	1100
ENSG00000084623.12	2802	3115	3155	1806	1933	2215
ENSG00000084628.10	1	5	6	1	5	5
ENSG00000084636.18	2	3	7	2	3	3
ENSG00000084652.16	1159	1251	1275	1298	1005	1259
ENSG00000084674.15	0	0	0	0	0	0
ENSG00000084676.16	422	570	484	448	376	512
ENSG00000084693.16	82	128	126	74	73	91
ENSG00000084710.14	191	217	209	200	146	199
ENSG00000084731.15	324	475	419	407	303	312
ENSG00000084733.11	5330	5779	5280	3139	3102	4116
ENSG00000084734.9	0	0	0	1	0	0
ENSG00000084754.12	8345	8644	8815	6288	5811	7795
ENSG00000084764.12	103	145	132	88	86	116
ENSG00000084774.14	4906	5581	5466	4997	4283	5857
ENSG00000085063.17	1	1	0	0	0	0
ENSG00000085117.12	86	86	81	46	59	73
ENSG00000085185.16	431	675	537	538	404	477
ENSG00000085224.23	8102	8742	7767	7211	6381	8493
ENSG00000085231.14	556	427	523	351	383	496
ENSG00000085265.12	0	0	0	0	0	0
ENSG00000085274.16	352	391	341	376	332	436
ENSG00000085276.19	64	61	58	57	57	49
ENSG00000085365.18	376	348	454	340	403	462
ENSG00000085377.15	458	527	516	376	418	533
ENSG00000085382.12	144	168	179	206	168	241
ENSG00000085415.16	2723	2443	2503	1796	1869	2353
ENSG00000085433.17	453	529	506	555	453	650
ENSG00000085449.15	290	315	280	240	233	277
ENSG00000085465.13	18	15	18	22	14	16
ENSG00000085491.17	1902	2028	2189	1927	1857	2490
ENSG00000085511.20	1578	1811	1846	1705	1416	1873
ENSG00000085514.16	3	10	5	5	3	5
ENSG00000085552.18	153	191	161	156	130	178
ENSG00000085563.15	0	2	2	0	0	2
ENSG00000085644.14	98	124	108	151	116	141
ENSG00000085662.14	0	1	0	0	0	0
ENSG00000085719.13	3957	3496	3833	2744	2970	3795
ENSG00000085721.13	520	601	527	568	470	650
ENSG00000085733.16	7174	7749	7436	6436	5921	7449
ENSG00000085741.14	8	6	3	0	10	8
ENSG00000085760.15	2254	2561	2451	2491	2089	2653
ENSG00000085788.14	294	297	282	368	276	370
ENSG00000085831.16	1350	1707	1645	1359	1086	1661
ENSG00000085832.18	1437	1532	1437	1440	1199	1573
ENSG00000085840.13	297	316	287	266	249	310
ENSG00000085871.9	38	40	52	23	32	42
ENSG00000085872.15	691	941	885	749	547	773
ENSG00000085978.22	441	557	597	498	360	528
ENSG00000085982.16	626	689	660	780	608	872
ENSG00000085998.15	324	514	423	318	246	315
ENSG00000085999.13	475	606	587	759	523	699
ENSG00000086015.23	2462	3317	3050	2991	2106	2916
ENSG00000086061.16	10422	10934	9915	7646	8106	11303
ENSG00000086062.13	307	336	314	205	194	323
ENSG00000086065.14	704	710	789	501	527	615
ENSG00000086102.19	2381	2476	2454	3093	2399	2890
ENSG00000086159.13	0	0	0	2	0	0
ENSG00000086189.11	329	322	347	176	153	189
ENSG00000086200.17	1325	1593	1613	1284	1145	1601
ENSG00000086205.18	0	0	0	0	0	0
ENSG00000086232.13	4460	5171	4944	4097	3258	4450
ENSG00000086288.12	0	0	0	0	0	0
ENSG00000086289.13	44	47	47	30	31	39
ENSG00000086300.17	124	127	115	92	89	123
ENSG00000086475.15	292	299	327	255	216	294
ENSG00000086504.18	1550	1610	1703	1236	1114	1334
ENSG00000086506.3	0	0	0	0	0	0
ENSG00000086544.4	377	475	499	425	296	440
ENSG00000086548.9	66	66	67	46	34	75
ENSG00000086570.13	0	1	0	1	0	0
ENSG00000086589.12	574	624	613	448	470	630
ENSG00000086598.11	2435	2553	2457	1413	1681	1978
ENSG00000086619.15	6	13	11	11	15	16
ENSG00000086666.19	160	187	187	118	135	211
ENSG00000086696.11	0	0	0	0	0	0
ENSG00000086712.13	1102	1374	1189	1002	950	1143
ENSG00000086717.19	7	4	4	5	7	11
ENSG00000086730.17	0	0	2	4	0	1
ENSG00000086758.17	17622	22968	20472	18425	15255	20801
ENSG00000086827.9	384	486	459	354	311	452
ENSG00000086848.15	23	18	18	11	7	12
ENSG00000086967.10	0	1	0	2	0	3
ENSG00000086991.13	0	0	0	0	0	0
ENSG00000087008.16	594	680	671	704	552	701
ENSG00000087053.20	395	457	500	329	304	399
ENSG00000087074.9	386	473	445	449	348	467
ENSG00000087076.9	44	71	62	43	46	45
ENSG00000087077.14	2272	2456	2484	2107	1847	2600
ENSG00000087085.16	13	5	16	9	9	9
ENSG00000087086.15	250	379	299	253	230	315
ENSG00000087087.20	6677	7889	7262	7071	5425	7620
ENSG00000087088.21	299	365	351	185	199	267
ENSG00000087095.13	68	89	108	99	105	127
ENSG00000087111.22	628	610	715	563	534	604
ENSG00000087116.17	0	0	0	0	0	0
ENSG00000087128.10	2	5	3	2	2	6
ENSG00000087152.16	466	697	518	512	383	521
ENSG00000087157.19	248	328	312	413	285	373
ENSG00000087191.14	4788	5165	5067	3259	3401	4288
ENSG00000087206.17	2184	2447	2225	2023	1620	2236
ENSG00000087237.12	0	0	0	0	0	0
ENSG00000087245.13	1	1	1	1	1	0
ENSG00000087250.9	0	0	0	0	0	0
ENSG00000087253.13	33	37	37	24	34	37
ENSG00000087258.16	6	6	8	1	1	5
ENSG00000087263.17	466	599	606	413	364	580
ENSG00000087266.17	198	262	237	299	241	275
ENSG00000087269.16	6138	6909	6625	4856	4136	5484
ENSG00000087274.19	2915	3356	3271	2769	2390	3114
ENSG00000087299.12	679	712	827	603	646	784
ENSG00000087301.9	296	327	287	309	304	347
ENSG00000087302.9	541	790	760	588	589	720
ENSG00000087303.19	1	2	0	0	0	3
ENSG00000087338.5	297	274	281	308	249	331
ENSG00000087365.16	13812	16125	15118	10898	9755	13724
ENSG00000087448.11	292	292	300	273	266	362
ENSG00000087460.29	24084	29368	27050	15352	13908	17996
ENSG00000087470.21	967	1016	960	902	794	1083
ENSG00000087494.16	0	0	1	0	3	2
ENSG00000087495.17	0	0	0	0	0	0
ENSG00000087502.19	282	364	317	329	310	411
ENSG00000087510.7	1603	1979	1897	1786	1579	2087
ENSG00000087586.18	876	805	858	729	757	957
ENSG00000087589.17	2	1	4	5	5	4
ENSG00000087842.11	490	394	505	293	323	373
ENSG00000087884.16	291	213	228	155	179	200
ENSG00000087903.13	33	55	54	42	37	42
ENSG00000087995.16	322	357	384	304	241	280
ENSG00000088002.12	108	153	150	76	91	108
ENSG00000088035.18	59	64	55	43	48	59
ENSG00000088038.20	310	372	404	398	295	407
ENSG00000088053.11	0	0	0	0	0	0
ENSG00000088179.9	360	399	391	566	430	510
ENSG00000088205.13	2426	2606	2624	2220	2099	2742
ENSG00000088247.19	2452	2842	2687	2355	1891	2629
ENSG00000088256.9	455	509	514	230	246	261
ENSG00000088280.20	252	315	275	291	229	338
ENSG00000088298.13	122	159	159	192	135	151
ENSG00000088305.19	629	793	741	721	638	772
ENSG00000088320.4	0	0	0	0	0	0
ENSG00000088325.16	7402	8939	8156	6304	6105	8166
ENSG00000088356.6	215	283	215	133	124	145
ENSG00000088367.23	707	863	846	659	541	763
ENSG00000088386.17	0	0	0	0	1	0
ENSG00000088387.22	624	888	816	740	585	818
ENSG00000088448.14	494	607	551	728	557	733
ENSG00000088451.11	64	74	75	92	76	99
ENSG00000088538.13	10	13	25	34	18	30
ENSG00000088543.15	4	5	1	2	5	2
ENSG00000088682.14	381	439	409	303	291	392
ENSG00000088726.16	4	4	10	1	8	4
ENSG00000088727.14	36	37	50	29	25	22
ENSG00000088756.13	0	0	1	0	0	0
ENSG00000088766.12	1	1	6	7	2	5
ENSG00000088782.5	0	0	0	0	0	0
ENSG00000088808.18	2073	2437	2517	2668	1892	2577
ENSG00000088812.18	251	340	334	299	280	350
ENSG00000088826.18	48	65	37	40	35	36
ENSG00000088827.13	0	0	0	0	0	0
ENSG00000088832.18	176	116	141	90	111	105
ENSG00000088833.18	1198	1331	1213	900	803	1022
ENSG00000088836.14	94	149	123	107	72	134
ENSG00000088854.13	101	132	129	218	183	198
ENSG00000088876.13	110	112	106	142	110	134
ENSG00000088881.22	9	8	6	10	5	11
ENSG00000088882.8	0	0	0	1	0	0
ENSG00000088888.18	375	560	506	500	344	510
ENSG00000088899.16	32	56	47	47	21	49
ENSG00000088926.14	0	0	0	0	0	0
ENSG00000088930.8	3821	4163	3874	3183	2943	3884
ENSG00000088970.16	140	155	178	179	137	169
ENSG00000088986.11	5720	4746	5044	1485	1786	1729
ENSG00000088992.18	19	14	7	0	14	6
ENSG00000089006.17	2593	2500	2555	2948	2364	3002
ENSG00000089009.16	2354	2289	2631	1671	1685	1701
ENSG00000089012.14	0	0	0	0	0	0
ENSG00000089022.14	1414	1709	1566	1686	1339	1719
ENSG00000089041.17	8	7	6	13	11	16
ENSG00000089048.15	3063	3092	2877	2351	2174	2938
ENSG00000089050.16	158	201	152	119	149	128
ENSG00000089053.13	1707	2350	2160	2143	1721	2358
ENSG00000089057.15	160	163	202	211	118	156
ENSG00000089060.12	39	46	64	59	67	71
ENSG00000089063.15	6	6	11	1	2	5
ENSG00000089091.17	101	132	120	177	109	176
ENSG00000089094.20	1266	1699	1551	1437	1107	1487
ENSG00000089101.19	4	5	2	1	0	5
ENSG00000089116.4	0	0	0	0	0	0
ENSG00000089123.16	371	459	479	406	279	388
ENSG00000089127.15	27	20	26	18	21	24
ENSG00000089154.11	14554	18498	16834	13678	11033	14959
ENSG00000089157.16	1483	2349	2108	1446	1321	1661
ENSG00000089159.17	657	1035	997	1149	761	1063
ENSG00000089163.4	2	6	4	7	1	1
ENSG00000089169.15	0	1	0	0	0	1
ENSG00000089177.19	780	946	953	912	702	998
ENSG00000089195.15	872	968	843	637	534	749
ENSG00000089199.10	1	1	0	0	1	2
ENSG00000089220.5	604	702	742	345	449	505
ENSG00000089225.20	0	1	0	0	0	0
ENSG00000089234.16	613	808	717	640	603	752
ENSG00000089248.7	2159	2522	2362	1350	1466	1653
ENSG00000089250.20	0	0	0	1	0	0
ENSG00000089280.19	6424	6442	6625	5961	5514	6868
ENSG00000089289.16	707	689	701	564	465	609
ENSG00000089327.15	22	43	27	17	22	13
ENSG00000089335.22	52	74	51	88	49	86
ENSG00000089351.15	175	321	320	294	216	275
ENSG00000089356.19	48	40	31	49	42	57
ENSG00000089472.18	0	0	1	0	4	0
ENSG00000089486.17	0	0	0	0	0	0
ENSG00000089505.18	13	17	12	18	13	12
ENSG00000089558.9	5	4	1	3	5	4
ENSG00000089597.18	4191	4707	4868	3348	3154	4348
ENSG00000089639.11	314	442	366	357	250	390
ENSG00000089682.17	353	401	431	399	343	459
ENSG00000089685.15	248	300	322	220	274	329
ENSG00000089692.9	3	2	9	7	2	1
ENSG00000089693.11	1895	2002	2094	1347	1330	1537
ENSG00000089723.10	15	15	23	6	4	4
ENSG00000089737.18	2132	2368	2234	1795	1636	2222
ENSG00000089775.12	122	155	150	153	146	168
ENSG00000089818.18	235	317	345	287	243	299
ENSG00000089820.17	88	123	114	145	113	123
ENSG00000089847.13	24	41	44	64	55	66
ENSG00000089876.12	614	694	649	660	570	765
ENSG00000089902.10	1493	1805	1671	1577	1355	1891
ENSG00000089916.18	2301	2617	2358	2226	1996	2583
ENSG00000090006.18	257	386	347	357	266	393
ENSG00000090013.11	562	642	668	352	368	454
ENSG00000090020.11	385	427	423	343	308	430
ENSG00000090054.16	1146	1461	1471	1060	1026	1334
ENSG00000090060.19	4175	4812	4541	4326	3629	5134
ENSG00000090061.17	665	862	835	646	585	755
ENSG00000090097.22	92	156	102	116	93	117
ENSG00000090104.12	0	0	0	0	0	0
ENSG00000090238.12	25	16	30	24	19	34
ENSG00000090263.16	1132	1206	991	726	665	885
ENSG00000090266.13	1621	1347	1427	508	644	611
ENSG00000090273.14	3571	3850	3562	2267	2243	2814
ENSG00000090316.16	853	996	1075	647	568	681
ENSG00000090339.9	27	21	17	14	12	16
ENSG00000090372.15	1186	1556	1486	1343	953	1418
ENSG00000090376.11	0	0	0	0	0	2
ENSG00000090382.7	5	1	3	0	0	0
ENSG00000090402.8	0	0	0	0	0	0
ENSG00000090432.7	162	210	257	130	115	191
ENSG00000090447.12	736	917	817	602	497	662
ENSG00000090470.15	857	1101	1018	856	726	985
ENSG00000090487.11	214	277	279	194	173	294
ENSG00000090512.12	0	0	0	0	0	0
ENSG00000090520.12	1316	1541	1397	1006	1142	1496
ENSG00000090530.10	6	9	9	0	2	5
ENSG00000090534.20	1	0	1	1	0	0
ENSG00000090539.16	4	11	8	12	12	7
ENSG00000090554.13	13	24	28	19	22	33
ENSG00000090565.17	461	562	503	768	479	693
ENSG00000090581.11	249	250	257	242	180	264
ENSG00000090612.22	209	252	203	177	148	172
ENSG00000090615.16	6690	9065	8289	9225	6533	8583
ENSG00000090621.15	3439	4076	3830	3303	2822	3501
ENSG00000090659.18	0	0	0	0	0	1
ENSG00000090661.12	22	24	20	27	22	26
ENSG00000090674.16	24	53	60	38	30	60
ENSG00000090686.16	2121	2366	2122	2461	1999	2541
ENSG00000090776.6	66	91	83	43	57	48
ENSG00000090857.14	845	1080	1047	1280	966	1363
ENSG00000090861.17	8108	8496	8804	7206	6521	8482
ENSG00000090863.12	5128	5369	5205	3938	3744	5170
ENSG00000090889.12	2103	2281	2265	1893	1613	1982
ENSG00000090905.19	3132	3900	3634	4486	3332	4517
ENSG00000090924.15	703	896	924	1025	753	1058
ENSG00000090932.11	0	2	0	2	0	1
ENSG00000090971.5	96	107	102	52	57	83
ENSG00000090975.14	207	317	278	296	189	282
ENSG00000090989.18	863	1018	905	1031	816	1125
ENSG00000091009.8	120	130	122	77	95	131
ENSG00000091010.6	0	2	0	1	0	0
ENSG00000091039.17	1723	2044	1898	1632	1556	2100
ENSG00000091073.20	21	8	18	26	13	13
ENSG00000091106.19	0	0	0	0	2	0
ENSG00000091127.14	2650	2857	2735	2968	2263	3114
ENSG00000091128.13	2	0	5	3	3	0
ENSG00000091129.22	2447	2693	2782	2851	2279	2924
ENSG00000091136.15	2715	3059	3055	3287	2793	3647
ENSG00000091137.14	3	2	2	0	0	3
ENSG00000091138.13	0	0	0	0	0	0
ENSG00000091140.15	13111	12733	12727	9342	9399	12144
ENSG00000091157.15	645	811	744	636	530	672
ENSG00000091164.13	547	694	669	521	577	764
ENSG00000091181.20	0	0	0	0	0	0
ENSG00000091262.17	1	4	5	4	3	1
ENSG00000091317.8	55	74	64	46	91	84
ENSG00000091409.16	135	250	203	153	135	198
ENSG00000091428.18	31	37	26	33	23	50
ENSG00000091436.17	1218	1306	1325	930	824	1139
ENSG00000091482.8	0	0	0	0	0	0
ENSG00000091483.8	714	815	910	598	615	741
ENSG00000091490.11	510	626	658	588	495	570
ENSG00000091513.16	2	1	4	9	2	9
ENSG00000091527.17	4665	5342	4826	3365	3195	4115
ENSG00000091536.20	4	12	4	7	2	4
ENSG00000091542.9	866	1155	1108	764	636	885
ENSG00000091583.11	0	0	0	0	0	0
ENSG00000091592.17	1	3	3	3	0	0
ENSG00000091622.16	12	10	4	10	9	23
ENSG00000091640.8	1143	1200	1158	655	696	805
ENSG00000091651.9	435	526	496	545	397	521
ENSG00000091656.19	1	0	0	1	0	0
ENSG00000091664.9	0	0	0	0	0	0
ENSG00000091704.10	0	0	0	0	0	0
ENSG00000091732.17	324	325	325	232	248	345
ENSG00000091831.25	1497	1855	1680	1447	1179	1753
ENSG00000091844.8	14	12	13	14	14	20
ENSG00000091879.14	0	0	0	0	0	0
ENSG00000091947.10	207	250	232	95	104	114
ENSG00000091972.18	0	0	0	0	0	0
ENSG00000091986.16	9	30	17	14	21	19
ENSG00000092009.10	0	0	0	0	0	0
ENSG00000092010.15	6331	6258	5888	4231	4277	5385
ENSG00000092020.11	213	286	181	183	172	234
ENSG00000092036.19	203	276	259	243	215	274
ENSG00000092051.18	0	0	0	0	0	0
ENSG00000092054.13	0	0	0	0	2	0
ENSG00000092067.7	0	0	0	0	0	0
ENSG00000092068.21	16	18	13	13	6	12
ENSG00000092094.11	452	500	506	529	450	540
ENSG00000092096.19	63	97	73	89	70	109
ENSG00000092098.18	0	8	5	9	1	10
ENSG00000092108.22	1350	1568	1580	1639	1371	1966
ENSG00000092140.16	1590	1590	1622	2111	1787	2320
ENSG00000092148.14	10148	11264	10732	9934	8736	11365
ENSG00000092199.19	6612	6155	6082	4331	4414	5377
ENSG00000092200.13	38	58	36	41	26	32
ENSG00000092201.10	11825	12598	11939	9122	8651	11348
ENSG00000092203.15	476	508	547	407	413	490
ENSG00000092208.19	403	455	457	380	413	472
ENSG00000092295.12	116	154	143	117	100	160
ENSG00000092330.19	242	310	282	202	190	282
ENSG00000092345.14	0	0	0	0	0	0
ENSG00000092377.15	0	0	0	0	0	0
ENSG00000092421.17	224	319	263	287	253	259
ENSG00000092439.16	5684	6350	5988	8778	7052	9392
ENSG00000092445.12	586	769	707	679	495	612
ENSG00000092470.12	655	774	797	589	605	804
ENSG00000092529.25	0	0	0	0	1	2
ENSG00000092531.10	286	364	303	233	246	260
ENSG00000092607.15	2	0	1	0	0	0
ENSG00000092621.13	2762	2731	2920	1935	2002	2198
ENSG00000092758.18	59	60	77	28	24	50
ENSG00000092820.19	5743	5868	5660	4052	3967	5177
ENSG00000092841.19	25301	24315	25432	11671	14927	15006
ENSG00000092847.14	506	649	599	468	388	593
ENSG00000092850.12	0	1	0	0	0	0
ENSG00000092853.14	3679	3880	3640	3238	2974	4089
ENSG00000092871.17	148	158	155	131	107	166
ENSG00000092929.13	735	979	873	665	571	710
ENSG00000092931.12	406	349	473	471	376	558
ENSG00000092964.18	871	853	790	600	600	757
ENSG00000092969.12	353	379	414	308	264	356
ENSG00000092978.11	1791	1812	1742	1525	1383	1819
ENSG00000093000.19	670	650	601	511	408	555
ENSG00000093009.11	1538	1824	1742	1516	1310	2047
ENSG00000093010.15	1610	1862	1910	1106	980	1330
ENSG00000093072.19	2	2	4	5	3	4
ENSG00000093144.19	705	766	747	546	512	711
ENSG00000093167.18	844	973	891	1045	717	922
ENSG00000093183.14	162	203	204	235	149	215
ENSG00000093217.11	165	263	214	255	180	269
ENSG00000094631.22	697	837	806	918	688	877
ENSG00000094661.3	0	0	0	0	0	0
ENSG00000094755.17	0	0	0	0	0	0
ENSG00000094796.5	0	0	0	0	0	0
ENSG00000094804.12	942	970	1031	793	818	1041
ENSG00000094841.14	70	74	89	85	46	104
ENSG00000094880.11	1370	1510	1542	1181	1142	1528
ENSG00000094914.14	1292	1477	1315	1140	994	1246
ENSG00000094916.16	4830	4977	4800	3715	4175	5310
ENSG00000094963.14	0	0	0	0	0	0
ENSG00000094975.14	1068	1298	1170	1533	1133	1456
ENSG00000095002.15	4132	4060	4143	3610	3598	4777
ENSG00000095015.6	989	1113	1083	1118	867	1224
ENSG00000095059.17	1029	1139	1222	1034	835	1050
ENSG00000095066.12	3746	4222	4010	5664	3919	5097
ENSG00000095110.9	0	0	0	0	0	0
ENSG00000095139.15	3884	4386	4246	2660	2843	3557
ENSG00000095203.15	233	304	334	235	196	256
ENSG00000095209.12	861	948	870	514	561	696
ENSG00000095261.14	318	406	442	335	308	423
ENSG00000095303.17	4	6	6	5	3	0
ENSG00000095319.14	3917	4911	4573	3640	3442	4713
ENSG00000095321.18	216	234	260	181	209	194
ENSG00000095370.20	0	4	1	4	1	3
ENSG00000095380.11	1655	1675	1887	1119	1345	1590
ENSG00000095383.20	252	336	320	289	194	319
ENSG00000095397.17	476	686	615	934	537	748
ENSG00000095464.10	0	0	0	0	0	0
ENSG00000095485.18	1022	1094	1007	876	836	1206
ENSG00000095539.16	37	50	57	51	30	51
ENSG00000095564.15	1627	1903	1810	2161	1805	2372
ENSG00000095574.12	36	58	64	73	47	59
ENSG00000095585.18	1	4	3	5	0	6
ENSG00000095587.9	3	1	0	1	4	3
ENSG00000095596.12	18	17	16	9	8	18
ENSG00000095627.10	2	0	1	0	0	0
ENSG00000095637.23	8	11	12	14	16	18
ENSG00000095713.14	0	0	0	0	0	0
ENSG00000095739.11	277	319	337	236	296	293
ENSG00000095752.7	1	2	1	6	1	3
ENSG00000095777.17	0	0	0	0	0	0
ENSG00000095787.25	2054	2544	2484	1654	1281	1718
ENSG00000095794.21	106	130	121	90	90	102
ENSG00000095906.17	648	667	773	465	444	582
ENSG00000095917.14	0	0	0	0	0	0
ENSG00000095932.7	0	0	1	0	0	0
ENSG00000095951.17	529	676	608	657	453	620
ENSG00000095970.17	0	0	0	0	0	0
ENSG00000095981.11	0	0	0	0	0	0
ENSG00000096006.12	0	0	4	0	1	1
ENSG00000096060.15	1299	1407	1398	968	851	1211
ENSG00000096063.16	2905	2954	2904	2658	2462	3301
ENSG00000096070.19	1851	2568	2374	2438	1711	2324
ENSG00000096080.12	456	544	497	246	243	344
ENSG00000096088.16	0	0	0	0	0	1
ENSG00000096092.6	670	640	621	319	327	387
ENSG00000096093.16	141	204	174	320	225	318
ENSG00000096150.9	0	0	0	0	0	0
ENSG00000096155.15	0	0	0	0	0	0
ENSG00000096171.14	0	0	0	0	0	0
ENSG00000096264.14	0	0	0	0	0	0
ENSG00000096384.20	87868	89302	82695	55273	56957	71382
ENSG00000096395.11	0	0	0	0	0	0
ENSG00000096401.8	2430	2696	2440	2208	2113	2965
ENSG00000096433.11	3965	5593	4755	4963	3448	4826
ENSG00000096654.16	42	57	55	47	72	61
ENSG00000096696.15	12973	15222	14000	10579	9676	13627
ENSG00000096717.12	392	458	453	449	409	541
ENSG00000096746.18	13470	12770	12786	9292	9552	12433
ENSG00000096872.17	115	133	124	131	92	129
ENSG00000096968.14	768	890	762	863	797	1056
ENSG00000096996.16	0	0	0	0	0	0
ENSG00000097007.20	688	1043	1023	937	661	886
ENSG00000097021.20	700	900	846	466	456	542
ENSG00000097033.15	171	230	202	152	170	210
ENSG00000097046.13	253	273	321	268	256	310
ENSG00000097096.10	583	743	746	698	709	928
ENSG00000099139.14	0	0	0	1	2	3
ENSG00000099194.6	5569	6556	6340	3257	3292	4117
ENSG00000099203.7	314	382	384	209	224	261
ENSG00000099204.21	93	78	75	57	58	90
ENSG00000099219.15	510	625	606	509	439	670
ENSG00000099246.18	1842	1731	1836	1186	1192	1337
ENSG00000099250.18	7142	8064	7815	7033	6247	8477
ENSG00000099256.19	126	120	153	67	119	127
ENSG00000099260.12	1	0	0	0	0	1
ENSG00000099282.10	1060	1263	1276	731	768	1036
ENSG00000099284.15	192	242	243	129	119	151
ENSG00000099290.17	219	169	239	262	210	259
ENSG00000099308.13	350	581	536	493	283	512
ENSG00000099326.9	44	72	88	114	68	97
ENSG00000099330.9	15	34	31	29	24	28
ENSG00000099331.14	1847	2456	2278	2329	1719	2246
ENSG00000099337.5	96	109	150	128	95	111
ENSG00000099338.23	53	51	52	89	77	79
ENSG00000099341.13	1361	1636	1545	725	640	800
ENSG00000099364.18	518	730	571	613	448	634
ENSG00000099365.11	8	16	9	23	11	17
ENSG00000099377.14	315	314	284	177	201	239
ENSG00000099381.19	3050	4544	3784	3535	2598	3559
ENSG00000099385.12	1207	1355	1316	660	728	873
ENSG00000099399.6	0	0	0	0	0	0
ENSG00000099617.4	0	1	4	1	1	2
ENSG00000099622.14	1286	1168	1269	832	645	796
ENSG00000099624.8	190	273	289	153	135	158
ENSG00000099625.14	65	119	103	104	79	97
ENSG00000099715.15	0	0	0	0	0	0
ENSG00000099721.16	0	0	0	0	0	0
ENSG00000099769.6	1	1	0	0	1	2
ENSG00000099783.12	15431	15335	15102	10662	11038	14099
ENSG00000099785.11	36	57	72	62	31	62
ENSG00000099795.7	1767	1886	1878	834	967	988
ENSG00000099797.15	1093	1204	1155	349	397	432
ENSG00000099800.8	321	311	317	130	144	140
ENSG00000099804.9	611	652	601	435	370	427
ENSG00000099810.21	116	116	66	147	94	115
ENSG00000099812.9	1446	1660	1647	1330	1080	1461
ENSG00000099814.17	3243	5282	4636	4920	3325	4642
ENSG00000099817.12	1305	1587	1611	881	855	1142
ENSG00000099821.14	357	379	384	365	266	390
ENSG00000099822.3	134	247	215	172	120	155
ENSG00000099834.19	0	0	0	0	0	0
ENSG00000099840.14	1	0	1	0	2	0
ENSG00000099849.15	35	21	39	50	17	31
ENSG00000099860.9	210	194	198	151	91	136
ENSG00000099864.18	237	288	326	234	204	227
ENSG00000099866.16	3	0	2	0	0	0
ENSG00000099875.16	485	632	607	520	389	525
ENSG00000099889.14	210	282	295	256	235	303
ENSG00000099899.16	354	400	396	416	316	415
ENSG00000099901.17	2332	2421	2380	2123	1931	2279
ENSG00000099904.16	98	135	114	145	105	125
ENSG00000099910.17	431	558	525	665	459	713
ENSG00000099917.17	348	446	413	447	363	468
ENSG00000099937.11	0	0	0	0	0	0
ENSG00000099940.12	440	476	417	295	307	375
ENSG00000099942.13	488	537	524	376	386	454
ENSG00000099949.22	241	304	291	369	228	330
ENSG00000099953.10	0	2	0	0	0	0
ENSG00000099954.19	14	30	17	20	8	22
ENSG00000099956.20	175	211	221	178	164	143
ENSG00000099957.17	1	1	0	0	0	1
ENSG00000099958.15	0	0	0	0	0	0
ENSG00000099960.13	0	0	0	0	0	0
ENSG00000099968.18	543	774	729	579	448	588
ENSG00000099974.8	0	0	0	0	0	0
ENSG00000099977.16	9	13	8	4	7	3
ENSG00000099984.12	0	0	0	0	0	0
ENSG00000099985.4	0	0	0	0	0	0
ENSG00000099991.18	1735	2390	2326	2782	1948	2588
ENSG00000099992.16	115	142	144	114	84	119
ENSG00000099994.11	143	167	164	125	106	139
ENSG00000099995.19	2900	3408	3087	2340	2223	2878
ENSG00000099998.19	1	0	0	0	0	0
ENSG00000099999.15	90	135	90	151	83	148
ENSG00000100003.18	22	24	28	14	16	15
ENSG00000100012.12	0	0	0	0	0	0
ENSG00000100014.20	127	192	161	159	125	170
ENSG00000100023.20	355	459	450	376	321	422
ENSG00000100024.15	0	1	0	0	0	0
ENSG00000100027.17	7	5	5	4	3	3
ENSG00000100028.12	19	19	28	45	27	33
ENSG00000100029.18	6184	7958	7059	4534	3667	5083
ENSG00000100030.15	228	302	282	188	214	238
ENSG00000100031.19	11	3	17	11	11	20
ENSG00000100033.17	15	11	10	14	10	17
ENSG00000100034.14	492	518	592	662	470	611
ENSG00000100036.13	5	4	9	11	1	8
ENSG00000100038.20	411	485	502	677	491	670
ENSG00000100053.10	1	1	4	4	3	5
ENSG00000100055.21	0	0	0	0	0	0
ENSG00000100056.12	389	444	478	394	324	377
ENSG00000100060.18	0	2	0	3	0	2
ENSG00000100065.15	279	422	336	319	214	325
ENSG00000100075.10	1207	1563	1480	850	850	1163
ENSG00000100077.16	375	483	421	463	339	438
ENSG00000100078.4	59	58	67	47	43	58
ENSG00000100079.7	0	0	0	0	0	0
ENSG00000100083.19	600	764	718	940	707	875
ENSG00000100084.14	1022	1501	1295	1186	922	1258
ENSG00000100092.24	33	69	68	45	30	51
ENSG00000100095.19	0	0	0	0	0	0
ENSG00000100097.12	346	408	427	166	256	225
ENSG00000100099.22	267	338	359	433	283	421
ENSG00000100100.13	9	8	7	7	13	19
ENSG00000100101.15	0	0	0	0	0	0
ENSG00000100104.13	269	342	335	274	247	331
ENSG00000100105.18	346	500	460	352	334	466
ENSG00000100106.22	695	930	868	802	557	800
ENSG00000100109.17	1766	1960	1874	1506	1360	1734
ENSG00000100116.17	81	107	117	62	67	84
ENSG00000100121.14	0	0	0	0	0	0
ENSG00000100122.7	0	0	0	0	0	0
ENSG00000100124.15	107	135	148	131	103	148
ENSG00000100129.18	1261	1690	1523	1183	1082	1319
ENSG00000100138.15	108	152	141	68	78	62
ENSG00000100139.14	394	551	472	528	330	457
ENSG00000100142.16	1354	1281	1325	522	578	726
ENSG00000100146.20	0	2	0	0	0	0
ENSG00000100147.14	247	278	249	187	182	241
ENSG00000100150.20	135	202	191	222	149	229
ENSG00000100151.16	322	425	327	325	298	375
ENSG00000100154.15	200	265	261	260	211	224
ENSG00000100156.12	0	0	0	0	0	0
ENSG00000100162.15	55	70	58	47	38	44
ENSG00000100167.21	72	88	96	75	69	59
ENSG00000100170.10	0	0	1	0	0	0
ENSG00000100191.6	0	1	0	0	0	0
ENSG00000100196.11	95	117	72	43	44	55
ENSG00000100197.23	0	1	0	0	0	2
ENSG00000100201.23	6876	7149	7402	10641	8572	11039
ENSG00000100206.11	100	167	193	127	124	176
ENSG00000100207.21	17	30	29	10	14	22
ENSG00000100209.11	73	128	93	79	90	86
ENSG00000100211.12	118	135	142	96	95	142
ENSG00000100216.6	1105	1120	1055	557	646	751
ENSG00000100218.12	1	0	0	5	0	1
ENSG00000100219.17	17025	19246	18437	14316	13538	17225
ENSG00000100220.12	2837	3043	2834	2033	2179	2690
ENSG00000100221.11	264	389	360	290	246	332
ENSG00000100225.18	595	818	730	594	563	748
ENSG00000100226.16	274	343	322	348	290	370
ENSG00000100227.19	472	616	617	451	314	448
ENSG00000100228.14	38	51	60	43	41	41
ENSG00000100234.12	24	9	23	11	18	6
ENSG00000100239.16	562	710	705	868	541	674
ENSG00000100241.22	1162	1831	1651	1554	1187	1484
ENSG00000100242.16	674	793	836	620	420	652
ENSG00000100243.22	473	503	488	269	253	386
ENSG00000100246.13	117	136	108	51	81	103
ENSG00000100249.5	0	0	0	0	0	0
ENSG00000100253.13	0	0	0	1	0	0
ENSG00000100258.18	114	150	141	145	114	186
ENSG00000100263.14	435	490	537	623	434	535
ENSG00000100266.19	540	571	585	468	389	490
ENSG00000100271.17	38	56	45	61	25	48
ENSG00000100276.10	2	2	3	4	1	0
ENSG00000100280.17	1394	1808	1750	1197	1091	1435
ENSG00000100281.14	937	1251	1020	953	803	1171
ENSG00000100284.22	209	244	257	177	124	167
ENSG00000100285.10	4	2	6	10	2	2
ENSG00000100288.20	251	333	288	447	334	466
ENSG00000100290.3	53	42	67	39	25	30
ENSG00000100292.18	31	48	59	12	27	39
ENSG00000100294.13	83	99	93	96	77	97
ENSG00000100296.14	1654	1997	1935	1748	1348	1737
ENSG00000100297.16	2099	2510	2628	1752	1693	2306
ENSG00000100298.16	0	3	0	0	0	0
ENSG00000100299.18	3	8	13	11	4	10
ENSG00000100300.18	126	151	185	63	85	83
ENSG00000100302.7	0	1	2	0	0	0
ENSG00000100304.13	1254	1578	1488	1068	923	1301
ENSG00000100307.13	124	154	185	155	102	110
ENSG00000100311.17	72	106	104	76	61	60
ENSG00000100312.11	0	0	1	0	0	0
ENSG00000100314.4	0	0	0	0	0	0
ENSG00000100316.16	5573	5549	5636	3790	3580	3985
ENSG00000100319.13	98	123	81	57	59	86
ENSG00000100320.24	103	107	90	122	85	99
ENSG00000100321.15	34	52	55	20	20	33
ENSG00000100324.14	171	219	217	220	176	224
ENSG00000100325.15	1693	2172	2130	1784	1449	1919
ENSG00000100330.16	834	1072	965	1080	819	1116
ENSG00000100335.15	246	364	291	234	169	252
ENSG00000100336.18	2	6	0	0	0	0
ENSG00000100341.13	0	0	0	0	0	0
ENSG00000100342.22	1	0	1	3	0	0
ENSG00000100344.11	21	15	18	20	13	28
ENSG00000100345.23	21760	24476	23543	17833	15704	20519
ENSG00000100346.18	25	23	22	29	19	28
ENSG00000100347.15	1480	1744	1665	1084	1075	1406
ENSG00000100348.10	735	799	815	425	454	552
ENSG00000100350.16	148	234	183	149	145	134
ENSG00000100351.17	0	0	1	0	0	0
ENSG00000100353.18	5152	5602	5336	3690	3859	4855
ENSG00000100354.21	910	1237	1103	994	810	1119
ENSG00000100359.21	236	340	359	318	264	353
ENSG00000100360.15	233	207	281	233	217	273
ENSG00000100362.13	0	0	0	0	0	0
ENSG00000100364.19	385	477	466	436	300	448
ENSG00000100365.16	0	1	0	0	0	0
ENSG00000100368.15	0	1	1	2	0	4
ENSG00000100372.15	174	201	190	156	205	206
ENSG00000100373.10	9	40	22	16	13	10
ENSG00000100376.12	173	197	179	265	204	252
ENSG00000100379.18	71	111	83	53	45	66
ENSG00000100380.15	377	296	380	336	316	368
ENSG00000100385.15	0	1	1	0	0	0
ENSG00000100387.9	376	390	465	190	259	270
ENSG00000100393.15	1559	2218	1924	1674	1313	1750
ENSG00000100395.15	869	1002	955	815	689	978
ENSG00000100399.16	1	10	5	6	3	4
ENSG00000100401.21	3073	3890	3341	2807	2410	3445
ENSG00000100403.12	746	1171	1021	965	717	1008
ENSG00000100410.8	697	550	621	264	310	341
ENSG00000100412.17	627	745	736	540	468	620
ENSG00000100413.17	217	268	277	220	182	230
ENSG00000100416.15	307	324	354	353	283	391
ENSG00000100417.12	415	458	399	358	258	366
ENSG00000100418.8	116	153	156	159	113	180
ENSG00000100422.14	278	401	339	341	240	343
ENSG00000100425.19	1108	1419	1468	1373	1131	1465
ENSG00000100426.7	373	661	571	507	377	560
ENSG00000100427.16	0	0	0	0	0	0
ENSG00000100429.18	161	193	211	339	223	319
ENSG00000100433.16	0	0	0	0	0	0
ENSG00000100439.11	395	454	466	321	300	342
ENSG00000100441.10	1605	1976	1868	2077	1490	2387
ENSG00000100442.11	3020	2773	3065	2340	2450	2899
ENSG00000100445.18	55	46	64	59	51	61
ENSG00000100448.4	0	0	0	0	0	0
ENSG00000100450.13	0	0	0	0	0	0
ENSG00000100453.14	0	0	0	0	0	0
ENSG00000100461.18	1295	1449	1306	1044	925	1197
ENSG00000100462.16	1897	2294	2189	1418	1379	1815
ENSG00000100473.18	26	34	34	28	40	48
ENSG00000100478.16	80	70	75	62	66	66
ENSG00000100479.14	628	692	717	861	850	1131
ENSG00000100483.14	257	262	271	342	276	388
ENSG00000100485.12	622	822	750	981	797	1177
ENSG00000100490.10	12	20	25	11	4	12
ENSG00000100503.26	3607	4485	3984	3951	3140	3969
ENSG00000100504.17	9824	11514	10742	7393	7070	8723
ENSG00000100505.14	3	6	10	8	6	3
ENSG00000100519.12	3132	2875	2964	2183	2264	2609
ENSG00000100522.10	2556	2343	2278	1286	1418	1704
ENSG00000100523.16	645	807	835	914	719	885
ENSG00000100526.21	315	496	461	333	385	469
ENSG00000100528.12	738	872	859	707	856	1127
ENSG00000100532.13	249	251	238	209	194	240
ENSG00000100554.12	1211	1315	1113	879	1012	1132
ENSG00000100557.10	0	0	0	0	0	0
ENSG00000100558.9	85	88	90	64	42	67
ENSG00000100564.9	48	52	60	32	29	63
ENSG00000100565.16	0	0	0	0	0	0
ENSG00000100567.13	5095	5156	5127	3315	3583	4130
ENSG00000100568.11	1115	1312	1179	776	684	821
ENSG00000100575.14	7	20	7	9	9	12
ENSG00000100577.19	442	509	500	279	243	318
ENSG00000100578.18	690	863	729	903	703	1042
ENSG00000100580.8	895	939	886	805	688	910
ENSG00000100583.5	166	209	191	156	119	167
ENSG00000100591.8	14025	13699	13901	8037	9214	11365
ENSG00000100592.16	3108	4120	3582	3481	2966	4159
ENSG00000100593.18	5	3	1	3	1	0
ENSG00000100596.8	3043	3500	3426	2504	2315	3064
ENSG00000100599.16	131	260	176	146	93	132
ENSG00000100600.15	344	375	354	255	292	298
ENSG00000100601.10	94	142	130	80	78	86
ENSG00000100603.14	3160	3308	3286	2530	2380	3127
ENSG00000100604.13	0	0	0	0	0	0
ENSG00000100605.17	398	493	451	299	247	287
ENSG00000100612.14	2752	2759	2537	1511	1835	2095
ENSG00000100614.18	2105	2335	2327	2260	1765	2413
ENSG00000100625.9	301	403	375	363	246	406
ENSG00000100626.17	60	74	81	63	41	62
ENSG00000100628.12	0	0	0	0	0	0
ENSG00000100629.17	1132	1407	1298	1397	1148	1474
ENSG00000100632.11	958	1169	1113	690	1005	1244
ENSG00000100644.17	2617	2542	2610	2241	2173	2858
ENSG00000100647.8	34	45	51	45	43	48
ENSG00000100650.16	3805	3849	4209	4418	3855	4850
ENSG00000100652.5	0	0	0	0	0	0
ENSG00000100664.11	11042	12525	11795	9986	9604	12460
ENSG00000100665.12	1	0	1	1	4	2
ENSG00000100678.20	5	13	10	6	15	9
ENSG00000100697.17	8070	9382	8928	9763	8097	10243
ENSG00000100711.14	2163	1962	1865	1252	1099	1423
ENSG00000100714.18	10011	10404	10367	7926	7616	10019
ENSG00000100721.11	0	0	0	0	0	0
ENSG00000100722.20	3117	3486	3248	3027	2834	3731
ENSG00000100726.15	1524	1684	1853	1550	1123	1492
ENSG00000100731.16	2685	3718	3238	3434	2845	3759
ENSG00000100739.11	2	3	4	1	0	1
ENSG00000100744.15	328	347	325	215	229	254
ENSG00000100749.9	2348	2300	2414	2220	1939	2541
ENSG00000100764.14	920	580	818	580	581	534
ENSG00000100767.17	18	28	26	25	19	27
ENSG00000100784.12	376	422	449	421	354	455
ENSG00000100796.18	9467	10608	9641	11105	9175	12254
ENSG00000100802.15	136	202	157	217	155	196
ENSG00000100804.19	1692	1946	2146	975	1068	1230
ENSG00000100811.15	2013	2376	2350	1689	1275	1747
ENSG00000100813.15	8265	10299	9271	10564	8102	11309
ENSG00000100814.18	113	142	131	135	100	132
ENSG00000100815.12	4240	4680	4134	4741	3731	4996
ENSG00000100823.12	2873	2831	2823	1897	1983	2449
ENSG00000100836.11	360	359	401	481	314	417
ENSG00000100842.13	4	3	3	2	1	1
ENSG00000100852.14	1433	1799	1664	1545	1345	1679
ENSG00000100865.15	705	837	768	460	537	747
ENSG00000100867.15	222	197	207	113	130	150
ENSG00000100883.13	2092	2130	2110	2093	1951	2430
ENSG00000100884.10	1	2	2	1	0	1
ENSG00000100888.15	9635	11676	11028	14674	11439	15080
ENSG00000100889.12	2148	2277	2149	1486	1363	1730
ENSG00000100890.16	0	0	0	0	0	0
ENSG00000100897.18	1096	1208	1208	941	794	1019
ENSG00000100902.11	3860	3297	3513	2204	2190	2645
ENSG00000100906.12	1432	1493	1601	1107	1003	1307
ENSG00000100908.14	398	415	423	279	263	353
ENSG00000100911.16	910	932	931	702	685	738
ENSG00000100916.14	671	754	755	754	631	911
ENSG00000100918.14	14	23	15	24	25	28
ENSG00000100926.15	0	0	0	0	0	0
ENSG00000100934.15	1501	1752	1767	1341	1415	1899
ENSG00000100938.19	1214	1286	1249	980	908	1067
ENSG00000100941.9	14540	15577	13877	13377	9646	13107
ENSG00000100949.15	351	464	418	314	265	341
ENSG00000100968.14	14	28	38	26	24	26
ENSG00000100979.15	9	4	2	3	12	7
ENSG00000100982.12	368	497	452	366	261	377
ENSG00000100983.12	1005	1150	1114	889	776	1035
ENSG00000100985.7	21	22	21	11	17	28
ENSG00000100987.15	0	2	0	1	0	0
ENSG00000100991.12	532	684	607	584	533	702
ENSG00000100994.12	2283	2394	2441	1675	1583	2063
ENSG00000100997.20	278	317	283	256	221	310
ENSG00000101000.6	10	13	12	7	4	8
ENSG00000101003.12	1371	1464	1411	968	1130	1359
ENSG00000101004.15	654	811	762	933	667	897
ENSG00000101017.15	0	0	0	2	0	0
ENSG00000101019.22	386	427	481	415	341	534
ENSG00000101040.20	2996	3844	3475	3604	2674	3610
ENSG00000101049.18	0	0	2	1	0	1
ENSG00000101052.13	576	581	584	325	304	424
ENSG00000101057.16	5840	8479	7330	6127	4512	6485
ENSG00000101074.5	0	0	0	0	0	0
ENSG00000101076.20	0	0	0	0	0	0
ENSG00000101079.21	169	184	226	158	154	178
ENSG00000101082.14	0	0	0	2	0	0
ENSG00000101084.19	841	682	792	496	532	659
ENSG00000101096.20	132	245	212	165	137	155
ENSG00000101098.13	121	166	123	107	116	166
ENSG00000101104.13	566	688	655	1214	814	1126
ENSG00000101109.13	853	960	855	785	620	856
ENSG00000101115.13	509	736	661	718	611	772
ENSG00000101126.18	3597	4510	4289	3968	3236	4351
ENSG00000101132.10	1942	2381	2250	1657	1694	1910
ENSG00000101134.12	0	0	0	0	0	0
ENSG00000101138.12	409	531	542	444	409	485
ENSG00000101144.13	368	598	517	326	260	365
ENSG00000101146.13	1561	1525	1574	1029	1167	1329
ENSG00000101150.18	3093	3356	3346	2484	2295	2997
ENSG00000101152.12	576	649	694	434	341	451
ENSG00000101158.15	6362	7130	6677	4447	4198	5650
ENSG00000101160.15	79	94	119	56	60	69
ENSG00000101161.8	8637	10730	9851	7613	6387	8556
ENSG00000101162.4	0	2	1	0	1	0
ENSG00000101166.16	1106	1324	1300	731	834	955
ENSG00000101180.17	2	1	1	0	1	1
ENSG00000101181.18	519	548	612	738	562	845
ENSG00000101182.15	14132	13382	14150	7574	8356	9823
ENSG00000101187.16	208	273	284	204	168	218
ENSG00000101188.5	32	35	37	21	19	24
ENSG00000101189.7	1617	1913	1785	1443	1248	1665
ENSG00000101190.13	657	712	786	705	539	632
ENSG00000101191.17	4682	6306	5527	5936	4427	5768
ENSG00000101193.8	1784	1747	1878	1152	1123	1493
ENSG00000101194.18	31	36	38	49	25	57
ENSG00000101197.13	4	2	3	5	2	6
ENSG00000101198.15	0	0	0	0	0	0
ENSG00000101199.13	1884	2079	2136	1799	1510	1936
ENSG00000101200.5	0	0	0	0	0	0
ENSG00000101203.17	1	2	3	3	2	2
ENSG00000101204.18	1	1	1	1	1	2
ENSG00000101210.13	39201	43830	44630	27397	24987	30443
ENSG00000101213.7	228	233	279	317	238	341
ENSG00000101216.11	552	607	626	579	474	566
ENSG00000101220.18	350	434	436	196	217	282
ENSG00000101222.12	1	3	5	3	1	2
ENSG00000101224.18	1372	1834	1783	1531	1149	1593
ENSG00000101230.6	0	1	2	1	1	0
ENSG00000101236.17	9	12	5	4	9	13
ENSG00000101246.20	855	864	788	933	736	837
ENSG00000101247.18	304	374	380	344	289	373
ENSG00000101251.13	0	0	0	0	0	0
ENSG00000101255.12	707	755	748	482	482	667
ENSG00000101265.16	25	22	20	16	6	7
ENSG00000101266.19	722	753	821	595	618	796
ENSG00000101276.18	25	52	31	35	26	24
ENSG00000101280.8	0	2	1	0	0	0
ENSG00000101282.9	0	0	0	0	0	0
ENSG00000101290.14	318	387	388	248	262	368
ENSG00000101292.8	0	0	0	0	0	0
ENSG00000101294.18	1694	1646	1688	1032	1124	1645
ENSG00000101298.15	0	0	0	0	0	0
ENSG00000101306.11	18	12	19	15	19	7
ENSG00000101307.16	0	0	0	1	0	0
ENSG00000101310.17	2573	2856	2939	2045	2034	2621
ENSG00000101311.17	39	67	52	49	49	85
ENSG00000101323.5	0	0	0	0	0	0
ENSG00000101327.9	0	0	0	0	0	0
ENSG00000101331.17	12	10	12	20	11	12
ENSG00000101333.19	1522	1824	1693	1878	1410	1905
ENSG00000101335.10	0	0	0	0	0	0
ENSG00000101336.18	1	2	0	0	0	0
ENSG00000101337.16	666	1004	863	734	602	815
ENSG00000101342.10	0	0	0	0	0	0
ENSG00000101343.15	3086	4054	3727	2995	2599	3547
ENSG00000101346.14	259	378	351	255	203	286
ENSG00000101347.11	281	301	350	264	305	343
ENSG00000101349.17	0	0	0	0	0	0
ENSG00000101350.8	1101	1516	1364	1070	856	1151
ENSG00000101353.16	10	5	3	14	11	13
ENSG00000101361.17	5568	6473	6022	5279	4174	5693
ENSG00000101363.13	21	44	40	22	22	29
ENSG00000101365.21	1491	1398	1593	1022	1019	1292
ENSG00000101367.9	1316	1379	1500	932	961	1176
ENSG00000101384.12	4	7	3	6	3	5
ENSG00000101391.21	1289	1411	1356	1184	1048	1291
ENSG00000101400.6	86	123	95	107	85	76
ENSG00000101405.3	0	0	0	0	0	0
ENSG00000101407.13	1138	1386	1284	1177	1160	1556
ENSG00000101412.13	210	248	253	353	230	270
ENSG00000101413.12	612	734	788	964	747	1006
ENSG00000101417.12	47	55	41	29	29	36
ENSG00000101421.4	2511	2630	2520	1653	1482	1935
ENSG00000101425.14	0	0	1	0	0	0
ENSG00000101435.5	0	0	0	0	0	0
ENSG00000101438.4	0	0	0	0	0	0
ENSG00000101439.9	405	371	410	231	303	317
ENSG00000101440.10	0	0	0	0	0	0
ENSG00000101441.5	0	0	0	0	0	0
ENSG00000101442.10	602	696	553	698	556	649
ENSG00000101443.18	4	7	2	5	2	1
ENSG00000101444.13	1959	1899	2085	1409	1324	1508
ENSG00000101445.10	0	0	0	0	1	0
ENSG00000101446.8	0	0	0	0	0	0
ENSG00000101447.15	584	709	616	468	409	580
ENSG00000101448.14	0	0	0	0	0	0
ENSG00000101452.15	539	529	560	646	548	699
ENSG00000101457.13	487	555	528	423	384	451
ENSG00000101460.13	0	0	0	0	0	0
ENSG00000101463.6	14	26	25	23	27	35
ENSG00000101464.11	198	148	158	147	172	216
ENSG00000101470.10	2	4	5	2	3	7
ENSG00000101473.17	70	80	93	47	67	72
ENSG00000101474.12	568	664	650	505	508	634
ENSG00000101489.20	0	0	0	0	0	0
ENSG00000101493.11	43	81	69	52	52	52
ENSG00000101542.10	0	0	0	0	0	0
ENSG00000101544.9	326	373	370	313	272	384
ENSG00000101546.13	172	237	187	164	141	198
ENSG00000101557.15	3713	3462	3427	2754	2791	3566
ENSG00000101558.14	1078	1122	1096	709	850	1018
ENSG00000101574.15	110	111	107	179	162	192
ENSG00000101577.11	277	332	347	223	200	284
ENSG00000101596.17	1452	1541	1480	1843	1486	2115
ENSG00000101605.14	6	4	8	14	6	15
ENSG00000101608.13	1354	1386	1484	897	1127	1269
ENSG00000101624.11	139	135	133	162	133	182
ENSG00000101638.14	0	3	0	0	0	2
ENSG00000101639.19	995	1189	1114	1644	1340	1720
ENSG00000101654.18	479	600	506	636	561	741
ENSG00000101665.10	82	135	123	110	97	110
ENSG00000101670.12	0	0	0	0	0	2
ENSG00000101680.16	0	1	0	0	1	0
ENSG00000101695.9	4	2	5	3	6	2
ENSG00000101745.17	1284	1562	1374	1611	1098	1531
ENSG00000101746.16	0	1	0	0	0	0
ENSG00000101751.11	316	393	377	379	309	355
ENSG00000101752.13	1366	1426	1479	1353	1245	1712
ENSG00000101773.19	1007	1188	988	1003	870	1187
ENSG00000101782.15	598	607	646	717	589	800
ENSG00000101811.15	665	768	690	587	478	581
ENSG00000101812.15	0	0	0	1	0	0
ENSG00000101825.8	0	0	2	0	1	0
ENSG00000101842.14	0	0	0	1	0	0
ENSG00000101843.19	961	890	880	402	444	481
ENSG00000101844.18	163	131	123	126	134	171
ENSG00000101846.9	47	70	51	48	47	55
ENSG00000101849.18	494	684	592	410	319	453
ENSG00000101850.13	29	48	36	34	25	22
ENSG00000101856.10	1452	1656	1634	815	893	1099
ENSG00000101868.13	2315	2431	2337	2133	2188	2868
ENSG00000101871.17	39	25	29	25	22	27
ENSG00000101882.10	791	881	809	672	647	802
ENSG00000101883.6	0	0	0	0	0	0
ENSG00000101888.12	42	41	49	7	10	15
ENSG00000101890.5	0	1	0	0	0	0
ENSG00000101892.12	1	1	1	1	0	3
ENSG00000101898.7	60	46	58	65	65	80
ENSG00000101901.13	851	873	861	1000	862	1156
ENSG00000101911.13	1089	932	962	635	737	825
ENSG00000101916.12	0	0	0	0	0	0
ENSG00000101928.13	51	50	38	38	61	55
ENSG00000101935.13	350	429	400	276	263	388
ENSG00000101938.15	0	0	0	0	0	0
ENSG00000101940.18	169	215	246	164	112	185
ENSG00000101945.17	249	348	348	249	185	234
ENSG00000101951.17	0	0	2	0	0	0
ENSG00000101955.15	22	8	15	13	11	9
ENSG00000101958.14	0	0	0	0	0	0
ENSG00000101966.14	429	452	449	445	401	527
ENSG00000101972.20	4086	4742	4228	3581	3139	4203
ENSG00000101974.15	382	489	442	491	409	525
ENSG00000101977.22	2	2	4	8	1	5
ENSG00000101981.12	0	0	0	0	0	0
ENSG00000101986.12	414	432	477	390	321	376
ENSG00000101997.13	878	1038	891	592	558	807
ENSG00000102001.13	1	1	0	0	0	2
ENSG00000102003.12	13	7	21	0	12	6
ENSG00000102007.11	79	144	166	100	104	154
ENSG00000102010.15	0	0	0	0	0	0
ENSG00000102021.11	0	0	0	1	0	0
ENSG00000102024.19	0	0	2	0	1	2
ENSG00000102030.16	3144	3451	3629	2349	2258	2664
ENSG00000102032.13	1	1	2	5	5	2
ENSG00000102034.18	257	370	385	288	221	323
ENSG00000102038.16	180	213	226	188	195	286
ENSG00000102043.16	0	0	0	0	0	0
ENSG00000102048.16	14	17	15	15	6	3
ENSG00000102053.13	0	0	0	0	0	0
ENSG00000102054.18	2250	2230	2107	1687	1635	2084
ENSG00000102055.7	0	0	0	0	0	0
ENSG00000102057.10	15	24	14	25	13	21
ENSG00000102076.10	0	0	0	0	0	0
ENSG00000102078.16	31	40	36	50	55	84
ENSG00000102081.16	1573	1678	1593	1326	1195	1683
ENSG00000102096.9	29	59	47	54	38	41
ENSG00000102098.19	159	163	184	191	137	266
ENSG00000102100.16	59	87	74	53	65	69
ENSG00000102103.18	962	1032	978	606	551	791
ENSG00000102104.9	0	0	0	0	0	0
ENSG00000102109.9	93	116	122	48	65	74
ENSG00000102119.12	413	663	565	315	312	453
ENSG00000102125.17	205	227	199	255	150	233
ENSG00000102128.8	0	0	0	1	0	0
ENSG00000102144.15	6737	5995	6518	4384	5037	5818
ENSG00000102145.16	2	0	0	0	0	0
ENSG00000102158.22	2350	2267	2399	2218	2406	3253
ENSG00000102172.16	1330	1288	1220	912	773	1067
ENSG00000102174.10	3	1	10	8	9	4
ENSG00000102178.13	172	235	212	112	90	136
ENSG00000102181.21	432	457	456	341	328	430
ENSG00000102189.17	1898	2281	1920	2140	1697	2283
ENSG00000102195.10	0	0	0	0	0	0
ENSG00000102218.6	193	188	180	124	113	126
ENSG00000102221.14	723	852	768	680	535	746
ENSG00000102225.17	658	1022	931	873	630	867
ENSG00000102226.10	1877	2140	1980	1492	1346	1827
ENSG00000102230.14	0	0	0	0	0	0
ENSG00000102239.5	0	0	0	0	1	0
ENSG00000102241.12	4271	4459	4159	3325	3478	4579
ENSG00000102243.13	0	1	0	0	1	0
ENSG00000102245.9	0	0	0	0	0	0
ENSG00000102265.12	54	97	100	45	59	98
ENSG00000102271.14	1	0	0	0	0	0
ENSG00000102287.19	0	0	0	0	0	0
ENSG00000102290.23	0	0	0	0	0	0
ENSG00000102302.8	59	105	87	88	81	87
ENSG00000102309.15	416	340	356	150	184	196
ENSG00000102312.24	4	8	19	8	7	11
ENSG00000102313.9	2	4	2	3	1	1
ENSG00000102316.17	792	778	842	553	619	659
ENSG00000102317.18	1520	1570	1656	1284	1272	1469
ENSG00000102349.18	11	28	18	25	22	27
ENSG00000102359.9	0	1	0	0	0	0
ENSG00000102362.16	314	302	328	371	290	367
ENSG00000102383.14	0	0	0	0	0	0
ENSG00000102384.14	303	337	402	546	465	579
ENSG00000102385.13	8	19	20	31	27	29
ENSG00000102387.16	11	11	6	13	6	11
ENSG00000102390.11	2127	2299	1915	1585	1413	1917
ENSG00000102393.14	851	892	943	626	658	845
ENSG00000102401.20	361	363	397	340	307	454
ENSG00000102409.10	1	4	5	2	2	2
ENSG00000102445.20	1	0	0	1	5	0
ENSG00000102452.18	0	0	0	0	0	0
ENSG00000102466.16	0	0	0	0	0	0
ENSG00000102468.11	0	0	0	0	0	0
ENSG00000102471.16	275	319	327	261	229	263
ENSG00000102524.12	3	0	0	1	0	0
ENSG00000102531.16	410	494	445	494	479	616
ENSG00000102539.5	0	1	0	0	0	0
ENSG00000102543.14	67	47	48	57	45	58
ENSG00000102547.19	33	13	26	13	15	18
ENSG00000102554.14	56	59	54	42	16	39
ENSG00000102572.15	1405	1704	1578	1134	995	1269
ENSG00000102575.14	0	1	0	0	0	0
ENSG00000102580.15	381	492	425	350	344	484
ENSG00000102595.21	284	344	376	593	459	704
ENSG00000102606.20	435	580	615	634	533	694
ENSG00000102678.7	0	1	0	0	0	0
ENSG00000102683.8	332	371	405	427	395	531
ENSG00000102699.6	971	1079	1060	1171	984	1317
ENSG00000102710.21	498	644	642	765	594	878
ENSG00000102738.8	698	740	753	559	485	536
ENSG00000102743.15	269	374	379	243	213	336
ENSG00000102753.10	872	897	864	748	712	890
ENSG00000102755.12	0	3	4	1	3	1
ENSG00000102760.13	0	2	1	1	4	0
ENSG00000102763.18	1256	1401	1431	1517	1295	1772
ENSG00000102780.17	1306	1531	1573	2050	1540	2082
ENSG00000102781.14	332	319	306	337	248	361
ENSG00000102786.15	194	228	215	228	213	244
ENSG00000102794.10	0	0	0	0	0	0
ENSG00000102796.12	104	89	72	95	99	132
ENSG00000102802.10	0	0	0	0	0	1
ENSG00000102804.15	730	986	856	855	767	903
ENSG00000102805.16	16	24	28	11	21	29
ENSG00000102837.7	0	0	0	0	0	0
ENSG00000102854.16	0	1	2	1	0	0
ENSG00000102858.13	574	784	709	579	471	665
ENSG00000102870.6	340	519	493	400	274	417
ENSG00000102871.16	249	369	343	300	239	311
ENSG00000102878.18	148	175	199	271	205	208
ENSG00000102879.17	133	198	160	104	116	129
ENSG00000102882.12	636	973	883	606	444	600
ENSG00000102886.15	591	564	557	456	422	508
ENSG00000102890.16	470	594	569	521	428	592
ENSG00000102891.4	0	0	0	0	0	0
ENSG00000102893.18	638	797	719	797	589	831
ENSG00000102897.10	10	33	18	16	14	17
ENSG00000102898.13	148	189	196	122	91	148
ENSG00000102900.13	1397	1625	1515	1128	1062	1310
ENSG00000102901.13	802	945	950	1395	1035	1412
ENSG00000102904.15	22	33	29	66	38	45
ENSG00000102908.23	1797	2297	2181	2884	2212	2907
ENSG00000102910.14	1179	1381	1356	1117	1013	1362
ENSG00000102921.8	181	290	243	220	228	269
ENSG00000102924.12	0	0	0	1	0	0
ENSG00000102931.8	180	196	186	163	167	200
ENSG00000102934.10	1	1	3	0	1	1
ENSG00000102935.12	18	21	22	20	13	21
ENSG00000102962.5	0	0	0	0	0	0
ENSG00000102967.12	518	624	619	491	416	595
ENSG00000102970.11	0	0	0	0	0	0
ENSG00000102974.16	2993	3554	3260	2679	2231	3077
ENSG00000102977.18	163	198	222	154	122	156
ENSG00000102978.13	274	277	307	177	147	187
ENSG00000102981.10	37	44	54	30	36	47
ENSG00000102984.15	108	112	112	128	100	126
ENSG00000102996.5	195	252	325	241	189	243
ENSG00000103005.13	89	116	91	65	62	107
ENSG00000103018.18	1854	2076	2065	807	860	950
ENSG00000103021.10	64	97	97	78	56	100
ENSG00000103023.12	0	0	1	0	0	0
ENSG00000103024.8	336	341	362	250	257	323
ENSG00000103034.15	51	82	79	55	45	66
ENSG00000103035.11	8648	9378	8450	6025	5982	8031
ENSG00000103037.12	297	362	366	389	296	410
ENSG00000103042.9	71	60	53	71	31	61
ENSG00000103043.15	625	820	683	677	648	703
ENSG00000103044.11	17	11	17	17	7	15
ENSG00000103047.8	523	562	466	524	430	547
ENSG00000103051.21	2048	2346	2277	1636	1625	2036
ENSG00000103056.12	4	3	7	1	6	5
ENSG00000103061.13	818	870	811	912	763	945
ENSG00000103064.15	145	177	180	253	156	205
ENSG00000103066.13	52	77	94	99	55	103
ENSG00000103067.14	1585	1822	1815	2016	1574	2342
ENSG00000103089.9	117	109	161	76	58	102
ENSG00000103091.15	987	1387	1301	1357	1020	1403
ENSG00000103111.15	391	507	453	382	304	395
ENSG00000103121.9	828	945	801	835	929	1176
ENSG00000103126.15	1852	2418	2277	2126	1456	2002
ENSG00000103145.11	107	104	115	69	48	71
ENSG00000103148.17	287	414	446	291	244	329
ENSG00000103150.7	313	382	393	278	261	357
ENSG00000103152.12	209	306	339	196	170	242
ENSG00000103154.10	29	60	56	39	52	54
ENSG00000103160.12	615	745	753	464	519	593
ENSG00000103168.17	403	478	463	747	502	647
ENSG00000103174.13	122	144	115	122	89	121
ENSG00000103175.11	0	0	0	0	0	0
ENSG00000103184.12	5	11	9	16	12	12
ENSG00000103187.8	1256	1465	1451	650	633	765
ENSG00000103194.16	1184	1579	1345	1129	973	1305
ENSG00000103196.12	158	169	176	168	172	239
ENSG00000103197.18	1508	1992	1893	1554	1264	1682
ENSG00000103199.14	246	284	266	366	219	349
ENSG00000103202.13	711	924	960	636	547	726
ENSG00000103222.20	513	531	596	918	714	834
ENSG00000103226.19	12	17	9	6	17	9
ENSG00000103227.19	97	133	124	163	89	112
ENSG00000103241.7	0	0	1	2	0	0
ENSG00000103245.14	248	314	251	232	204	290
ENSG00000103248.19	275	316	348	383	265	341
ENSG00000103249.19	351	474	447	317	263	339
ENSG00000103253.19	74	125	127	145	100	122
ENSG00000103254.10	96	157	180	98	113	115
ENSG00000103257.9	5501	5942	5826	3444	3017	3930
ENSG00000103260.9	471	692	710	552	425	571
ENSG00000103264.18	288	376	303	318	255	310
ENSG00000103266.11	2724	3267	3243	1920	1763	2377
ENSG00000103269.14	8	14	6	14	3	8
ENSG00000103274.11	237	288	290	159	175	223
ENSG00000103275.21	1270	1495	1301	828	776	1052
ENSG00000103310.11	0	0	0	0	0	0
ENSG00000103313.14	3	5	6	4	6	4
ENSG00000103316.12	4	3	1	0	1	1
ENSG00000103319.12	854	1131	1045	1024	746	1013
ENSG00000103326.12	1287	2058	1863	1838	1315	1743
ENSG00000103335.22	9282	13695	12265	13304	9516	12938
ENSG00000103342.13	9368	10041	9551	7932	7330	9725
ENSG00000103343.13	228	263	233	172	135	184
ENSG00000103351.13	829	837	788	723	646	829
ENSG00000103353.16	423	444	530	311	297	425
ENSG00000103355.14	0	0	0	0	0	0
ENSG00000103356.18	552	651	682	527	430	578
ENSG00000103363.16	215	233	274	136	141	145
ENSG00000103365.15	1035	1315	1312	1262	1079	1375
ENSG00000103375.11	0	0	0	0	0	0
ENSG00000103381.12	166	193	200	116	143	132
ENSG00000103404.15	937	1395	1154	1210	871	1244
ENSG00000103415.12	49	50	50	32	32	29
ENSG00000103423.14	546	586	569	591	502	571
ENSG00000103426.12	0	0	0	1	0	0
ENSG00000103429.11	35	57	45	37	45	62
ENSG00000103449.13	0	0	0	0	0	0
ENSG00000103460.17	0	0	0	2	0	0
ENSG00000103479.17	711	877	850	1092	836	1213
ENSG00000103485.19	629	674	741	593	480	561
ENSG00000103489.12	163	204	160	152	90	160
ENSG00000103490.14	192	270	206	63	99	119
ENSG00000103494.16	203	196	200	229	201	240
ENSG00000103495.15	1952	2968	2699	2240	1662	2384
ENSG00000103496.15	796	865	858	826	684	890
ENSG00000103502.14	35	31	27	22	14	21
ENSG00000103507.14	170	242	228	137	108	178
ENSG00000103510.20	315	429	457	373	253	374
ENSG00000103512.16	47	49	47	50	44	58
ENSG00000103522.17	4	3	5	8	1	3
ENSG00000103528.17	80	110	121	103	78	128
ENSG00000103534.17	31	52	40	34	45	46
ENSG00000103540.17	740	921	815	897	753	1073
ENSG00000103544.16	435	458	480	434	366	526
ENSG00000103546.19	0	0	0	0	0	0
ENSG00000103549.22	4567	5738	5176	4004	3267	4420
ENSG00000103550.14	1920	2179	1956	1649	1566	2039
ENSG00000103569.10	0	0	0	0	1	0
ENSG00000103591.13	1286	1341	1401	1115	1070	1341
ENSG00000103599.20	62	73	87	87	72	101
ENSG00000103642.12	1071	1092	1163	881	975	1163
ENSG00000103647.13	4	7	3	2	1	4
ENSG00000103653.17	1186	1548	1380	1108	814	1023
ENSG00000103657.14	7630	9359	8828	9943	8490	10914
ENSG00000103671.10	947	1147	1100	920	737	943
ENSG00000103707.10	470	541	524	477	436	639
ENSG00000103710.11	0	0	1	0	0	0
ENSG00000103723.17	148	254	203	176	176	182
ENSG00000103740.10	1	3	1	3	2	10
ENSG00000103742.12	4	3	2	3	4	4
ENSG00000103769.10	1495	1618	1540	901	1071	1203
ENSG00000103811.18	152	205	208	143	104	196
ENSG00000103852.13	220	233	239	286	214	311
ENSG00000103855.18	1031	1101	1057	688	679	862
ENSG00000103876.14	1255	1300	1373	995	817	1148
ENSG00000103888.17	121	175	155	130	90	128
ENSG00000103932.12	298	385	350	287	225	300
ENSG00000103942.13	1410	1779	1465	1430	1072	1338
ENSG00000103966.11	881	1109	1033	727	677	775
ENSG00000103978.17	692	807	710	628	625	803
ENSG00000103994.18	2370	3080	2691	2447	2065	2889
ENSG00000103995.14	1732	1842	1755	2267	1780	2306
ENSG00000104043.15	5	0	0	8	2	6
ENSG00000104044.16	0	0	0	0	0	0
ENSG00000104047.15	24	28	33	32	39	44
ENSG00000104055.17	0	0	0	0	0	0
ENSG00000104059.5	0	0	0	0	0	0
ENSG00000104064.18	233	282	269	221	206	293
ENSG00000104067.17	1349	1228	1301	1550	1275	1532
ENSG00000104081.14	8	6	6	3	2	3
ENSG00000104093.14	6353	6799	6596	10662	8463	11587
ENSG00000104112.9	2	2	1	0	1	0
ENSG00000104129.10	380	501	450	410	303	457
ENSG00000104131.13	2447	2563	2344	1785	1670	1936
ENSG00000104133.16	1183	1500	1477	1685	1416	1910
ENSG00000104140.7	38	41	37	30	35	40
ENSG00000104142.11	803	1051	950	735	577	744
ENSG00000104147.9	118	94	108	70	83	90
ENSG00000104154.7	41	56	54	50	41	51
ENSG00000104164.12	282	370	274	226	242	317
ENSG00000104177.19	2332	2251	2090	2442	2136	2733
ENSG00000104205.16	0	0	0	0	0	0
ENSG00000104213.13	196	191	203	111	160	165
ENSG00000104218.16	1231	1497	1267	1667	1303	1735
ENSG00000104219.13	5	12	7	4	3	10
ENSG00000104221.13	144	178	205	129	125	141
ENSG00000104228.13	234	279	274	230	228	282
ENSG00000104231.11	275	320	307	273	291	357
ENSG00000104237.11	0	0	2	1	0	1
ENSG00000104267.10	1	3	4	1	1	1
ENSG00000104290.11	162	146	207	142	134	193
ENSG00000104299.15	156	167	167	127	104	134
ENSG00000104312.8	86	147	125	108	120	149
ENSG00000104313.20	0	0	0	0	0	0
ENSG00000104320.15	2312	2644	2534	2238	2101	2854
ENSG00000104321.11	0	0	0	0	0	0
ENSG00000104324.16	11	13	17	12	14	16
ENSG00000104325.7	1358	1553	1544	1039	1177	1423
ENSG00000104327.7	3	3	2	2	2	0
ENSG00000104331.9	402	516	422	266	271	364
ENSG00000104332.12	0	0	1	0	0	0
ENSG00000104341.17	1073	1034	1130	612	779	820
ENSG00000104343.21	18	18	18	12	14	17
ENSG00000104356.11	990	1166	1107	1008	928	1273
ENSG00000104361.10	400	509	444	430	340	428
ENSG00000104365.16	412	518	498	563	439	626
ENSG00000104368.19	0	0	0	0	0	0
ENSG00000104369.5	707	1024	876	731	662	888
ENSG00000104371.5	0	0	0	0	0	0
ENSG00000104375.17	1292	1448	1305	1052	925	1357
ENSG00000104381.14	1146	1113	1029	969	744	901
ENSG00000104388.15	1955	2194	2062	1313	1335	1666
ENSG00000104408.11	1247	1518	1525	1128	1380	1737
ENSG00000104412.8	1007	953	959	773	844	1052
ENSG00000104413.18	3467	3991	4008	3897	3200	4248
ENSG00000104415.14	0	0	0	0	0	0
ENSG00000104419.17	375	368	398	307	240	422
ENSG00000104427.13	196	221	200	173	168	241
ENSG00000104432.14	0	0	0	0	0	0
ENSG00000104435.14	0	0	0	0	1	0
ENSG00000104442.10	365	465	422	319	338	423
ENSG00000104447.13	2224	2798	2576	2066	1642	2080
ENSG00000104450.13	479	543	536	669	493	667
ENSG00000104472.10	347	332	273	222	202	285
ENSG00000104490.18	2	5	1	0	1	1
ENSG00000104497.15	41	58	38	43	50	60
ENSG00000104499.7	0	0	0	0	0	0
ENSG00000104517.13	14410	16657	15511	17056	14230	19166
ENSG00000104518.11	0	1	0	0	0	0
ENSG00000104522.16	204	239	281	210	184	190
ENSG00000104524.14	9	14	18	10	16	18
ENSG00000104529.19	1310	950	1081	1614	1308	1600
ENSG00000104537.17	0	0	1	0	0	0
ENSG00000104549.12	9314	8782	8636	6715	6349	8361
ENSG00000104611.12	522	599	625	449	351	480
ENSG00000104613.12	1208	1360	1335	1286	1108	1555
ENSG00000104626.15	175	179	212	164	213	235
ENSG00000104635.15	309	386	404	275	269	383
ENSG00000104643.10	124	146	163	128	104	128
ENSG00000104660.19	147	123	162	54	87	104
ENSG00000104671.8	218	253	248	137	131	185
ENSG00000104679.12	234	355	301	358	256	308
ENSG00000104687.14	3371	3866	3926	2646	2569	3275
ENSG00000104689.10	346	371	392	316	320	347
ENSG00000104691.16	190	196	220	125	112	191
ENSG00000104695.13	232	311	284	211	211	259
ENSG00000104714.14	310	368	350	295	253	354
ENSG00000104722.14	0	0	0	1	0	0
ENSG00000104723.21	768	682	773	477	580	768
ENSG00000104728.16	110	142	147	181	105	152
ENSG00000104731.14	2021	2494	2405	2353	1815	2467
ENSG00000104738.19	3370	4145	3965	3363	3157	4327
ENSG00000104755.16	0	0	0	2	4	1
ENSG00000104756.16	87	59	49	67	62	105
ENSG00000104760.17	0	0	0	0	0	0
ENSG00000104763.20	770	904	795	591	552	705
ENSG00000104765.16	206	190	191	110	156	145
ENSG00000104774.13	395	433	456	468	367	554
ENSG00000104783.15	220	278	277	257	248	255
ENSG00000104804.8	0	1	0	0	0	0
ENSG00000104805.16	1390	1534	1496	1159	1018	1471
ENSG00000104808.8	6	10	9	5	7	8
ENSG00000104812.15	1603	1691	1784	1522	1306	1761
ENSG00000104814.13	19	20	37	42	10	49
ENSG00000104818.15	0	0	0	0	0	0
ENSG00000104823.9	385	444	406	261	228	293
ENSG00000104824.18	2695	2735	2779	2707	2202	2852
ENSG00000104825.17	335	453	427	265	220	333
ENSG00000104826.15	0	0	0	0	0	0
ENSG00000104827.12	0	0	0	0	0	0
ENSG00000104833.12	19	16	15	18	19	13
ENSG00000104835.15	13	6	12	15	17	18
ENSG00000104848.2	0	0	0	0	0	0
ENSG00000104852.15	7187	8573	8124	6146	4805	6392
ENSG00000104853.16	1859	2171	2200	1493	1294	1575
ENSG00000104856.15	60	82	80	64	57	89
ENSG00000104859.15	609	788	780	692	537	771
ENSG00000104863.12	70	80	113	107	67	111
ENSG00000104866.11	540	746	668	636	472	678
ENSG00000104870.13	24	7	11	25	15	22
ENSG00000104872.11	379	441	469	460	332	451
ENSG00000104879.5	0	0	0	0	0	0
ENSG00000104880.19	410	561	532	484	321	458
ENSG00000104881.16	525	611	659	563	421	591
ENSG00000104883.8	10	18	13	9	7	8
ENSG00000104884.17	272	349	334	306	212	336
ENSG00000104885.19	1017	1598	1431	1372	908	1218
ENSG00000104886.12	487	489	521	399	322	481
ENSG00000104888.10	11	16	13	10	8	16
ENSG00000104889.7	3558	4000	3892	1943	2170	2373
ENSG00000104892.17	32	35	39	20	12	14
ENSG00000104894.12	0	0	0	0	1	0
ENSG00000104897.10	376	484	443	408	325	415
ENSG00000104899.8	15	51	52	52	30	35
ENSG00000104901.7	4	2	0	0	0	3
ENSG00000104903.5	1	0	0	3	0	0
ENSG00000104904.12	1043	1751	1311	883	834	1274
ENSG00000104907.13	960	1158	1088	1022	797	1058
ENSG00000104915.15	515	628	684	537	437	602
ENSG00000104918.8	0	0	0	0	0	0
ENSG00000104921.15	0	0	0	0	0	0
ENSG00000104936.20	275	457	444	406	280	423
ENSG00000104938.18	0	0	0	0	0	0
ENSG00000104941.8	0	1	3	0	0	1
ENSG00000104946.14	316	368	371	331	246	370
ENSG00000104951.16	4	3	3	10	1	11
ENSG00000104953.20	13	20	9	9	7	16
ENSG00000104957.14	249	277	294	408	249	365
ENSG00000104960.15	577	682	724	597	485	694
ENSG00000104964.15	509	572	640	337	312	387
ENSG00000104967.8	1	2	6	3	0	1
ENSG00000104969.11	279	336	326	212	194	220
ENSG00000104972.16	0	0	0	0	0	0
ENSG00000104973.19	260	273	245	244	219	281
ENSG00000104974.12	0	0	0	0	0	0
ENSG00000104976.13	45	53	45	30	16	30
ENSG00000104979.9	2105	2247	2056	1382	1327	1709
ENSG00000104980.8	999	1186	1150	875	807	1061
ENSG00000104983.8	62	69	69	58	58	54
ENSG00000104998.4	100	92	120	93	58	93
ENSG00000105011.9	594	439	537	300	364	365
ENSG00000105048.18	2361	2638	2386	1732	1511	2002
ENSG00000105053.11	127	150	113	138	81	122
ENSG00000105058.12	970	920	976	500	515	611
ENSG00000105063.19	2145	3108	2640	2252	1779	2606
ENSG00000105072.9	94	111	105	128	90	152
ENSG00000105085.11	48	103	115	60	47	55
ENSG00000105088.9	9	18	15	8	9	11
ENSG00000105122.13	1	0	0	0	1	0
ENSG00000105127.10	1746	2069	1915	1583	1301	1629
ENSG00000105131.8	2	3	2	4	4	0
ENSG00000105135.16	1568	1895	1784	1209	1047	1448
ENSG00000105136.22	30	31	36	27	30	35
ENSG00000105137.13	13	11	16	9	9	16
ENSG00000105141.6	0	0	0	0	0	1
ENSG00000105143.13	0	0	1	1	0	0
ENSG00000105146.14	0	0	0	0	1	0
ENSG00000105171.10	177	236	215	125	100	129
ENSG00000105173.14	255	275	280	221	179	224
ENSG00000105176.18	1735	1925	1850	1605	1268	1690
ENSG00000105185.12	866	762	856	650	630	844
ENSG00000105186.16	932	1318	1190	1200	951	1267
ENSG00000105193.9	3265	3392	3766	1501	1985	1745
ENSG00000105197.11	838	880	941	564	503	512
ENSG00000105198.12	0	0	0	0	0	0
ENSG00000105202.9	6679	6472	6794	4074	4779	5489
ENSG00000105204.14	22	45	53	36	24	26
ENSG00000105205.7	0	0	0	0	0	0
ENSG00000105219.10	16	25	16	30	14	25
ENSG00000105220.17	1712	1853	1918	1418	1307	1543
ENSG00000105221.18	801	1078	1056	767	591	892
ENSG00000105223.21	120	235	192	235	194	296
ENSG00000105227.16	68	128	91	88	86	91
ENSG00000105229.7	547	705	633	543	455	609
ENSG00000105245.9	289	345	306	292	252	304
ENSG00000105246.6	0	0	0	0	0	0
ENSG00000105248.16	466	599	559	464	375	538
ENSG00000105251.11	0	0	0	0	0	0
ENSG00000105254.12	696	849	833	566	595	696
ENSG00000105255.11	105	139	143	126	89	139
ENSG00000105258.9	283	340	346	133	137	149
ENSG00000105261.8	0	0	0	1	0	0
ENSG00000105270.15	1	3	8	5	6	22
ENSG00000105278.12	0	0	0	0	0	0
ENSG00000105281.12	2641	2879	2957	1740	1923	2352
ENSG00000105287.13	1005	1193	1180	1135	751	966
ENSG00000105289.15	994	1200	1159	1163	856	1023
ENSG00000105290.13	217	291	219	188	173	236
ENSG00000105298.14	489	646	634	528	380	565
ENSG00000105321.14	1114	1241	1172	1125	965	1236
ENSG00000105323.18	3338	4317	4024	3008	2381	3311
ENSG00000105325.15	187	264	210	161	158	167
ENSG00000105327.18	14	22	20	17	14	13
ENSG00000105329.11	203	279	226	241	166	241
ENSG00000105339.11	148	178	136	210	153	166
ENSG00000105341.19	338	392	392	265	278	327
ENSG00000105352.11	0	0	0	0	0	0
ENSG00000105355.9	358	426	467	252	225	368
ENSG00000105357.20	4419	5444	5142	4572	3479	4905
ENSG00000105364.14	386	448	460	255	221	242
ENSG00000105366.15	0	0	0	0	0	0
ENSG00000105369.10	0	1	0	2	0	1
ENSG00000105370.8	0	0	0	0	0	0
ENSG00000105371.10	0	0	0	0	1	0
ENSG00000105372.8	3605	4200	4142	1728	2022	2163
ENSG00000105373.19	1751	2220	2037	1460	1221	1661
ENSG00000105374.10	0	0	0	0	0	0
ENSG00000105376.5	18	23	20	40	21	32
ENSG00000105379.10	2245	2428	2477	1310	1393	1681
ENSG00000105383.15	0	4	0	0	0	0
ENSG00000105388.17	41	66	69	52	44	50
ENSG00000105392.17	0	0	0	0	0	0
ENSG00000105393.16	462	515	517	472	449	585
ENSG00000105397.15	450	694	658	858	612	820
ENSG00000105398.4	0	0	0	0	0	0
ENSG00000105401.9	5769	5724	6019	5853	4604	5747
ENSG00000105402.8	618	790	722	391	405	454
ENSG00000105404.11	193	247	199	102	119	114
ENSG00000105409.19	7	15	15	15	8	4
ENSG00000105419.18	78	106	93	108	63	109
ENSG00000105426.18	2105	2935	2838	2944	2033	2784
ENSG00000105427.10	1	0	3	0	1	0
ENSG00000105428.6	0	0	0	0	0	0
ENSG00000105429.13	144	243	217	252	165	256
ENSG00000105438.9	1408	1565	1648	766	953	1071
ENSG00000105443.17	247	305	352	327	263	352
ENSG00000105447.13	1680	1948	1756	1202	1082	1466
ENSG00000105464.4	24	38	38	32	22	31
ENSG00000105467.9	0	0	0	0	0	0
ENSG00000105472.14	0	2	4	4	0	4
ENSG00000105479.16	24	20	23	37	21	29
ENSG00000105483.18	468	487	516	654	508	677
ENSG00000105486.15	2912	3386	3297	3307	2546	3356
ENSG00000105492.16	0	0	0	1	0	0
ENSG00000105497.8	1	4	0	1	2	0
ENSG00000105499.14	29	26	29	21	21	20
ENSG00000105507.3	0	0	0	0	0	0
ENSG00000105509.11	0	0	0	0	0	0
ENSG00000105514.8	1077	1300	1376	720	744	932
ENSG00000105516.11	78	107	75	72	42	97
ENSG00000105518.14	174	238	212	150	136	159
ENSG00000105519.18	35	34	25	55	40	41
ENSG00000105520.11	51	102	107	62	54	88
ENSG00000105523.4	2	2	2	6	4	3
ENSG00000105538.10	79	70	79	147	98	115
ENSG00000105549.11	1	10	4	0	0	3
ENSG00000105550.10	0	0	0	0	0	0
ENSG00000105552.15	400	477	538	261	290	391
ENSG00000105556.12	326	403	351	355	281	317
ENSG00000105559.12	4	5	7	2	6	2
ENSG00000105568.19	1503	1678	1774	1058	1092	1431
ENSG00000105576.16	1888	2477	2329	2474	1898	2619
ENSG00000105583.11	753	878	908	399	492	462
ENSG00000105605.8	0	0	0	0	0	1
ENSG00000105607.13	324	359	369	303	224	315
ENSG00000105609.17	0	0	0	0	0	0
ENSG00000105610.6	0	0	5	0	0	0
ENSG00000105612.10	227	232	238	175	169	236
ENSG00000105613.10	70	86	84	114	78	142
ENSG00000105617.4	60	62	55	47	46	68
ENSG00000105618.14	403	423	457	377	314	344
ENSG00000105619.14	133	138	161	129	133	118
ENSG00000105639.21	1	5	1	1	1	1
ENSG00000105640.13	1023	474	678	390	679	462
ENSG00000105641.4	4	1	0	1	1	2
ENSG00000105642.16	1	1	1	1	0	0
ENSG00000105643.11	26	51	41	58	31	45
ENSG00000105647.19	0	0	0	0	0	0
ENSG00000105649.10	116	168	148	146	111	164
ENSG00000105650.23	0	0	0	0	0	0
ENSG00000105655.19	606	735	727	498	369	501
ENSG00000105656.13	179	254	213	219	163	202
ENSG00000105662.16	99	129	134	128	81	97
ENSG00000105664.11	0	0	0	0	1	0
ENSG00000105668.8	0	0	2	0	0	3
ENSG00000105669.14	1999	2476	2311	1220	1139	1441
ENSG00000105671.12	1937	2389	2181	1568	1304	1675
ENSG00000105672.15	3	8	6	1	2	3
ENSG00000105675.9	0	0	1	0	0	2
ENSG00000105676.14	371	495	453	290	307	460
ENSG00000105677.12	429	415	475	192	226	234
ENSG00000105679.9	0	1	0	0	0	0
ENSG00000105695.15	7	6	3	3	1	9
ENSG00000105696.9	2	4	3	3	2	4
ENSG00000105697.9	0	0	0	0	0	0
ENSG00000105698.16	1172	1623	1429	1147	896	1141
ENSG00000105699.17	909	1201	1134	827	736	1107
ENSG00000105700.11	63	100	85	94	47	58
ENSG00000105701.16	1887	2219	2146	1650	1526	2148
ENSG00000105705.16	680	831	674	662	524	653
ENSG00000105707.15	37	26	25	31	29	32
ENSG00000105708.9	69	100	88	64	50	69
ENSG00000105711.14	57	82	74	64	63	59
ENSG00000105717.14	43	37	42	62	38	46
ENSG00000105722.10	859	1219	980	741	617	870
ENSG00000105723.13	130	182	147	94	90	121
ENSG00000105726.17	1022	1357	1273	1077	864	1123
ENSG00000105732.13	170	302	299	214	165	221
ENSG00000105737.10	10	20	26	24	14	13
ENSG00000105738.11	1119	1858	1651	1586	1083	1471
ENSG00000105750.15	2	4	3	8	4	3
ENSG00000105755.8	5	23	25	21	12	18
ENSG00000105767.3	197	241	214	135	143	174
ENSG00000105771.14	541	577	565	633	480	600
ENSG00000105778.20	804	935	1045	919	813	1089
ENSG00000105784.16	7	18	12	5	8	21
ENSG00000105792.19	14	17	19	31	13	20
ENSG00000105793.16	660	681	550	483	520	629
ENSG00000105808.19	0	1	1	2	0	0
ENSG00000105810.10	277	296	281	196	197	215
ENSG00000105819.14	2515	2999	2870	2276	2358	2971
ENSG00000105821.15	4381	4865	4258	4024	3353	4589
ENSG00000105825.14	10	36	19	12	14	19
ENSG00000105829.13	15	18	13	13	11	12
ENSG00000105835.13	1122	1486	1273	819	914	1157
ENSG00000105849.6	368	380	370	402	306	483
ENSG00000105851.11	1	0	4	0	0	1
ENSG00000105852.11	0	0	0	0	0	0
ENSG00000105854.13	211	162	220	231	181	280
ENSG00000105855.10	1	2	0	3	0	1
ENSG00000105856.14	320	340	373	318	302	355
ENSG00000105865.11	96	87	57	46	54	64
ENSG00000105866.15	83	84	64	67	50	58
ENSG00000105875.15	286	343	314	410	268	390
ENSG00000105877.19	8	5	5	7	6	15
ENSG00000105879.13	515	538	578	400	411	458
ENSG00000105880.7	1	0	1	0	0	0
ENSG00000105887.11	870	861	848	484	539	622
ENSG00000105889.16	0	0	0	0	0	0
ENSG00000105894.13	0	0	0	0	0	0
ENSG00000105926.16	341	446	390	403	350	438
ENSG00000105928.16	0	0	0	0	0	1
ENSG00000105929.16	162	154	169	133	130	163
ENSG00000105939.14	1372	1602	1534	1249	1134	1466
ENSG00000105948.13	281	279	244	249	226	304
ENSG00000105953.16	1543	1783	1801	1413	1310	1764
ENSG00000105954.2	0	0	0	0	0	0
ENSG00000105963.15	345	483	441	282	248	304
ENSG00000105967.16	0	0	0	0	0	0
ENSG00000105968.19	348	359	377	254	284	295
ENSG00000105971.15	123	144	132	81	61	67
ENSG00000105974.13	34	29	21	7	9	13
ENSG00000105976.16	213	203	198	239	204	272
ENSG00000105982.17	41	46	58	45	34	64
ENSG00000105983.23	341	397	382	403	325	426
ENSG00000105989.10	0	0	0	0	0	0
ENSG00000105991.10	4	3	3	10	7	5
ENSG00000105993.15	1047	1020	1030	690	639	838
ENSG00000105996.7	3	2	5	4	2	3
ENSG00000105997.23	9	11	4	5	8	3
ENSG00000106003.14	34	45	32	54	28	36
ENSG00000106004.5	12	34	25	32	16	28
ENSG00000106006.6	4	6	8	10	6	4
ENSG00000106009.16	479	547	612	457	382	502
ENSG00000106012.18	1182	1720	1497	1494	1014	1283
ENSG00000106013.15	0	0	0	0	0	0
ENSG00000106018.14	2	1	3	1	2	0
ENSG00000106025.9	0	1	1	0	0	0
ENSG00000106028.11	398	311	363	331	327	376
ENSG00000106031.9	3	7	6	1	5	4
ENSG00000106034.18	2	1	2	0	0	0
ENSG00000106038.13	0	0	0	0	0	0
ENSG00000106049.9	515	627	623	414	473	637
ENSG00000106052.14	2083	2300	2131	1884	1849	2248
ENSG00000106066.15	0	0	0	0	0	0
ENSG00000106069.25	0	0	0	0	0	0
ENSG00000106070.20	48	66	75	65	71	90
ENSG00000106077.19	472	499	527	409	341	434
ENSG00000106078.19	534	755	648	639	442	659
ENSG00000106080.11	225	195	211	211	201	241
ENSG00000106086.20	279	278	225	360	310	321
ENSG00000106089.12	199	202	244	221	170	220
ENSG00000106100.11	278	323	353	426	305	396
ENSG00000106105.15	4713	5085	4948	3657	3735	4788
ENSG00000106113.19	0	0	0	0	0	0
ENSG00000106123.12	2	1	0	2	1	5
ENSG00000106125.14	57	72	64	73	53	92
ENSG00000106128.19	0	0	0	0	0	0
ENSG00000106144.20	664	915	863	961	736	979
ENSG00000106153.13	108	141	150	76	89	84
ENSG00000106178.7	0	0	0	0	0	0
ENSG00000106211.10	8554	9066	9511	4433	4705	5518
ENSG00000106236.4	0	0	0	0	0	0
ENSG00000106244.13	3505	3633	3526	2994	2344	2956
ENSG00000106245.11	456	503	467	293	312	353
ENSG00000106246.18	0	0	0	0	0	0
ENSG00000106258.15	0	0	0	0	0	2
ENSG00000106261.17	3829	4430	4166	3794	3124	4166
ENSG00000106263.19	11056	12102	12117	9383	8258	11033
ENSG00000106266.11	801	926	894	559	484	605
ENSG00000106268.16	1342	1145	1280	544	631	733
ENSG00000106278.12	0	0	0	1	0	0
ENSG00000106290.16	937	1359	1407	1137	893	1221
ENSG00000106299.8	1207	1321	1355	1047	1033	1283
ENSG00000106302.10	0	0	0	0	0	0
ENSG00000106304.16	0	0	0	0	0	0
ENSG00000106305.10	1434	1741	1643	747	855	897
ENSG00000106327.13	34	54	36	32	28	46
ENSG00000106328.10	3	9	3	5	3	0
ENSG00000106330.12	32	38	36	32	32	31
ENSG00000106331.18	0	0	0	0	0	0
ENSG00000106333.13	73	57	87	127	114	134
ENSG00000106336.13	25	33	33	44	28	49
ENSG00000106341.11	0	0	0	0	0	0
ENSG00000106344.8	3383	3830	3500	2998	2831	3811
ENSG00000106346.12	613	824	768	804	559	749
ENSG00000106348.18	721	909	970	930	735	917
ENSG00000106351.13	147	161	134	149	129	158
ENSG00000106355.10	1977	2216	1935	1183	1670	1659
ENSG00000106366.9	1	0	0	0	0	1
ENSG00000106367.15	4209	4604	4238	2284	2447	2869
ENSG00000106384.12	0	0	0	0	0	0
ENSG00000106392.11	57	82	48	67	56	71
ENSG00000106397.12	3313	3553	3515	2437	2190	2919
ENSG00000106399.11	962	1016	1049	397	580	530
ENSG00000106400.12	553	558	605	297	319	371
ENSG00000106404.14	74	113	81	166	107	153
ENSG00000106410.15	0	0	0	0	0	0
ENSG00000106415.13	240	324	275	305	216	304
ENSG00000106436.7	0	0	0	0	0	0
ENSG00000106443.17	5140	5487	5074	4794	4146	5798
ENSG00000106459.15	244	267	282	226	171	272
ENSG00000106460.20	191	200	211	176	191	271
ENSG00000106462.12	1624	2066	1821	1920	1591	2187
ENSG00000106477.20	225	260	209	173	139	190
ENSG00000106479.11	436	600	621	781	546	785
ENSG00000106483.12	0	0	0	0	0	0
ENSG00000106484.16	355	460	445	319	298	393
ENSG00000106511.6	0	0	0	0	0	0
ENSG00000106524.9	272	221	289	349	293	316
ENSG00000106526.11	1	3	3	12	3	3
ENSG00000106536.21	0	0	0	0	0	0
ENSG00000106537.8	4035	3970	4300	2473	2840	3623
ENSG00000106538.10	0	0	1	0	0	0
ENSG00000106541.12	289	411	423	278	325	348
ENSG00000106546.14	1	0	0	0	0	0
ENSG00000106554.13	1041	1154	1198	720	823	1006
ENSG00000106560.11	0	2	0	3	0	0
ENSG00000106565.18	0	0	0	1	0	2
ENSG00000106571.15	388	612	481	400	295	359
ENSG00000106588.12	0	0	0	0	0	0
ENSG00000106591.4	387	453	457	276	275	318
ENSG00000106603.20	183	234	251	181	166	184
ENSG00000106605.11	1455	1444	1408	852	810	990
ENSG00000106608.17	656	870	850	774	636	817
ENSG00000106609.16	81	121	105	79	80	128
ENSG00000106615.10	265	206	259	175	153	174
ENSG00000106617.15	217	198	230	253	186	241
ENSG00000106624.11	51	62	54	43	32	46
ENSG00000106628.13	667	849	914	665	608	765
ENSG00000106631.8	1	1	0	0	1	0
ENSG00000106633.18	0	0	0	1	0	0
ENSG00000106635.8	1369	1229	1200	696	713	850
ENSG00000106636.9	690	752	877	495	507	623
ENSG00000106638.18	900	1166	992	680	633	896
ENSG00000106648.14	0	0	0	0	1	0
ENSG00000106665.16	81	102	101	76	64	75
ENSG00000106682.16	2331	2801	2474	1794	1719	2040
ENSG00000106683.15	1183	1471	1281	1008	866	1120
ENSG00000106686.17	10	9	5	8	11	14
ENSG00000106688.12	15	18	12	13	18	21
ENSG00000106689.11	13	15	21	23	12	21
ENSG00000106692.15	209	227	241	250	202	268
ENSG00000106701.13	78	58	67	90	73	89
ENSG00000106714.18	0	0	0	0	0	0
ENSG00000106723.17	378	479	468	434	428	461
ENSG00000106733.21	54	52	59	54	41	71
ENSG00000106771.13	395	459	483	473	368	454
ENSG00000106772.19	9	12	8	15	3	13
ENSG00000106780.9	232	288	309	262	197	283
ENSG00000106785.15	261	309	288	271	161	249
ENSG00000106789.13	110	133	140	119	112	145
ENSG00000106799.14	434	442	448	292	268	402
ENSG00000106803.10	209	184	217	100	154	130
ENSG00000106804.10	247	318	263	348	299	392
ENSG00000106809.11	0	0	0	0	0	0
ENSG00000106819.13	0	0	0	0	0	0
ENSG00000106823.13	1	0	0	0	0	1
ENSG00000106829.21	0	2	0	6	0	0
ENSG00000106852.16	6	2	1	0	2	0
ENSG00000106853.20	606	554	587	504	466	598
ENSG00000106868.17	336	415	425	345	303	409
ENSG00000106927.12	14	25	18	4	9	7
ENSG00000106948.17	242	320	295	241	187	276
ENSG00000106952.8	0	0	0	0	0	0
ENSG00000106976.22	376	440	426	731	506	763
ENSG00000106991.14	1	1	0	2	0	2
ENSG00000106992.19	561	623	595	293	307	382
ENSG00000106993.12	283	294	279	261	236	302
ENSG00000107014.9	1	3	1	3	1	0
ENSG00000107018.8	0	0	0	0	0	0
ENSG00000107020.10	65	72	94	42	50	55
ENSG00000107021.16	218	272	250	225	170	250
ENSG00000107036.12	386	531	508	600	451	650
ENSG00000107077.19	611	727	632	658	522	745
ENSG00000107099.18	759	942	906	954	750	991
ENSG00000107104.21	404	566	552	438	391	537
ENSG00000107105.15	0	0	0	0	0	0
ENSG00000107130.10	155	227	235	141	135	136
ENSG00000107140.16	151	251	210	178	134	231
ENSG00000107147.14	0	0	0	0	1	0
ENSG00000107159.14	0	2	0	0	0	1
ENSG00000107164.17	1847	1788	1907	1357	1214	1617
ENSG00000107165.13	6	13	5	9	6	8
ENSG00000107175.12	383	417	423	280	271	383
ENSG00000107185.10	126	146	172	124	115	168
ENSG00000107186.17	513	579	523	718	546	749
ENSG00000107187.17	3	1	0	0	0	3
ENSG00000107201.11	13	20	14	9	6	12
ENSG00000107223.13	8085	8024	7797	3330	3565	3803
ENSG00000107242.20	22	39	32	24	25	24
ENSG00000107249.24	1	4	1	2	1	2
ENSG00000107262.26	1549	1833	1638	1500	1209	1682
ENSG00000107263.19	1233	1741	1595	1745	1178	1534
ENSG00000107281.10	292	466	402	521	348	474
ENSG00000107282.9	6	9	6	6	2	10
ENSG00000107290.14	2252	2923	2528	2778	2288	3177
ENSG00000107295.10	0	0	0	0	0	0
ENSG00000107317.13	0	0	0	0	0	0
ENSG00000107331.18	2067	2945	2799	3634	2574	3465
ENSG00000107338.10	60	100	91	44	39	50
ENSG00000107341.5	777	759	702	533	565	643
ENSG00000107362.14	16	39	27	35	32	39
ENSG00000107371.14	378	343	394	327	326	445
ENSG00000107372.13	28	53	39	37	36	47
ENSG00000107404.21	529	840	733	676	495	685
ENSG00000107438.9	252	296	333	227	211	226
ENSG00000107443.16	21	42	31	20	23	35
ENSG00000107447.8	0	0	0	0	0	0
ENSG00000107485.18	1673	2513	2371	1883	1480	1782
ENSG00000107518.18	2	3	7	6	3	4
ENSG00000107521.21	158	220	170	152	120	187
ENSG00000107537.14	273	347	358	207	244	306
ENSG00000107551.21	0	3	4	2	5	0
ENSG00000107554.17	345	408	403	393	325	464
ENSG00000107560.12	106	122	111	128	126	112
ENSG00000107562.17	123	171	156	155	120	169
ENSG00000107566.14	451	556	505	374	378	424
ENSG00000107581.13	29009	35049	31032	23832	19401	25946
ENSG00000107593.17	0	1	0	1	0	1
ENSG00000107611.16	0	1	1	0	0	0
ENSG00000107614.22	6	11	5	0	3	9
ENSG00000107625.14	655	725	705	545	557	668
ENSG00000107643.17	297	320	324	320	263	369
ENSG00000107651.15	1670	1844	1786	1897	1579	2179
ENSG00000107669.19	342	379	340	365	378	425
ENSG00000107672.15	322	329	363	329	292	361
ENSG00000107679.15	181	209	191	253	226	323
ENSG00000107719.10	35	36	37	51	16	36
ENSG00000107731.12	34	55	21	31	25	32
ENSG00000107736.22	1	3	1	1	1	0
ENSG00000107738.20	0	0	0	0	0	0
ENSG00000107742.14	10	11	16	16	18	16
ENSG00000107745.20	866	904	922	649	680	942
ENSG00000107758.16	312	366	362	389	340	400
ENSG00000107771.17	305	387	391	394	309	450
ENSG00000107779.14	113	89	108	89	81	124
ENSG00000107789.16	83	109	127	105	101	164
ENSG00000107796.13	14	24	35	13	11	27
ENSG00000107798.18	208	198	218	123	127	162
ENSG00000107807.13	0	0	0	1	0	0
ENSG00000107815.10	420	525	460	333	230	319
ENSG00000107816.17	371	430	511	515	371	533
ENSG00000107819.15	23	38	26	57	41	40
ENSG00000107821.15	80	143	106	141	99	150
ENSG00000107829.15	583	662	652	568	560	661
ENSG00000107831.14	0	0	1	0	0	0
ENSG00000107833.11	1946	2099	1920	1077	1257	1466
ENSG00000107854.6	1914	2125	2043	1936	1617	2090
ENSG00000107859.10	0	0	0	0	0	0
ENSG00000107862.7	3175	3713	3436	3306	2549	3744
ENSG00000107863.20	647	842	796	764	568	736
ENSG00000107864.15	8	8	19	14	9	10
ENSG00000107872.14	25	36	37	32	34	32
ENSG00000107874.11	300	342	321	234	215	258
ENSG00000107882.12	124	183	168	138	103	178
ENSG00000107890.17	1117	1428	1173	1782	1253	1608
ENSG00000107897.20	1838	1949	1890	1373	1252	1730
ENSG00000107902.14	61	56	67	55	43	85
ENSG00000107929.16	2934	3683	3467	3289	2517	3310
ENSG00000107937.19	19428	22915	21517	15605	13986	17965
ENSG00000107938.18	821	993	893	1197	983	1216
ENSG00000107949.17	3395	3523	3390	2409	2315	2960
ENSG00000107951.15	497	585	568	557	531	636
ENSG00000107954.11	0	0	2	0	1	1
ENSG00000107957.17	32	40	52	38	32	20
ENSG00000107959.17	2833	3500	3270	2482	2220	2940
ENSG00000107960.12	483	581	597	522	435	580
ENSG00000107968.10	135	118	121	186	147	237
ENSG00000107984.10	1296	1383	1517	1000	1120	1349
ENSG00000108001.16	0	1	0	0	0	0
ENSG00000108010.12	1536	1379	1523	1161	1121	1487
ENSG00000108018.16	0	0	0	0	0	0
ENSG00000108021.22	3471	4427	3937	4267	3402	4567
ENSG00000108039.18	513	562	552	442	355	518
ENSG00000108055.11	5135	6336	5712	5114	4642	5881
ENSG00000108061.13	428	538	532	425	439	532
ENSG00000108064.11	463	499	460	364	337	411
ENSG00000108091.11	1622	2210	1862	1458	1184	1540
ENSG00000108094.17	1330	1566	1383	1277	1217	1706
ENSG00000108100.18	177	215	233	142	126	182
ENSG00000108106.14	19	27	38	18	15	20
ENSG00000108107.15	3646	3533	3677	1625	1878	1850
ENSG00000108175.19	612	918	863	730	517	686
ENSG00000108176.15	24	32	34	23	24	23
ENSG00000108179.14	773	792	863	451	540	631
ENSG00000108187.16	100	114	121	134	126	135
ENSG00000108219.16	436	498	523	412	335	539
ENSG00000108231.14	0	0	0	0	0	0
ENSG00000108239.9	214	237	260	252	207	281
ENSG00000108242.13	0	0	0	2	0	0
ENSG00000108244.17	0	0	0	0	0	0
ENSG00000108255.8	0	0	0	0	0	0
ENSG00000108256.9	3277	3703	3428	2935	2697	3637
ENSG00000108262.16	623	757	677	633	505	559
ENSG00000108298.12	11514	12729	12010	7140	7197	9067
ENSG00000108306.13	56	63	84	82	55	102
ENSG00000108309.14	12	15	16	10	8	8
ENSG00000108312.16	6430	7528	6977	5558	4990	6295
ENSG00000108342.13	0	0	0	0	0	0
ENSG00000108344.15	2428	3179	3018	1872	1656	2210
ENSG00000108349.17	1889	2098	1976	1596	1459	1743
ENSG00000108352.13	160	221	203	272	147	217
ENSG00000108370.17	2	5	2	1	6	8
ENSG00000108375.13	5	11	12	8	3	6
ENSG00000108379.10	0	0	0	0	0	0
ENSG00000108381.11	0	0	0	0	0	0
ENSG00000108384.16	4481	4600	4476	3629	3506	4719
ENSG00000108387.16	11	13	22	14	15	18
ENSG00000108389.10	3398	4405	4180	4308	3410	4691
ENSG00000108395.14	28918	30405	29894	30836	24667	32521
ENSG00000108405.4	0	0	0	0	0	0
ENSG00000108406.10	3719	3981	3588	2950	2775	3852
ENSG00000108417.4	0	0	0	0	0	0
ENSG00000108423.15	1667	1904	1916	1913	1716	2309
ENSG00000108424.11	7985	8860	8602	7168	6384	8443
ENSG00000108433.17	35	76	42	44	30	54
ENSG00000108439.11	675	804	855	467	498	558
ENSG00000108443.14	10179	9879	10573	10454	9344	12400
ENSG00000108465.15	1721	1770	1844	3532	2561	3359
ENSG00000108468.15	3925	3599	3399	2563	2960	3909
ENSG00000108469.15	578	763	706	718	574	736
ENSG00000108474.17	113	135	121	116	140	163
ENSG00000108479.13	369	324	415	273	254	309
ENSG00000108506.13	4372	4578	4358	5021	4571	5771
ENSG00000108509.21	919	1493	1285	1365	916	1305
ENSG00000108510.10	15127	16904	16466	16073	13407	17888
ENSG00000108511.10	14	11	14	11	6	6
ENSG00000108515.18	60	81	82	147	87	141
ENSG00000108518.8	3084	3066	3331	1671	2002	2067
ENSG00000108523.16	234	294	291	232	238	230
ENSG00000108528.14	192	251	294	156	145	162
ENSG00000108551.5	2	3	3	5	1	0
ENSG00000108556.10	0	2	1	0	0	0
ENSG00000108557.20	824	1436	1314	1134	817	1084
ENSG00000108559.13	1365	1668	1528	1224	1178	1595
ENSG00000108561.8	6511	7878	7427	3964	4725	5298
ENSG00000108576.10	2	1	0	1	1	0
ENSG00000108578.15	614	736	682	500	559	725
ENSG00000108582.12	456	634	490	388	385	563
ENSG00000108587.16	256	273	295	253	221	240
ENSG00000108588.15	13498	13525	13668	10251	11332	15213
ENSG00000108590.11	39	22	44	18	21	25
ENSG00000108591.10	531	622	605	442	396	418
ENSG00000108592.17	14116	17189	15525	10388	9440	12332
ENSG00000108599.15	842	1042	957	1027	925	1157
ENSG00000108602.18	0	0	0	0	0	0
ENSG00000108604.18	3341	4274	4030	2726	2208	2970
ENSG00000108622.11	0	0	0	0	0	0
ENSG00000108639.8	204	242	265	146	123	229
ENSG00000108641.20	40	48	69	48	35	46
ENSG00000108651.10	1771	2058	1990	1720	1599	1874
ENSG00000108654.16	40467	38751	40729	50672	42711	55996
ENSG00000108666.10	290	309	267	240	252	365
ENSG00000108669.17	314	364	282	346	261	335
ENSG00000108671.11	2830	3130	3093	1962	1777	2317
ENSG00000108679.13	311	321	378	262	216	258
ENSG00000108684.15	0	0	0	0	0	0
ENSG00000108688.11	0	0	0	0	0	0
ENSG00000108691.10	0	0	0	0	0	0
ENSG00000108700.5	0	0	0	0	0	0
ENSG00000108702.4	0	0	0	0	0	0
ENSG00000108733.11	18	11	18	9	11	8
ENSG00000108759.4	0	0	0	0	0	0
ENSG00000108771.13	5	3	0	2	1	1
ENSG00000108773.11	391	517	578	483	347	502
ENSG00000108774.15	152	179	166	98	88	113
ENSG00000108784.10	91	141	136	107	92	121
ENSG00000108786.11	3	3	3	0	0	5
ENSG00000108788.12	575	659	641	494	425	605
ENSG00000108797.12	10	27	12	20	11	25
ENSG00000108798.9	0	0	0	0	0	0
ENSG00000108799.13	233	269	298	327	284	353
ENSG00000108813.11	0	4	0	3	2	4
ENSG00000108819.11	4366	5228	4940	4865	3691	5089
ENSG00000108821.14	240	312	283	315	312	381
ENSG00000108823.17	0	0	0	0	0	1
ENSG00000108825.18	0	0	0	0	0	0
ENSG00000108826.16	446	475	499	281	322	442
ENSG00000108828.16	577	634	593	405	437	505
ENSG00000108829.10	5602	6392	6008	3685	3635	4764
ENSG00000108830.10	44	49	32	21	22	23
ENSG00000108839.12	0	0	0	2	1	0
ENSG00000108840.16	146	245	180	194	158	187
ENSG00000108846.16	800	1006	961	843	712	920
ENSG00000108848.16	4522	5013	4476	4796	3928	5103
ENSG00000108849.8	0	0	0	0	0	0
ENSG00000108852.16	72	84	83	71	52	71
ENSG00000108854.16	687	789	830	945	734	945
ENSG00000108861.9	36	114	55	31	32	46
ENSG00000108878.5	0	0	0	2	0	0
ENSG00000108883.13	2135	2285	2290	1919	1830	2322
ENSG00000108924.14	8	17	13	15	14	13
ENSG00000108932.13	815	872	969	755	660	816
ENSG00000108946.16	9913	9271	9345	5856	6748	7945
ENSG00000108947.5	44	40	39	49	41	34
ENSG00000108950.12	0	0	0	0	0	0
ENSG00000108953.17	7078	6615	6621	3709	4107	4750
ENSG00000108960.9	8	3	8	6	9	14
ENSG00000108961.14	6	0	2	1	0	3
ENSG00000108963.19	309	352	346	233	254	274
ENSG00000108984.15	46	40	35	27	34	32
ENSG00000109016.18	145	205	177	95	88	69
ENSG00000109046.15	319	397	403	631	528	702
ENSG00000109047.8	0	0	0	0	0	0
ENSG00000109061.10	0	0	2	0	0	0
ENSG00000109062.12	6636	6817	6910	3980	4017	5189
ENSG00000109063.15	126	111	110	142	101	145
ENSG00000109065.12	106	98	143	127	96	112
ENSG00000109066.14	113	210	180	153	109	145
ENSG00000109072.14	16	22	28	13	18	11
ENSG00000109079.10	62	106	106	79	60	68
ENSG00000109083.14	187	212	184	208	166	159
ENSG00000109084.14	85	135	112	77	86	70
ENSG00000109089.7	377	538	564	447	313	445
ENSG00000109099.16	43	49	48	51	33	48
ENSG00000109101.8	4	4	5	5	1	3
ENSG00000109103.12	91	97	95	57	58	64
ENSG00000109107.14	204	175	217	112	124	172
ENSG00000109111.15	6783	8201	7432	6260	5144	6915
ENSG00000109113.20	112	150	125	92	89	145
ENSG00000109118.14	985	1441	1262	1259	947	1254
ENSG00000109132.7	0	0	0	0	0	0
ENSG00000109133.13	15	29	18	27	29	38
ENSG00000109158.11	0	0	0	0	0	0
ENSG00000109163.7	0	0	0	0	0	0
ENSG00000109171.15	347	387	384	271	212	294
ENSG00000109180.15	876	1017	918	789	741	844
ENSG00000109181.12	0	0	0	0	0	0
ENSG00000109182.12	0	0	0	0	0	0
ENSG00000109184.15	370	395	376	552	463	541
ENSG00000109189.13	55	75	64	97	52	54
ENSG00000109193.12	1	0	0	0	0	0
ENSG00000109205.17	0	0	0	0	0	0
ENSG00000109208.5	0	0	0	0	0	0
ENSG00000109220.11	87	79	79	81	83	128
ENSG00000109255.11	63	80	84	62	53	64
ENSG00000109265.15	71	74	66	74	48	63
ENSG00000109270.13	28	18	24	18	24	26
ENSG00000109272.4	0	0	0	0	0	0
ENSG00000109320.14	864	1067	1014	842	673	943
ENSG00000109321.11	768	772	744	589	594	765
ENSG00000109323.11	518	617	574	544	522	737
ENSG00000109332.20	72	49	53	26	23	39
ENSG00000109339.24	1	5	0	0	0	0
ENSG00000109381.21	336	490	423	385	336	444
ENSG00000109390.13	24	29	15	12	16	27
ENSG00000109424.4	0	0	0	0	0	0
ENSG00000109436.8	1607	2073	1937	2129	1631	2240
ENSG00000109445.11	1220	1251	1240	1033	1002	1251
ENSG00000109452.13	1465	1691	1668	1343	1337	1697
ENSG00000109458.9	168	151	156	170	168	191
ENSG00000109466.14	361	371	362	354	264	357
ENSG00000109471.5	0	0	0	0	0	0
ENSG00000109472.14	479	547	516	301	315	486
ENSG00000109475.17	674	559	669	415	502	446
ENSG00000109501.15	201	312	276	209	163	195
ENSG00000109511.12	0	0	0	0	0	0
ENSG00000109519.13	2062	2217	2150	1254	1184	1507
ENSG00000109534.17	363	398	369	234	313	366
ENSG00000109536.12	52	79	56	52	37	48
ENSG00000109572.16	597	708	646	693	549	713
ENSG00000109576.14	45	47	43	64	45	66
ENSG00000109586.12	1005	1040	1022	811	846	1185
ENSG00000109606.13	12126	11997	11996	12091	10745	13364
ENSG00000109610.6	0	0	0	0	0	1
ENSG00000109618.13	181	169	184	204	168	214
ENSG00000109625.19	18	22	37	28	9	26
ENSG00000109654.16	0	1	2	1	3	5
ENSG00000109667.12	0	0	0	0	0	0
ENSG00000109670.17	995	1313	1124	1008	823	1030
ENSG00000109674.4	489	579	503	476	412	491
ENSG00000109680.11	17	15	13	20	14	28
ENSG00000109684.16	0	0	0	0	0	0
ENSG00000109685.19	6169	7989	7404	8461	5905	7939
ENSG00000109686.19	533	730	611	630	508	673
ENSG00000109689.20	399	550	447	653	554	703
ENSG00000109705.8	7	11	8	5	1	5
ENSG00000109736.15	182	213	205	175	147	211
ENSG00000109738.11	0	0	0	0	0	0
ENSG00000109743.11	0	3	0	3	3	0
ENSG00000109756.10	589	760	736	883	684	928
ENSG00000109758.9	0	0	3	3	0	0
ENSG00000109762.17	318	329	363	339	221	400
ENSG00000109771.16	6	11	7	20	4	8
ENSG00000109775.11	246	282	281	228	172	274
ENSG00000109787.13	415	494	429	335	254	362
ENSG00000109790.18	934	1043	1014	876	670	969
ENSG00000109794.14	15	21	30	29	29	34
ENSG00000109805.10	1915	2199	2125	2058	1771	2370
ENSG00000109814.12	5038	5787	5845	4253	4549	5734
ENSG00000109819.9	1	0	0	2	3	1
ENSG00000109832.14	2	6	2	2	6	2
ENSG00000109846.9	0	0	0	1	0	0
ENSG00000109851.7	0	1	0	0	0	0
ENSG00000109854.14	1034	1119	1149	742	747	926
ENSG00000109861.17	124	117	128	91	112	112
ENSG00000109881.17	1057	1190	985	966	968	1208
ENSG00000109906.15	0	1	0	0	0	0
ENSG00000109911.19	56	58	67	47	62	66
ENSG00000109917.11	384	519	430	372	280	360
ENSG00000109919.10	2481	2595	2650	1340	1574	1722
ENSG00000109920.13	4351	5322	4989	6359	4906	6467
ENSG00000109927.11	9	2	6	4	1	5
ENSG00000109929.10	357	396	433	258	280	354
ENSG00000109943.9	0	0	0	0	0	0
ENSG00000109944.11	59	105	73	55	43	66
ENSG00000109956.13	0	0	0	0	0	0
ENSG00000109971.14	15303	15976	15898	11581	11369	14487
ENSG00000109991.10	0	0	0	0	0	0
ENSG00000110002.16	4	1	3	1	3	0
ENSG00000110011.14	10	12	18	8	7	12
ENSG00000110013.13	199	265	248	178	190	214
ENSG00000110025.13	255	262	260	203	195	251
ENSG00000110031.13	6	29	23	8	14	15
ENSG00000110042.8	30	59	55	37	30	31
ENSG00000110046.13	593	669	694	558	500	684
ENSG00000110047.18	1672	2067	1988	1348	1078	1302
ENSG00000110048.12	1147	1321	1274	1091	931	1252
ENSG00000110057.9	154	189	152	165	102	161
ENSG00000110060.9	131	182	173	134	133	149
ENSG00000110063.10	863	958	905	516	524	603
ENSG00000110066.16	790	999	920	784	703	977
ENSG00000110074.12	1431	1565	1612	1189	1141	1401
ENSG00000110075.15	3405	3965	3527	3203	2699	3549
ENSG00000110076.21	2	1	4	1	2	0
ENSG00000110077.15	0	0	0	0	0	0
ENSG00000110079.19	0	0	0	0	0	0
ENSG00000110080.20	538	843	846	920	618	811
ENSG00000110090.13	2483	3184	3316	2517	2066	2913
ENSG00000110092.4	2826	3212	3021	2451	1926	2370
ENSG00000110104.13	823	942	876	573	559	717
ENSG00000110107.9	2112	2504	2420	1513	1635	2027
ENSG00000110108.10	271	271	318	158	181	227
ENSG00000110148.10	0	0	0	0	0	0
ENSG00000110169.12	10	9	18	22	14	21
ENSG00000110171.21	490	544	617	674	476	634
ENSG00000110172.12	238	202	172	243	258	287
ENSG00000110195.14	3	2	2	0	0	0
ENSG00000110200.9	1362	1632	1495	906	955	1085
ENSG00000110203.10	0	0	0	0	0	0
ENSG00000110218.9	92	126	87	75	61	92
ENSG00000110237.5	582	780	714	852	633	784
ENSG00000110243.12	0	0	0	0	1	2
ENSG00000110244.7	0	1	0	0	0	0
ENSG00000110245.12	0	0	0	0	0	0
ENSG00000110274.16	947	1246	1217	1374	1068	1344
ENSG00000110315.7	175	216	182	144	152	165
ENSG00000110318.15	64	49	60	117	76	134
ENSG00000110321.19	7591	9740	8728	6299	5764	7598
ENSG00000110324.12	0	1	0	0	1	0
ENSG00000110328.6	105	146	147	80	90	108
ENSG00000110330.10	344	430	407	368	348	439
ENSG00000110344.10	1562	1793	1631	1411	1276	1780
ENSG00000110367.14	2124	1916	2029	1830	1812	2419
ENSG00000110375.3	105	104	104	53	60	75
ENSG00000110395.8	680	827	748	695	615	940
ENSG00000110400.11	375	576	507	350	275	403
ENSG00000110422.12	1570	1915	1740	1659	1332	1702
ENSG00000110427.17	0	0	2	0	1	0
ENSG00000110429.14	597	776	643	612	501	750
ENSG00000110435.13	1212	1354	1282	998	1042	1236
ENSG00000110436.13	43	34	30	44	18	39
ENSG00000110442.12	20	32	28	17	23	23
ENSG00000110446.12	0	2	0	0	0	1
ENSG00000110448.11	0	0	0	0	0	0
ENSG00000110455.14	54	69	80	124	75	110
ENSG00000110484.7	0	0	0	0	0	0
ENSG00000110492.17	1003	1099	1024	485	548	592
ENSG00000110497.15	1110	1437	1308	1246	982	1248
ENSG00000110514.19	1996	2579	2521	2469	1942	2623
ENSG00000110536.14	458	470	498	289	252	326
ENSG00000110583.13	579	594	580	593	458	558
ENSG00000110619.18	564	568	545	563	496	586
ENSG00000110628.16	5	2	1	8	3	7
ENSG00000110651.13	360	568	506	283	287	338
ENSG00000110660.15	345	376	398	240	235	303
ENSG00000110665.12	0	0	0	0	0	0
ENSG00000110675.13	0	0	0	0	0	0
ENSG00000110680.14	0	0	0	0	0	0
ENSG00000110693.19	0	1	1	1	1	0
ENSG00000110696.10	1766	1693	1612	1102	1117	1201
ENSG00000110697.13	395	584	594	541	370	557
ENSG00000110700.7	1136	1179	1280	566	723	769
ENSG00000110711.11	596	671	589	283	345	377
ENSG00000110713.18	2206	2478	2333	2141	1823	2674
ENSG00000110717.13	495	647	592	369	352	438
ENSG00000110719.11	175	215	234	292	192	283
ENSG00000110721.12	142	233	182	231	176	293
ENSG00000110723.12	249	320	316	279	242	304
ENSG00000110756.18	722	895	783	819	618	977
ENSG00000110768.12	259	316	324	283	226	284
ENSG00000110777.12	0	0	0	0	0	0
ENSG00000110786.18	0	0	0	0	0	0
ENSG00000110799.14	30	32	41	36	38	48
ENSG00000110801.14	581	639	545	295	348	446
ENSG00000110811.20	18	35	21	31	11	24
ENSG00000110841.14	931	983	921	1113	950	1124
ENSG00000110844.14	433	650	520	768	542	700
ENSG00000110848.8	0	0	0	0	0	0
ENSG00000110851.12	1782	2298	1983	1687	1324	1867
ENSG00000110852.5	0	0	0	0	0	0
ENSG00000110871.15	1208	1261	1307	896	961	1104
ENSG00000110876.10	0	0	0	0	0	0
ENSG00000110880.11	1271	1618	1549	854	916	1147
ENSG00000110881.12	27	61	52	51	47	47
ENSG00000110887.8	0	0	0	0	0	0
ENSG00000110888.19	169	255	231	308	264	277
ENSG00000110900.16	0	0	0	0	0	0
ENSG00000110906.13	486	470	504	373	355	424
ENSG00000110911.17	470	517	539	587	492	577
ENSG00000110917.8	4622	5223	4842	4127	3577	4711
ENSG00000110921.14	564	636	649	358	399	458
ENSG00000110925.7	568	661	645	729	573	736
ENSG00000110931.19	438	580	578	488	383	502
ENSG00000110934.13	3	1	1	5	2	1
ENSG00000110944.9	1	1	3	3	1	1
ENSG00000110955.9	18190	19680	20330	10871	12433	14532
ENSG00000110958.16	2910	2186	2418	1056	987	920
ENSG00000110975.8	161	268	216	211	188	237
ENSG00000110987.9	508	576	503	413	369	483
ENSG00000111011.18	2740	3267	3095	2781	2184	3018
ENSG00000111012.10	37	60	54	52	41	71
ENSG00000111046.4	0	0	0	0	0	0
ENSG00000111049.4	0	0	0	0	0	0
ENSG00000111052.8	72	73	99	57	53	61
ENSG00000111057.11	52521	57628	59562	34592	32924	36540
ENSG00000111058.8	182	186	169	186	195	270
ENSG00000111077.18	99	128	122	112	73	114
ENSG00000111087.10	0	0	0	1	1	0
ENSG00000111110.12	524	681	685	578	432	550
ENSG00000111142.14	8090	8840	8153	6701	6349	8321
ENSG00000111144.10	1010	985	998	790	842	1015
ENSG00000111145.8	47	72	68	57	27	48
ENSG00000111181.13	0	0	0	1	0	0
ENSG00000111186.13	29	27	13	29	15	24
ENSG00000111196.10	342	364	355	287	317	360
ENSG00000111199.12	46	89	62	74	58	72
ENSG00000111203.13	587	528	528	727	568	713
ENSG00000111206.13	2732	4049	3524	2891	2029	2625
ENSG00000111215.12	0	0	0	0	1	0
ENSG00000111218.12	1	1	0	0	1	0
ENSG00000111224.14	31	26	23	29	26	39
ENSG00000111229.16	459	414	455	276	292	309
ENSG00000111231.9	616	523	560	205	343	296
ENSG00000111237.19	883	986	1108	410	443	473
ENSG00000111241.3	0	0	0	0	0	0
ENSG00000111245.17	0	0	0	0	0	0
ENSG00000111247.15	345	325	385	345	247	381
ENSG00000111249.14	4	6	7	1	1	4
ENSG00000111252.11	17	34	31	25	24	22
ENSG00000111254.8	7	6	2	6	8	4
ENSG00000111261.14	66	72	76	46	52	68
ENSG00000111262.6	0	0	0	0	0	0
ENSG00000111266.9	1109	1438	1372	1013	724	1001
ENSG00000111269.3	486	571	514	273	322	418
ENSG00000111271.15	339	340	370	471	382	522
ENSG00000111275.13	6	0	6	4	1	2
ENSG00000111276.12	891	947	939	580	538	648
ENSG00000111291.9	0	3	1	0	0	0
ENSG00000111300.10	2787	3226	3094	3177	2977	3716
ENSG00000111305.19	0	0	2	0	0	2
ENSG00000111319.13	510	700	764	872	648	892
ENSG00000111321.11	519	749	645	579	413	522
ENSG00000111325.16	208	271	251	233	161	179
ENSG00000111328.7	3088	3499	3430	1362	1559	1751
ENSG00000111331.14	358	457	448	336	273	409
ENSG00000111335.14	3	4	3	5	2	2
ENSG00000111339.12	0	0	0	0	0	0
ENSG00000111341.10	0	0	1	0	1	0
ENSG00000111344.12	182	250	246	295	213	235
ENSG00000111348.9	2	1	2	0	0	2
ENSG00000111358.14	509	557	576	300	254	281
ENSG00000111361.13	1802	1844	1907	1563	1626	2344
ENSG00000111364.16	2209	2314	2394	2797	2194	2851
ENSG00000111371.16	2160	2220	2159	1891	1728	2320
ENSG00000111404.7	0	0	0	0	0	0
ENSG00000111405.9	0	0	0	0	0	0
ENSG00000111412.6	131	148	137	112	90	132
ENSG00000111424.12	271	367	304	246	208	289
ENSG00000111432.5	0	1	0	0	0	0
ENSG00000111445.14	727	933	919	636	624	762
ENSG00000111450.15	168	184	173	178	169	193
ENSG00000111452.13	3	10	14	12	7	8
ENSG00000111481.10	1148	1204	1180	721	909	1120
ENSG00000111490.15	626	626	650	521	448	610
ENSG00000111530.13	8320	8897	8663	7647	7487	9903
ENSG00000111536.5	0	0	0	0	0	0
ENSG00000111537.5	0	0	0	0	0	0
ENSG00000111540.16	342	403	456	293	282	359
ENSG00000111554.15	208	229	291	227	239	297
ENSG00000111581.10	6079	6562	6443	6810	6182	7936
ENSG00000111596.14	777	855	822	880	782	1055
ENSG00000111602.12	7756	10513	9385	7653	6127	8263
ENSG00000111605.18	2432	2613	2682	2209	1766	2253
ENSG00000111615.14	1100	1298	1150	1144	1102	1377
ENSG00000111639.8	3049	3194	2918	1726	2286	2490
ENSG00000111640.15	19356	16383	18196	10262	11361	13423
ENSG00000111641.12	3046	3281	3094	2370	2106	2618
ENSG00000111642.16	2710	3453	2935	2634	2290	3099
ENSG00000111644.8	4	5	6	5	2	8
ENSG00000111647.13	541	686	611	717	608	848
ENSG00000111652.10	451	547	472	397	359	439
ENSG00000111653.20	49	58	59	45	43	54
ENSG00000111664.11	1	0	1	0	0	0
ENSG00000111665.12	214	278	279	272	245	307
ENSG00000111666.11	791	953	915	1015	811	1256
ENSG00000111667.14	2754	2997	3142	2103	1990	2597
ENSG00000111669.15	5276	5118	5259	2144	2405	2640
ENSG00000111670.16	1770	2335	2038	2017	1592	2125
ENSG00000111671.10	83	130	112	93	81	136
ENSG00000111674.9	554	624	674	592	523	624
ENSG00000111676.15	1542	2612	2316	1440	1007	1392
ENSG00000111678.11	147	178	220	78	85	88
ENSG00000111679.17	602	764	782	735	603	829
ENSG00000111684.11	516	624	559	328	321	448
ENSG00000111696.12	484	615	631	520	470	626
ENSG00000111700.13	0	0	0	0	0	0
ENSG00000111701.7	0	0	0	0	0	0
ENSG00000111704.11	0	0	0	0	0	0
ENSG00000111707.12	405	475	430	501	384	523
ENSG00000111711.10	160	154	165	186	196	313
ENSG00000111713.3	0	0	0	0	0	0
ENSG00000111716.14	0	0	0	0	0	2
ENSG00000111725.11	122	146	143	94	102	121
ENSG00000111726.13	604	761	756	562	628	729
ENSG00000111727.12	575	612	543	702	539	789
ENSG00000111728.11	0	0	0	0	0	0
ENSG00000111729.15	1	4	2	5	2	7
ENSG00000111731.13	850	909	902	1134	914	1367
ENSG00000111732.12	0	0	0	0	0	0
ENSG00000111737.12	2134	2385	2289	1540	1423	1834
ENSG00000111752.11	10	18	19	25	23	22
ENSG00000111775.3	154	182	212	109	111	158
ENSG00000111780.8	1	0	0	0	0	0
ENSG00000111783.13	0	0	0	0	0	0
ENSG00000111785.21	213	272	253	272	232	323
ENSG00000111786.9	4665	4609	4836	2826	3135	3721
ENSG00000111790.14	248	230	204	259	203	322
ENSG00000111796.4	0	0	0	0	0	0
ENSG00000111799.22	29	29	30	34	40	43
ENSG00000111801.16	2	3	3	8	6	9
ENSG00000111802.14	557	552	596	423	436	507
ENSG00000111816.8	133	194	144	113	84	143
ENSG00000111817.19	40	48	36	24	24	40
ENSG00000111832.13	444	576	524	473	383	607
ENSG00000111834.13	9	2	2	5	1	7
ENSG00000111837.12	1	0	0	2	1	0
ENSG00000111843.14	142	144	202	85	105	115
ENSG00000111845.5	520	727	546	553	548	726
ENSG00000111846.20	2	0	0	0	1	0
ENSG00000111850.11	8	18	18	18	9	12
ENSG00000111859.17	76	113	81	65	67	95
ENSG00000111860.14	61	104	92	99	76	121
ENSG00000111863.13	0	1	0	0	0	0
ENSG00000111875.8	256	319	272	154	198	265
ENSG00000111877.18	783	982	868	834	710	922
ENSG00000111879.20	21	26	31	29	19	31
ENSG00000111880.16	615	654	615	477	503	622
ENSG00000111885.7	685	921	923	793	792	1020
ENSG00000111886.11	4	0	0	2	1	1
ENSG00000111897.7	1981	2004	2054	1507	1617	1938
ENSG00000111906.18	1174	1172	1167	668	642	808
ENSG00000111907.21	3153	3448	3300	2356	2289	2841
ENSG00000111911.7	32	41	40	41	42	58
ENSG00000111912.20	560	713	636	657	481	749
ENSG00000111913.20	0	1	0	0	0	0
ENSG00000111961.19	230	277	226	226	191	259
ENSG00000111962.8	116	196	199	194	161	185
ENSG00000111971.14	0	0	0	0	0	0
ENSG00000111981.5	14	8	28	7	9	9
ENSG00000112029.10	314	278	296	277	267	368
ENSG00000112031.16	121	108	145	123	127	145
ENSG00000112033.14	111	167	176	176	128	163
ENSG00000112038.18	0	0	0	0	0	0
ENSG00000112039.6	228	286	281	300	220	339
ENSG00000112041.13	0	2	2	1	0	1
ENSG00000112053.14	0	0	1	1	0	0
ENSG00000112062.12	160	201	179	270	189	232
ENSG00000112077.18	2	2	2	0	4	1
ENSG00000112078.14	735	752	787	617	486	686
ENSG00000112079.9	1623	1618	1660	1511	1355	1720
ENSG00000112081.17	4141	3918	4108	2514	3042	3477
ENSG00000112110.10	726	718	708	337	391	474
ENSG00000112115.7	0	0	0	0	0	0
ENSG00000112116.11	0	1	0	0	0	0
ENSG00000112118.20	8321	9543	8662	5876	5636	7749
ENSG00000112130.17	497	618	533	477	430	575
ENSG00000112137.19	0	2	1	0	0	1
ENSG00000112139.17	2	0	1	2	0	1
ENSG00000112144.16	91	117	102	110	81	106
ENSG00000112146.17	401	476	479	589	421	571
ENSG00000112149.10	10	8	9	9	8	5
ENSG00000112159.13	8727	11003	9865	10559	8475	11363
ENSG00000112164.6	0	0	0	0	0	0
ENSG00000112167.11	291	287	303	202	189	237
ENSG00000112175.8	0	1	0	0	0	0
ENSG00000112182.16	8	5	6	8	2	8
ENSG00000112183.15	11	12	7	6	4	12
ENSG00000112186.13	798	807	838	703	634	757
ENSG00000112195.9	0	0	0	0	0	0
ENSG00000112200.17	740	901	823	1009	840	1139
ENSG00000112208.11	57	52	79	33	40	33
ENSG00000112210.12	205	266	260	162	161	171
ENSG00000112212.12	0	0	0	0	0	0
ENSG00000112214.11	0	0	0	0	0	0
ENSG00000112218.9	1	0	2	3	3	2
ENSG00000112232.10	0	0	0	0	0	0
ENSG00000112234.9	105	126	121	106	78	130
ENSG00000112237.13	281	392	384	326	285	396
ENSG00000112238.12	2	2	0	0	0	0
ENSG00000112242.16	279	309	301	266	213	311
ENSG00000112245.13	276	370	324	300	321	349
ENSG00000112246.10	0	1	0	1	0	0
ENSG00000112249.14	1908	2393	2046	1864	1804	2357
ENSG00000112273.7	0	0	0	0	0	1
ENSG00000112276.14	2	1	0	2	1	2
ENSG00000112280.18	0	0	0	0	0	0
ENSG00000112282.18	993	997	1033	1059	964	1320
ENSG00000112290.13	179	268	228	225	180	214
ENSG00000112293.15	10	12	11	13	10	12
ENSG00000112294.14	621	620	599	518	451	596
ENSG00000112297.18	2658	2808	2909	3082	2575	3384
ENSG00000112299.8	0	0	0	0	0	0
ENSG00000112303.14	0	1	1	0	0	0
ENSG00000112304.11	377	465	430	240	260	351
ENSG00000112305.15	247	300	258	196	216	270
ENSG00000112306.8	2675	2148	2192	996	1161	1174
ENSG00000112308.13	272	360	329	339	307	463
ENSG00000112309.11	0	0	0	0	0	0
ENSG00000112312.10	1084	1135	1078	813	808	1048
ENSG00000112319.21	0	0	0	0	0	0
ENSG00000112320.12	184	250	204	235	184	235
ENSG00000112333.12	0	1	0	0	0	0
ENSG00000112335.15	643	716	700	361	458	560
ENSG00000112337.11	0	0	0	0	0	0
ENSG00000112339.15	1188	1226	1294	1057	1049	1329
ENSG00000112343.11	59	57	75	87	69	80
ENSG00000112357.14	169	151	152	105	129	114
ENSG00000112365.6	441	475	513	535	463	566
ENSG00000112367.12	285	280	273	259	239	317
ENSG00000112378.12	161	169	179	100	104	116
ENSG00000112379.9	3619	4668	4282	3815	3028	3772
ENSG00000112394.18	21	26	27	14	16	29
ENSG00000112406.5	119	169	129	110	76	125
ENSG00000112414.15	2894	3464	3287	3412	2937	3946
ENSG00000112419.15	1323	1675	1578	1448	1245	1714
ENSG00000112425.16	6	8	11	6	8	17
ENSG00000112459.5	0	0	0	0	0	0
ENSG00000112461.9	0	0	0	0	0	0
ENSG00000112462.8	0	0	0	0	0	0
ENSG00000112473.19	432	514	474	313	251	397
ENSG00000112474.4	0	0	0	0	0	0
ENSG00000112486.18	0	0	0	0	0	0
ENSG00000112493.12	0	0	0	0	0	0
ENSG00000112494.10	0	0	0	0	0	0
ENSG00000112499.13	0	0	0	0	0	0
ENSG00000112511.18	68	72	87	70	71	90
ENSG00000112514.18	819	758	764	344	414	503
ENSG00000112530.12	0	0	0	0	0	0
ENSG00000112531.17	321	390	329	352	283	371
ENSG00000112539.15	0	1	0	0	0	0
ENSG00000112541.19	0	0	1	0	0	3
ENSG00000112559.15	0	0	0	0	0	0
ENSG00000112561.19	69	73	85	65	39	64
ENSG00000112562.20	11	13	21	17	12	28
ENSG00000112576.13	797	767	805	411	427	549
ENSG00000112578.10	512	542	512	365	374	433
ENSG00000112584.14	44	55	49	68	38	59
ENSG00000112592.15	246	331	306	312	251	316
ENSG00000112599.9	17	19	29	35	17	19
ENSG00000112619.8	0	0	0	0	0	0
ENSG00000112624.13	93	106	125	103	95	116
ENSG00000112640.16	728	905	903	590	549	797
ENSG00000112651.12	95	140	122	77	85	82
ENSG00000112655.16	290	374	362	361	304	387
ENSG00000112658.8	248	316	273	225	162	205
ENSG00000112659.14	866	1055	915	1230	896	1206
ENSG00000112667.13	401	435	527	256	261	315
ENSG00000112679.15	157	190	195	161	109	170
ENSG00000112685.14	633	716	681	620	557	705
ENSG00000112695.13	833	1055	1094	590	743	958
ENSG00000112697.17	812	792	827	571	623	891
ENSG00000112699.11	332	336	336	200	241	285
ENSG00000112701.18	2047	2563	2246	3403	2667	3751
ENSG00000112706.12	0	0	0	0	0	0
ENSG00000112715.26	277	402	355	395	288	378
ENSG00000112739.17	2249	2550	2415	2778	2168	2707
ENSG00000112742.10	484	532	517	583	517	759
ENSG00000112759.19	353	442	461	301	252	429
ENSG00000112761.22	0	0	0	0	0	0
ENSG00000112763.17	426	442	426	609	431	529
ENSG00000112769.20	0	0	1	1	0	0
ENSG00000112773.16	376	400	416	303	308	322
ENSG00000112782.19	0	0	0	0	0	0
ENSG00000112787.14	557	814	788	832	502	719
ENSG00000112796.10	20	43	39	22	39	43
ENSG00000112799.9	0	0	0	0	0	0
ENSG00000112812.16	29	30	29	21	35	37
ENSG00000112818.11	0	0	0	0	0	0
ENSG00000112837.17	0	0	0	0	0	0
ENSG00000112851.16	1900	2299	1933	2243	1975	2495
ENSG00000112852.7	83	125	134	80	71	125
ENSG00000112855.17	2199	2303	2299	1914	1788	2296
ENSG00000112874.10	800	835	842	759	682	951
ENSG00000112877.8	747	1183	998	1342	1023	1279
ENSG00000112893.10	864	1011	984	976	849	1238
ENSG00000112902.12	9	15	17	8	8	19
ENSG00000112936.20	0	0	0	0	0	0
ENSG00000112941.14	768	940	885	945	689	1023
ENSG00000112964.14	2	4	2	1	3	3
ENSG00000112972.15	2115	2077	2139	1812	1916	2544
ENSG00000112977.16	686	797	745	529	466	656
ENSG00000112981.5	0	0	0	0	2	0
ENSG00000112983.18	3485	3951	3866	4516	3467	4809
ENSG00000112984.12	2888	3319	3229	2189	2054	2731
ENSG00000112992.18	1156	1166	1178	998	957	1402
ENSG00000112996.11	164	244	217	194	187	224
ENSG00000113013.16	25931	25972	25569	18185	19489	24156
ENSG00000113048.19	1568	2124	2025	1289	1141	1590
ENSG00000113068.10	194	192	248	102	112	120
ENSG00000113070.8	31	38	30	37	18	25
ENSG00000113073.15	1	0	0	0	1	0
ENSG00000113083.15	0	1	0	1	0	0
ENSG00000113088.6	0	0	0	0	0	0
ENSG00000113100.10	0	0	0	0	0	0
ENSG00000113108.20	49	59	76	83	79	78
ENSG00000113119.13	177	235	222	256	200	239
ENSG00000113140.11	1	2	3	2	0	4
ENSG00000113141.19	2426	2255	2326	1839	1833	2212
ENSG00000113161.17	5295	5992	5562	4651	4599	6203
ENSG00000113163.19	982	1137	1064	915	803	1088
ENSG00000113194.13	2486	2851	2771	1769	1689	2299
ENSG00000113196.3	0	0	0	0	0	0
ENSG00000113205.5	218	271	234	201	187	247
ENSG00000113209.9	4	5	9	4	5	13
ENSG00000113211.6	24	33	25	30	20	39
ENSG00000113212.7	9	6	6	4	3	9
ENSG00000113231.14	0	0	0	0	0	0
ENSG00000113240.14	474	476	507	545	431	536
ENSG00000113248.6	8	6	3	18	10	15
ENSG00000113249.14	0	0	2	0	0	0
ENSG00000113262.16	0	0	0	0	0	0
ENSG00000113263.14	0	0	0	0	1	0
ENSG00000113269.14	193	250	259	193	155	227
ENSG00000113272.14	423	437	449	343	343	375
ENSG00000113273.17	109	162	157	132	105	126
ENSG00000113282.14	2414	2655	2469	2230	1964	2749
ENSG00000113296.14	2	4	9	6	5	4
ENSG00000113300.13	511	648	639	672	529	718
ENSG00000113302.6	0	0	0	0	0	0
ENSG00000113303.12	0	0	0	0	0	0
ENSG00000113312.12	1958	2170	1927	1341	1351	1762
ENSG00000113318.11	1248	1601	1457	1430	1260	1640
ENSG00000113319.13	2	1	3	5	0	4
ENSG00000113327.17	0	0	0	0	1	0
ENSG00000113328.19	432	425	386	340	403	455
ENSG00000113356.13	317	310	227	231	253	330
ENSG00000113360.17	3229	3846	3546	3503	2794	3748
ENSG00000113361.13	0	0	0	0	0	0
ENSG00000113368.12	13257	13933	13807	10288	10820	14776
ENSG00000113369.9	181	232	264	218	188	213
ENSG00000113384.14	441	440	514	342	371	417
ENSG00000113387.12	1270	1030	1180	733	894	1063
ENSG00000113389.16	20	35	33	20	18	27
ENSG00000113391.19	75	118	103	92	107	119
ENSG00000113396.13	313	313	322	302	256	313
ENSG00000113407.14	7836	8435	7919	5445	5441	7091
ENSG00000113430.10	124	211	186	170	135	154
ENSG00000113441.16	1151	1067	1113	1196	984	1427
ENSG00000113448.20	21	51	55	32	20	36
ENSG00000113456.20	208	305	288	284	272	328
ENSG00000113460.13	1603	1937	1958	1369	1480	1783
ENSG00000113492.14	0	0	0	1	0	0
ENSG00000113494.17	402	507	557	458	390	501
ENSG00000113504.21	150	170	164	196	151	227
ENSG00000113520.11	0	0	0	0	0	0
ENSG00000113522.14	293	308	322	307	270	346
ENSG00000113525.10	0	0	0	0	0	0
ENSG00000113532.13	488	507	464	390	394	481
ENSG00000113552.16	268	258	252	191	161	212
ENSG00000113555.6	0	0	0	0	0	0
ENSG00000113558.19	4	3	5	5	6	4
ENSG00000113569.16	3330	3626	3363	2908	2768	3955
ENSG00000113575.12	2024	2084	2299	1557	1693	1975
ENSG00000113578.18	0	0	0	0	0	0
ENSG00000113580.15	1021	1201	1160	922	810	1051
ENSG00000113583.8	164	219	192	112	133	154
ENSG00000113593.12	1415	1376	1369	1529	1384	1618
ENSG00000113594.10	33	27	25	40	52	39
ENSG00000113595.15	553	519	570	467	440	537
ENSG00000113597.18	356	379	358	459	450	515
ENSG00000113600.12	0	0	0	0	0	0
ENSG00000113615.13	476	705	629	653	592	864
ENSG00000113621.15	663	750	720	577	531	655
ENSG00000113638.14	75	67	78	54	58	43
ENSG00000113643.9	2607	2671	2732	2285	2367	3153
ENSG00000113645.15	2059	2836	2505	2348	1651	2213
ENSG00000113648.17	3147	3527	3372	1878	1852	2256
ENSG00000113649.13	3986	4903	4402	5128	3975	5599
ENSG00000113657.13	5	5	4	2	0	2
ENSG00000113658.18	840	931	843	659	600	759
ENSG00000113712.19	2124	2213	2385	2031	1866	2249
ENSG00000113716.13	1489	1882	1814	2140	1742	2280
ENSG00000113719.17	1230	1607	1678	912	881	1088
ENSG00000113721.14	3	4	3	1	0	2
ENSG00000113722.18	0	0	0	0	0	0
ENSG00000113732.9	338	296	376	164	188	198
ENSG00000113734.18	131	198	213	108	128	163
ENSG00000113739.11	1031	944	1048	838	825	1035
ENSG00000113742.14	97	147	134	133	81	156
ENSG00000113749.8	4	5	6	14	8	2
ENSG00000113758.14	1413	1697	1378	1263	952	1404
ENSG00000113761.12	282	283	327	353	201	304
ENSG00000113763.12	44	70	58	60	50	88
ENSG00000113790.11	426	456	472	424	378	540
ENSG00000113805.9	0	0	0	0	0	0
ENSG00000113810.16	5900	6785	6028	6881	5965	8366
ENSG00000113811.12	48	67	44	33	29	40
ENSG00000113812.14	560	564	514	376	337	499
ENSG00000113838.13	189	260	236	263	209	276
ENSG00000113845.10	1040	1291	1235	853	836	1071
ENSG00000113851.16	806	816	780	702	654	734
ENSG00000113889.14	0	0	0	0	0	0
ENSG00000113905.5	0	0	0	0	0	0
ENSG00000113916.18	127	127	130	112	88	118
ENSG00000113924.12	1	2	1	1	3	8
ENSG00000113946.4	0	0	0	0	1	0
ENSG00000113966.11	14	25	25	8	20	18
ENSG00000113971.21	239	285	253	369	273	319
ENSG00000114013.16	0	0	0	0	0	0
ENSG00000114019.15	1237	1569	1507	1373	1102	1342
ENSG00000114021.12	271	341	346	244	250	248
ENSG00000114023.16	503	636	650	315	422	447
ENSG00000114026.22	55	79	58	67	59	67
ENSG00000114030.13	2555	2669	2583	2339	2204	2700
ENSG00000114054.14	1550	1762	1640	1155	1171	1472
ENSG00000114062.22	1343	1506	1349	1164	1120	1506
ENSG00000114098.18	939	1046	1017	892	860	1097
ENSG00000114107.9	717	798	732	869	620	914
ENSG00000114113.6	0	0	0	0	0	0
ENSG00000114115.10	0	3	2	2	0	0
ENSG00000114120.14	298	344	359	454	380	530
ENSG00000114124.3	1	3	3	3	0	2
ENSG00000114125.14	665	709	723	228	259	311
ENSG00000114126.18	124	214	161	120	108	153
ENSG00000114127.11	1322	1499	1349	1757	1366	1980
ENSG00000114166.8	89	100	99	118	97	115
ENSG00000114200.10	0	0	0	0	0	0
ENSG00000114204.16	0	0	0	0	0	0
ENSG00000114209.15	1212	1357	1244	982	906	1317
ENSG00000114248.10	0	0	0	0	0	0
ENSG00000114251.15	3	3	2	4	0	5
ENSG00000114268.12	118	117	126	136	92	92
ENSG00000114270.18	52	31	32	50	34	49
ENSG00000114279.15	81	78	75	83	69	105
ENSG00000114302.16	926	994	1031	856	850	1310
ENSG00000114315.4	280	379	278	336	301	436
ENSG00000114316.13	723	820	832	788	661	918
ENSG00000114331.16	3737	3776	3704	3183	2939	3907
ENSG00000114346.14	5808	6266	5541	6368	5580	7105
ENSG00000114349.10	1	1	0	2	0	0
ENSG00000114353.17	1508	1699	1505	1002	877	1122
ENSG00000114354.15	257	389	358	254	295	354
ENSG00000114374.13	1	0	0	0	1	1
ENSG00000114378.17	0	0	4	4	3	2
ENSG00000114383.10	31	37	46	12	16	10
ENSG00000114388.14	93	93	124	107	88	86
ENSG00000114391.14	1831	1867	1826	724	936	921
ENSG00000114395.11	3	5	4	2	7	8
ENSG00000114405.11	316	437	368	311	315	403
ENSG00000114416.19	3376	3328	3187	2299	2230	2882
ENSG00000114423.23	134	233	214	190	167	245
ENSG00000114439.19	1043	1262	972	1151	1013	1278
ENSG00000114446.5	769	907	782	763	590	748
ENSG00000114450.11	3	0	1	0	2	0
ENSG00000114455.15	0	0	0	0	0	0
ENSG00000114473.14	134	157	144	146	115	142
ENSG00000114480.13	834	890	944	764	755	977
ENSG00000114487.10	0	0	0	0	0	0
ENSG00000114491.14	4035	4142	4085	3181	3138	4157
ENSG00000114503.11	988	1128	1100	746	735	996
ENSG00000114520.11	1468	1674	1562	1609	1482	1966
ENSG00000114529.13	30	30	21	22	21	30
ENSG00000114541.15	177	244	205	169	159	208
ENSG00000114544.17	63	103	92	63	61	91
ENSG00000114547.10	0	0	0	0	1	0
ENSG00000114554.12	1275	1845	1616	1596	1195	1719
ENSG00000114573.11	5408	4524	4815	3162	3476	4186
ENSG00000114626.18	36	33	28	27	27	21
ENSG00000114631.11	306	362	322	269	235	322
ENSG00000114638.8	0	0	0	0	0	0
ENSG00000114646.10	81	120	92	82	98	124
ENSG00000114648.12	452	535	506	533	418	566
ENSG00000114650.21	562	845	770	688	509	664
ENSG00000114654.8	22	12	15	15	10	10
ENSG00000114656.13	26	16	13	13	14	27
ENSG00000114670.14	175	213	203	152	119	168
ENSG00000114686.9	3745	3714	3645	2265	2263	2457
ENSG00000114698.15	0	1	0	0	1	0
ENSG00000114735.10	35	63	69	68	42	55
ENSG00000114737.16	13	20	24	26	19	18
ENSG00000114738.11	246	265	259	194	174	189
ENSG00000114739.14	168	213	187	214	168	200
ENSG00000114742.14	381	507	418	458	359	562
ENSG00000114744.9	255	337	287	197	226	289
ENSG00000114745.15	211	276	270	219	219	280
ENSG00000114757.19	0	0	0	0	0	0
ENSG00000114767.7	702	773	712	421	429	565
ENSG00000114770.17	5161	6327	6147	7364	5408	7321
ENSG00000114771.14	0	0	0	0	0	0
ENSG00000114779.20	35	51	33	39	27	30
ENSG00000114784.4	161	171	168	118	156	182
ENSG00000114786.16	3	5	3	0	2	2
ENSG00000114790.13	187	260	245	227	186	235
ENSG00000114796.16	43	64	51	35	30	82
ENSG00000114805.18	609	706	608	564	482	701
ENSG00000114812.13	63	80	77	99	67	75
ENSG00000114841.18	81	111	73	112	83	124
ENSG00000114850.7	1789	1960	1884	1364	1438	1472
ENSG00000114853.15	28	41	60	39	38	34
ENSG00000114854.8	6	6	8	6	4	4
ENSG00000114857.19	2384	2606	2359	3652	2761	3595
ENSG00000114859.16	204	323	243	275	199	257
ENSG00000114861.24	8	15	13	15	11	12
ENSG00000114867.22	28409	34719	31294	25105	20988	29905
ENSG00000114902.14	103	97	106	54	57	87
ENSG00000114904.13	956	1130	1128	1153	804	1196
ENSG00000114923.17	65	106	95	96	83	133
ENSG00000114933.16	570	776	698	642	481	684
ENSG00000114942.14	1201	1023	1095	719	723	922
ENSG00000114948.13	8	15	6	18	10	15
ENSG00000114956.20	164	159	154	104	118	142
ENSG00000114978.18	329	372	378	238	273	372
ENSG00000114982.19	1041	1326	1358	1515	1124	1501
ENSG00000114988.12	318	392	360	287	264	331
ENSG00000114993.17	380	507	551	465	363	458
ENSG00000114999.8	575	736	685	652	541	660
ENSG00000115008.6	1	1	0	0	2	1
ENSG00000115009.13	0	0	0	0	0	0
ENSG00000115020.17	941	1138	1038	1219	958	1238
ENSG00000115041.14	23	51	37	42	20	31
ENSG00000115042.10	106	86	104	91	78	89
ENSG00000115053.17	111248	109613	100726	76094	77826	103607
ENSG00000115073.8	599	741	690	690	512	752
ENSG00000115084.15	680	973	913	1152	1086	1497
ENSG00000115085.15	0	3	0	2	0	0
ENSG00000115091.12	3500	3643	3771	3001	3328	4207
ENSG00000115107.20	130	184	159	143	125	162
ENSG00000115109.14	1459	1600	1587	1412	1282	1666
ENSG00000115112.8	9	16	14	3	8	6
ENSG00000115128.7	1830	1954	1867	1360	1292	1797
ENSG00000115129.14	156	215	187	139	137	154
ENSG00000115137.12	48	41	45	46	34	54
ENSG00000115138.11	0	0	0	0	0	0
ENSG00000115145.10	531	548	581	568	538	621
ENSG00000115155.19	0	4	1	1	1	3
ENSG00000115159.16	2761	3061	3066	2370	2428	3046
ENSG00000115163.15	161	160	172	135	105	178
ENSG00000115165.10	0	2	0	0	0	0
ENSG00000115170.16	254	292	280	210	200	296
ENSG00000115183.15	1451	1906	1701	2034	1503	2058
ENSG00000115194.11	22	24	20	13	22	19
ENSG00000115204.15	351	345	382	455	369	576
ENSG00000115207.15	940	1398	1202	1170	815	1289
ENSG00000115211.17	1313	1589	1577	1208	1117	1390
ENSG00000115216.14	6586	7703	7330	5315	5779	7078
ENSG00000115221.12	0	1	1	1	3	5
ENSG00000115226.10	0	1	4	3	0	0
ENSG00000115232.14	0	0	0	0	0	0
ENSG00000115233.12	8204	6974	7329	5748	6663	7765
ENSG00000115234.11	2427	2998	2772	1655	1743	2094
ENSG00000115239.24	130	146	168	170	159	168
ENSG00000115241.11	11708	13605	12764	8892	8659	11880
ENSG00000115252.19	8	20	13	14	6	14
ENSG00000115255.12	104	133	137	52	53	54
ENSG00000115257.15	0	10	2	8	5	5
ENSG00000115263.15	0	0	0	0	0	0
ENSG00000115266.12	30	22	39	27	21	28
ENSG00000115267.10	4925	4727	4766	3841	3749	4700
ENSG00000115268.10	744	471	601	510	469	465
ENSG00000115271.11	3614	3450	3555	2378	2654	3048
ENSG00000115274.15	1	4	0	2	1	6
ENSG00000115275.15	621	774	759	586	537	742
ENSG00000115282.21	201	267	226	290	205	290
ENSG00000115286.21	247	341	311	182	153	196
ENSG00000115289.14	71	137	150	122	120	100
ENSG00000115290.11	403	467	533	577	430	569
ENSG00000115295.21	7	15	9	12	9	6
ENSG00000115297.11	0	0	0	0	0	0
ENSG00000115306.16	3347	4058	3719	4102	2931	4302
ENSG00000115307.17	820	1073	904	722	591	779
ENSG00000115310.19	2266	2597	2457	1704	1721	2210
ENSG00000115317.13	252	347	320	192	207	252
ENSG00000115318.12	57	90	48	73	47	62
ENSG00000115325.14	72	117	102	95	75	109
ENSG00000115339.14	2186	2480	2389	2194	2188	3172
ENSG00000115350.12	421	441	468	181	244	275
ENSG00000115353.11	0	0	0	0	0	0
ENSG00000115355.18	22	23	18	27	18	26
ENSG00000115361.8	20	18	20	13	22	21
ENSG00000115363.14	0	0	0	0	0	0
ENSG00000115364.14	1349	1370	1384	1004	946	1346
ENSG00000115365.13	274	289	309	275	218	305
ENSG00000115368.10	1155	1242	1202	1417	1261	1714
ENSG00000115380.20	292	229	300	209	211	308
ENSG00000115386.6	0	0	0	0	0	0
ENSG00000115392.13	223	226	244	354	288	394
ENSG00000115414.21	1519	1687	1619	1324	1398	1842
ENSG00000115415.21	989	1228	1210	965	957	1215
ENSG00000115419.13	1034	1213	1233	1488	1383	1795
ENSG00000115421.13	216	214	184	266	259	322
ENSG00000115423.19	4	2	3	2	3	5
ENSG00000115425.14	200	252	220	168	184	216
ENSG00000115446.12	580	616	621	509	462	572
ENSG00000115457.10	565	631	659	388	400	555
ENSG00000115459.18	49	85	69	102	61	97
ENSG00000115461.5	1055	1284	1370	796	755	906
ENSG00000115464.15	7990	9472	8415	9662	7467	10158
ENSG00000115468.13	211	209	221	138	158	172
ENSG00000115474.7	0	5	0	0	0	0
ENSG00000115484.15	7690	9911	9164	6835	7274	9772
ENSG00000115486.13	573	702	656	593	419	592
ENSG00000115488.3	0	0	0	0	3	0
ENSG00000115504.15	1097	1389	1200	1261	902	1215
ENSG00000115507.10	20	32	19	12	14	20
ENSG00000115514.12	376	360	429	301	357	403
ENSG00000115520.9	337	328	301	232	243	287
ENSG00000115523.17	0	0	0	0	0	0
ENSG00000115524.17	8568	9028	9197	7232	7365	9703
ENSG00000115525.18	54	58	47	59	55	52
ENSG00000115526.11	121	127	152	157	120	140
ENSG00000115539.14	886	801	805	601	591	734
ENSG00000115540.15	19	20	24	11	14	11
ENSG00000115541.11	855	404	569	355	536	480
ENSG00000115548.17	752	948	875	886	714	884
ENSG00000115556.14	1	5	6	3	2	2
ENSG00000115561.16	97	114	97	37	43	41
ENSG00000115568.16	923	1311	1234	1287	867	1232
ENSG00000115590.14	1	0	0	0	0	0
ENSG00000115592.12	0	0	0	0	0	0
ENSG00000115593.15	0	0	0	0	0	0
ENSG00000115594.12	196	220	173	179	127	201
ENSG00000115596.4	0	0	0	0	0	0
ENSG00000115598.10	0	0	0	0	0	0
ENSG00000115602.17	0	0	0	0	0	0
ENSG00000115604.12	0	0	0	2	0	1
ENSG00000115607.10	0	0	0	0	1	0
ENSG00000115616.3	448	605	618	641	569	738
ENSG00000115641.19	14	12	8	3	6	4
ENSG00000115648.14	4029	5109	4780	7209	5101	6481
ENSG00000115649.16	755	812	847	540	531	608
ENSG00000115652.15	1020	1153	1037	828	928	1083
ENSG00000115657.14	924	1135	1177	814	693	976
ENSG00000115661.14	53	85	75	68	52	63
ENSG00000115665.9	0	0	0	0	0	0
ENSG00000115677.18	6582	8213	7759	6618	5606	7324
ENSG00000115685.15	1121	1205	1132	717	759	908
ENSG00000115687.14	513	670	645	979	681	963
ENSG00000115694.15	592	809	734	761	558	865
ENSG00000115705.22	0	0	0	0	0	0
ENSG00000115718.18	0	0	0	0	0	2
ENSG00000115738.10	41	62	53	43	26	58
ENSG00000115750.17	347	419	343	290	315	358
ENSG00000115756.13	129	164	158	81	111	82
ENSG00000115758.14	1723	2088	2063	1405	1238	1577
ENSG00000115760.16	6832	7645	7196	8034	6669	9068
ENSG00000115761.17	3216	3957	3481	2630	2310	3118
ENSG00000115762.17	809	775	773	470	477	638
ENSG00000115806.13	894	999	1075	800	803	1068
ENSG00000115808.12	898	882	898	863	747	1085
ENSG00000115816.15	2566	2906	2722	2509	2235	2998
ENSG00000115825.11	384	459	491	378	305	395
ENSG00000115827.14	125	127	157	195	177	200
ENSG00000115828.17	41	17	20	28	23	23
ENSG00000115839.19	2717	2970	2753	2192	2052	2710
ENSG00000115840.14	547	688	692	543	516	697
ENSG00000115841.21	25	28	30	27	20	28
ENSG00000115844.11	4	6	1	1	6	3
ENSG00000115850.10	6	7	13	7	5	13
ENSG00000115866.11	4540	4220	4363	2913	3199	4012
ENSG00000115875.19	5080	4921	4965	2764	2812	3441
ENSG00000115884.11	473	559	578	371	362	452
ENSG00000115896.16	10	8	16	8	4	16
ENSG00000115902.11	585	682	680	433	450	608
ENSG00000115904.15	1658	2044	1716	1939	1634	2269
ENSG00000115919.15	2148	2342	2234	1708	1806	2187
ENSG00000115935.19	6	4	2	0	1	3
ENSG00000115942.9	1639	1700	1727	1861	1529	2139
ENSG00000115944.15	142	183	172	81	96	97
ENSG00000115946.8	492	520	517	312	345	378
ENSG00000115947.14	194	306	258	287	324	453
ENSG00000115956.10	2	2	0	1	0	0
ENSG00000115963.14	203	240	284	190	184	213
ENSG00000115966.18	356	406	405	407	315	490
ENSG00000115970.19	3527	3817	3852	3637	3235	4467
ENSG00000115977.21	513	669	626	575	424	590
ENSG00000115993.13	764	1067	929	911	719	860
ENSG00000115998.8	69	90	80	101	87	84
ENSG00000116001.17	640	671	695	921	737	1016
ENSG00000116005.12	791	807	799	537	609	762
ENSG00000116014.10	0	0	2	0	1	0
ENSG00000116016.14	1604	2224	2076	1414	1140	1495
ENSG00000116017.11	134	192	195	138	116	183
ENSG00000116030.17	98	94	104	59	62	80
ENSG00000116031.9	5	5	0	1	0	3
ENSG00000116032.5	9	16	8	16	9	6
ENSG00000116035.4	12	19	21	11	15	22
ENSG00000116039.13	30	31	32	70	42	66
ENSG00000116044.17	1154	1411	1407	1091	1052	1445
ENSG00000116062.19	12310	13334	12128	10328	9844	13200
ENSG00000116095.11	57	52	65	64	53	56
ENSG00000116096.6	202	260	245	125	126	179
ENSG00000116106.12	1346	1465	1475	1584	1378	1741
ENSG00000116117.19	108	141	118	115	75	134
ENSG00000116120.11	502	632	662	540	566	683
ENSG00000116127.20	1290	1634	1403	1569	1255	1739
ENSG00000116128.12	379	505	452	407	277	452
ENSG00000116132.12	0	0	0	0	0	0
ENSG00000116133.13	2562	3521	3210	2166	1845	2544
ENSG00000116138.13	365	439	399	418	336	474
ENSG00000116141.17	27	28	28	25	38	43
ENSG00000116147.17	0	0	1	0	0	2
ENSG00000116151.14	216	258	213	399	270	409
ENSG00000116157.6	0	0	0	0	0	0
ENSG00000116161.18	3005	2856	2979	1534	1668	2003
ENSG00000116171.19	1865	1748	1685	1113	1226	1682
ENSG00000116176.7	0	0	0	0	0	0
ENSG00000116183.11	0	2	2	0	1	0
ENSG00000116191.19	161	209	206	183	172	234
ENSG00000116194.13	0	0	0	0	0	0
ENSG00000116198.14	571	794	688	579	456	633
ENSG00000116199.12	249	327	339	270	212	263
ENSG00000116205.14	34	39	37	43	35	64
ENSG00000116209.12	597	659	618	457	540	623
ENSG00000116212.15	528	722	645	455	434	529
ENSG00000116213.16	91	162	145	92	88	97
ENSG00000116218.13	0	1	0	0	0	0
ENSG00000116221.15	650	819	879	515	520	704
ENSG00000116237.16	180	304	263	211	184	254
ENSG00000116251.11	1486	1481	1386	443	553	597
ENSG00000116254.18	46	68	71	58	70	71
ENSG00000116260.17	914	1103	1135	846	759	1059
ENSG00000116266.11	985	1128	1072	988	887	1293
ENSG00000116273.6	132	223	213	147	108	171
ENSG00000116285.13	67	109	73	121	81	89
ENSG00000116288.13	2149	2205	2280	984	1145	1294
ENSG00000116299.17	296	361	323	255	273	328
ENSG00000116329.12	0	0	0	0	0	0
ENSG00000116337.20	697	850	962	757	628	835
ENSG00000116350.18	3004	3065	2958	3368	2807	3659
ENSG00000116353.16	67	101	115	84	73	100
ENSG00000116396.15	21	22	30	22	21	34
ENSG00000116406.20	1382	1652	1538	1588	1444	1809
ENSG00000116455.14	262	377	342	256	249	309
ENSG00000116459.11	1651	1713	1708	1063	1101	1272
ENSG00000116473.15	886	951	1024	597	662	778
ENSG00000116478.12	1971	2313	2204	1618	1397	1802
ENSG00000116489.13	1892	2329	2234	1253	1350	1509
ENSG00000116497.18	787	827	857	867	816	1085
ENSG00000116514.17	142	165	161	127	118	161
ENSG00000116521.11	31	36	36	34	38	24
ENSG00000116525.14	55	98	97	97	68	86
ENSG00000116539.14	7778	9605	8644	9188	7367	9921
ENSG00000116544.12	40	49	42	36	45	44
ENSG00000116560.12	13249	13595	12938	12085	11096	15259
ENSG00000116574.6	42	44	44	41	18	42
ENSG00000116580.20	3042	3908	3308	3962	2946	4057
ENSG00000116584.22	654	913	734	705	519	782
ENSG00000116586.12	237	269	287	107	155	149
ENSG00000116604.19	80	116	103	90	82	75
ENSG00000116641.18	684	785	691	737	628	818
ENSG00000116649.10	987	1127	1174	715	672	769
ENSG00000116661.11	44	38	45	57	26	40
ENSG00000116663.11	8	19	18	7	9	13
ENSG00000116667.15	447	483	442	305	293	380
ENSG00000116668.13	39	50	37	51	49	56
ENSG00000116670.16	273	308	301	151	139	174
ENSG00000116675.16	128	152	156	116	116	149
ENSG00000116678.20	21	6	7	29	14	19
ENSG00000116679.16	5116	4793	4803	5467	4646	5727
ENSG00000116685.16	133	180	178	118	95	137
ENSG00000116688.18	1675	2068	2009	1684	1362	1802
ENSG00000116690.13	47	63	45	50	53	46
ENSG00000116691.11	66	93	71	64	34	73
ENSG00000116698.22	1523	2221	1829	1575	1293	1712
ENSG00000116701.16	1	0	0	0	0	0
ENSG00000116703.14	0	0	0	0	0	1
ENSG00000116704.8	100	114	133	93	98	140
ENSG00000116711.10	0	0	0	0	0	2
ENSG00000116717.13	35	25	25	19	16	16
ENSG00000116721.9	0	0	0	0	0	0
ENSG00000116726.5	0	0	0	0	0	0
ENSG00000116729.14	16	18	18	17	11	15
ENSG00000116731.23	965	1345	1225	1115	877	1196
ENSG00000116741.8	2	3	8	1	1	2
ENSG00000116745.7	1	0	0	0	0	0
ENSG00000116747.13	843	908	882	716	721	906
ENSG00000116748.22	3	11	5	4	8	7
ENSG00000116750.14	773	927	890	922	751	1035
ENSG00000116752.6	2371	2088	2158	1197	1268	1550
ENSG00000116754.14	2210	2370	2168	2136	1797	2458
ENSG00000116761.12	45	37	55	30	47	50
ENSG00000116771.6	38	44	47	23	20	32
ENSG00000116774.12	26	22	21	27	14	17
ENSG00000116783.15	0	0	0	0	0	0
ENSG00000116785.15	0	0	0	0	0	0
ENSG00000116786.13	560	937	765	769	517	731
ENSG00000116791.14	840	987	843	548	590	719
ENSG00000116793.16	1079	1185	1161	1224	1145	1404
ENSG00000116809.12	176	272	264	225	182	221
ENSG00000116815.16	14	32	20	22	29	44
ENSG00000116819.9	0	3	2	0	1	1
ENSG00000116824.5	0	0	0	0	1	0
ENSG00000116830.12	4099	5194	4825	4889	4131	5810
ENSG00000116833.14	298	324	333	322	263	362
ENSG00000116852.15	34	20	34	35	22	21
ENSG00000116857.17	1279	1367	1320	788	731	890
ENSG00000116863.11	394	334	392	317	256	390
ENSG00000116871.16	1535	2199	1862	1470	1059	1461
ENSG00000116874.12	123	162	140	88	107	155
ENSG00000116882.15	0	0	0	0	0	0
ENSG00000116885.18	15	27	21	20	16	33
ENSG00000116898.12	570	721	674	385	411	593
ENSG00000116903.7	951	998	925	744	689	945
ENSG00000116906.13	543	699	689	565	466	636
ENSG00000116918.15	258	221	252	204	226	273
ENSG00000116922.15	113	100	128	141	121	159
ENSG00000116954.8	175	192	160	146	165	187
ENSG00000116962.15	0	0	0	0	0	0
ENSG00000116977.19	285	299	339	291	290	377
ENSG00000116981.4	0	0	0	0	0	0
ENSG00000116983.13	0	0	0	0	1	1
ENSG00000116984.15	1974	2285	2090	2198	1873	2483
ENSG00000116985.12	15	5	7	8	5	6
ENSG00000116990.11	11	34	20	19	16	21
ENSG00000116991.12	429	564	456	448	364	441
ENSG00000116996.10	0	0	0	0	0	0
ENSG00000117000.9	1039	1253	1077	1060	893	1195
ENSG00000117009.12	0	7	5	1	1	0
ENSG00000117010.17	81	84	72	89	82	79
ENSG00000117013.17	43	50	63	72	39	64
ENSG00000117016.10	23	54	48	37	41	41
ENSG00000117020.19	0	0	0	0	0	0
ENSG00000117036.12	689	930	790	625	477	619
ENSG00000117054.15	819	916	827	715	682	886
ENSG00000117069.15	0	0	0	0	0	0
ENSG00000117090.16	0	0	0	0	0	0
ENSG00000117091.10	0	0	0	0	0	0
ENSG00000117114.21	1	4	3	0	1	0
ENSG00000117115.13	276	357	303	222	151	251
ENSG00000117118.10	884	1163	1042	610	597	789
ENSG00000117122.14	0	1	1	0	4	2
ENSG00000117133.11	375	509	502	269	256	333
ENSG00000117139.18	2330	2802	2753	2622	2288	3110
ENSG00000117143.14	292	315	349	307	260	347
ENSG00000117148.8	26	11	22	12	14	9
ENSG00000117151.13	17	26	23	20	17	30
ENSG00000117152.14	0	0	0	0	0	0
ENSG00000117153.16	485	480	596	567	494	594
ENSG00000117154.12	0	0	0	0	0	0
ENSG00000117155.17	816	855	789	896	822	1081
ENSG00000117174.11	1155	1219	1086	929	767	1094
ENSG00000117215.15	0	0	0	0	0	0
ENSG00000117222.14	2278	2600	2619	2200	2074	2739
ENSG00000117226.12	0	0	0	2	0	0
ENSG00000117228.11	0	1	0	0	0	0
ENSG00000117245.13	0	6	2	4	0	3
ENSG00000117262.19	0	0	0	0	0	0
ENSG00000117266.16	121	141	131	160	100	120
ENSG00000117280.13	157	175	166	160	130	177
ENSG00000117281.16	2	0	0	0	0	0
ENSG00000117298.16	322	340	335	254	225	279
ENSG00000117305.15	137	118	151	94	87	86
ENSG00000117308.15	231	243	264	163	172	220
ENSG00000117318.9	30	54	36	16	12	22
ENSG00000117322.19	1	5	4	0	2	2
ENSG00000117335.21	1111	1113	1100	1038	1118	1312
ENSG00000117360.13	5528	5825	5994	6798	5154	6634
ENSG00000117362.13	1384	1805	1855	1013	991	1413
ENSG00000117385.16	203	238	257	190	168	225
ENSG00000117394.24	1848	2078	2003	1162	1156	1400
ENSG00000117395.13	2261	2406	2272	1483	1378	1833
ENSG00000117399.14	380	407	451	354	339	444
ENSG00000117400.18	0	0	0	0	0	0
ENSG00000117407.17	7	3	8	6	1	6
ENSG00000117408.11	389	481	413	443	365	422
ENSG00000117410.14	103	114	110	76	72	70
ENSG00000117411.18	101	152	160	114	119	151
ENSG00000117419.16	162	159	124	86	105	164
ENSG00000117425.14	2	1	3	6	2	4
ENSG00000117448.14	597	584	658	550	510	602
ENSG00000117450.15	952	977	1178	463	624	602
ENSG00000117461.15	58	92	89	64	54	58
ENSG00000117472.10	12	7	13	9	11	7
ENSG00000117475.14	190	237	226	171	162	207
ENSG00000117477.13	1	0	0	0	0	1
ENSG00000117479.15	85	131	103	142	124	128
ENSG00000117480.16	106	134	156	145	142	158
ENSG00000117481.11	250	349	369	300	217	317
ENSG00000117500.13	440	495	486	447	415	496
ENSG00000117501.15	0	0	0	0	0	0
ENSG00000117505.13	105	156	137	102	103	101
ENSG00000117519.16	0	0	0	0	0	0
ENSG00000117523.18	17055	21146	18422	14895	12771	17185
ENSG00000117525.14	31	42	23	17	25	29
ENSG00000117528.14	967	1028	1020	876	852	1012
ENSG00000117533.15	133	168	158	163	108	207
ENSG00000117543.22	568	520	527	456	465	633
ENSG00000117560.8	0	0	0	0	0	0
ENSG00000117569.19	225	237	230	235	209	272
ENSG00000117586.11	0	1	0	0	0	0
ENSG00000117592.9	2212	2704	2667	1535	1750	1932
ENSG00000117593.12	1317	1677	1652	1307	1319	1575
ENSG00000117594.10	0	0	0	0	0	0
ENSG00000117595.13	0	1	0	0	0	0
ENSG00000117597.18	629	704	717	500	496	728
ENSG00000117598.14	36	30	32	18	24	34
ENSG00000117600.14	2	0	0	0	0	0
ENSG00000117601.15	4	1	0	1	2	0
ENSG00000117602.13	441	442	458	441	472	568
ENSG00000117614.10	1020	1037	987	637	632	773
ENSG00000117616.18	267	229	283	442	250	365
ENSG00000117620.15	1	0	2	3	1	2
ENSG00000117625.14	381	458	386	602	447	603
ENSG00000117632.23	717	789	768	345	436	485
ENSG00000117640.18	50	71	71	66	67	71
ENSG00000117643.15	28	53	33	25	19	38
ENSG00000117650.13	576	581	584	452	430	490
ENSG00000117676.14	543	664	644	486	411	612
ENSG00000117682.18	516	534	569	494	369	486
ENSG00000117691.10	266	347	290	115	161	157
ENSG00000117697.15	111	101	126	82	53	98
ENSG00000117707.16	0	0	1	0	0	0
ENSG00000117713.21	3408	4567	3928	3176	2332	3289
ENSG00000117724.14	4908	6163	5619	4306	3732	5092
ENSG00000117748.10	338	408	375	219	227	286
ENSG00000117751.18	499	642	615	560	479	648
ENSG00000117758.14	222	269	256	233	178	289
ENSG00000117791.16	183	177	198	142	138	146
ENSG00000117834.13	0	1	0	0	0	0
ENSG00000117859.19	2511	2909	2554	2492	2190	2857
ENSG00000117862.13	893	884	845	452	460	580
ENSG00000117868.18	992	1577	1449	1294	1055	1527
ENSG00000117877.11	757	955	851	641	542	773
ENSG00000117899.11	3329	3740	3789	2327	2457	3096
ENSG00000117906.14	1610	1660	1663	1221	1111	1467
ENSG00000117971.12	7	9	5	6	5	6
ENSG00000117983.17	280	384	383	263	195	236
ENSG00000117984.15	20	50	43	43	26	37
ENSG00000118004.18	5	12	8	10	5	7
ENSG00000118007.13	3178	3658	3367	2736	2290	3172
ENSG00000118017.4	0	0	0	0	0	0
ENSG00000118046.17	1168	1257	1413	1247	879	1186
ENSG00000118058.24	4536	5917	5377	5755	4466	5889
ENSG00000118094.12	0	0	0	0	0	0
ENSG00000118096.10	777	782	786	688	647	999
ENSG00000118113.12	0	0	0	0	0	0
ENSG00000118137.10	2	2	3	0	2	1
ENSG00000118156.13	41	66	49	60	29	45
ENSG00000118160.14	2	4	1	1	2	2
ENSG00000118162.14	77	99	102	90	80	106
ENSG00000118181.11	1138	1508	1448	716	689	953
ENSG00000118193.12	2217	2369	2275	2597	2071	2898
ENSG00000118194.21	31	32	25	51	32	30
ENSG00000118197.14	511	504	513	726	634	765
ENSG00000118200.15	3052	3838	3457	3124	2494	3491
ENSG00000118217.7	252	279	317	277	232	267
ENSG00000118231.5	0	0	1	0	0	0
ENSG00000118242.16	382	500	510	527	419	658
ENSG00000118245.2	0	0	0	0	0	0
ENSG00000118246.14	686	811	760	808	640	920
ENSG00000118257.17	1	3	2	2	0	0
ENSG00000118260.15	456	599	489	440	358	521
ENSG00000118263.16	37	66	63	57	37	47
ENSG00000118271.12	1	0	0	0	0	0
ENSG00000118276.12	41	65	45	62	69	69
ENSG00000118292.9	21	27	9	17	25	17
ENSG00000118298.12	0	1	2	1	0	4
ENSG00000118307.20	4	7	1	7	9	6
ENSG00000118308.16	0	0	0	0	0	1
ENSG00000118322.14	0	0	0	0	0	0
ENSG00000118363.13	571	520	538	296	369	374
ENSG00000118369.13	570	882	782	923	601	887
ENSG00000118402.6	114	114	133	69	87	110
ENSG00000118407.15	1	3	4	1	0	2
ENSG00000118412.13	2483	2741	2522	2869	2294	3157
ENSG00000118418.15	872	937	786	508	541	620
ENSG00000118420.17	157	190	176	179	135	205
ENSG00000118432.13	0	0	0	0	0	3
ENSG00000118434.9	0	0	0	0	0	0
ENSG00000118454.13	240	285	253	292	247	289
ENSG00000118473.23	0	0	0	0	0	0
ENSG00000118482.12	2143	2426	2230	1982	1513	2234
ENSG00000118491.10	0	0	0	0	0	0
ENSG00000118492.18	0	0	0	0	0	0
ENSG00000118495.21	21	30	23	35	23	39
ENSG00000118496.5	269	225	220	212	205	236
ENSG00000118503.17	13	16	10	13	11	5
ENSG00000118507.18	20	31	16	23	14	18
ENSG00000118508.5	74	135	131	42	59	49
ENSG00000118513.20	423	483	438	377	279	423
ENSG00000118514.14	0	1	0	0	3	0
ENSG00000118515.12	30	29	19	20	15	23
ENSG00000118518.17	472	426	413	389	291	438
ENSG00000118520.15	0	0	0	0	0	0
ENSG00000118523.6	7	7	3	4	0	4
ENSG00000118526.7	0	0	0	0	0	0
ENSG00000118557.16	7	33	9	20	17	18
ENSG00000118564.15	539	572	562	613	608	675
ENSG00000118579.13	108	170	160	162	109	209
ENSG00000118596.12	157	209	144	105	101	148
ENSG00000118600.13	639	790	723	566	597	832
ENSG00000118620.13	20	28	31	34	35	41
ENSG00000118640.11	4888	4893	4758	1892	2201	2652
ENSG00000118655.8	541	617	651	486	410	584
ENSG00000118680.14	1296	1164	1216	712	874	877
ENSG00000118689.15	17	23	35	6	14	10
ENSG00000118690.13	7	18	11	10	8	10
ENSG00000118702.11	0	0	0	0	0	0
ENSG00000118705.18	1381	1788	1831	1331	1210	1621
ENSG00000118707.11	23	37	44	25	18	21
ENSG00000118729.12	1	3	0	0	2	4
ENSG00000118733.17	0	0	0	0	0	0
ENSG00000118762.8	622	740	756	1050	838	1168
ENSG00000118777.12	676	782	740	505	521	616
ENSG00000118785.15	0	0	0	0	0	0
ENSG00000118804.9	316	374	340	207	215	267
ENSG00000118816.11	472	836	810	563	531	769
ENSG00000118849.10	0	0	0	0	0	0
ENSG00000118855.21	738	861	918	800	702	1015
ENSG00000118873.17	1734	1919	1795	1649	1536	2223
ENSG00000118894.15	115	142	117	89	88	123
ENSG00000118898.16	2607	3518	3178	3041	2277	2907
ENSG00000118900.15	1744	2265	1900	1946	1518	2158
ENSG00000118922.19	9	10	5	8	6	8
ENSG00000118939.18	111	143	124	105	131	172
ENSG00000118946.12	0	0	4	0	0	0
ENSG00000118960.13	224	239	237	175	194	196
ENSG00000118961.15	190	184	209	137	134	151
ENSG00000118965.16	415	363	396	428	402	480
ENSG00000118971.9	0	0	0	0	0	0
ENSG00000118972.3	0	0	0	0	0	0
ENSG00000118985.16	26	43	39	40	26	85
ENSG00000118997.14	6	5	4	13	6	6
ENSG00000119004.17	147	143	159	119	131	192
ENSG00000119013.10	1065	912	906	319	404	427
ENSG00000119041.11	952	1038	950	879	863	1009
ENSG00000119042.18	48	75	63	75	46	74
ENSG00000119048.9	95	117	150	69	73	77
ENSG00000119121.22	0	4	6	5	9	12
ENSG00000119125.17	0	0	0	0	0	0
ENSG00000119138.5	15	16	12	9	9	11
ENSG00000119139.21	7	7	12	4	4	9
ENSG00000119147.10	0	0	0	0	0	0
ENSG00000119185.13	102	181	117	152	149	169
ENSG00000119203.14	3404	3528	3337	2775	2700	3589
ENSG00000119227.8	101	123	106	180	150	199
ENSG00000119231.11	1365	1674	1528	1776	1416	1887
ENSG00000119242.9	41	60	53	47	26	24
ENSG00000119280.17	473	545	523	295	289	340
ENSG00000119283.16	0	0	2	1	0	1
ENSG00000119285.11	3187	4091	3901	3705	3017	4392
ENSG00000119314.16	466	645	745	564	598	719
ENSG00000119318.13	2264	2631	2551	1761	1649	2254
ENSG00000119321.10	2080	2453	2048	2079	1759	2254
ENSG00000119326.15	494	525	484	368	380	443
ENSG00000119328.12	85	98	116	74	72	78
ENSG00000119333.12	1011	1349	1260	968	853	1149
ENSG00000119335.18	11476	10921	10323	7376	7230	9705
ENSG00000119383.21	1325	1694	1569	1034	973	1368
ENSG00000119392.16	1374	1666	1589	1237	1145	1502
ENSG00000119396.12	2322	2565	2469	1296	1504	1731
ENSG00000119397.19	946	1081	1010	1242	827	1019
ENSG00000119401.11	337	406	406	280	246	323
ENSG00000119402.18	277	431	345	418	335	428
ENSG00000119403.15	726	1062	975	773	688	771
ENSG00000119408.17	210	271	279	195	158	188
ENSG00000119411.11	739	826	828	590	551	693
ENSG00000119414.12	858	986	936	741	839	1020
ENSG00000119421.7	622	643	616	300	413	415
ENSG00000119431.10	40	67	48	59	34	34
ENSG00000119446.14	24	50	45	24	26	37
ENSG00000119457.8	1	0	0	1	0	4
ENSG00000119471.15	1223	1179	1199	938	978	1217
ENSG00000119487.17	417	572	503	382	335	501
ENSG00000119508.18	12	16	14	10	14	14
ENSG00000119509.13	387	567	514	542	397	625
ENSG00000119514.7	371	461	452	443	344	435
ENSG00000119522.18	148	258	252	193	140	197
ENSG00000119523.10	342	449	410	196	220	220
ENSG00000119535.19	0	0	0	0	0	0
ENSG00000119537.18	99	91	112	67	82	89
ENSG00000119541.10	312	298	317	240	204	310
ENSG00000119547.6	46	50	32	50	20	28
ENSG00000119559.17	68	94	93	53	51	72
ENSG00000119574.13	134	186	181	119	110	144
ENSG00000119596.18	9663	11712	10449	10917	8694	11803
ENSG00000119599.17	626	857	692	606	496	636
ENSG00000119608.15	0	0	0	0	0	0
ENSG00000119614.3	0	0	1	0	0	0
ENSG00000119616.11	167	190	185	127	147	165
ENSG00000119630.14	1	6	9	4	2	1
ENSG00000119632.4	11	13	25	7	11	4
ENSG00000119636.16	66	104	76	97	45	107
ENSG00000119638.14	210	257	257	244	176	252
ENSG00000119640.9	429	384	387	304	300	402
ENSG00000119650.13	551	624	576	384	348	441
ENSG00000119655.11	821	864	905	475	622	721
ENSG00000119661.15	238	268	253	184	180	223
ENSG00000119669.5	703	1059	985	829	639	882
ENSG00000119673.16	119	123	169	90	103	109
ENSG00000119681.12	80	96	83	77	68	97
ENSG00000119682.18	823	1022	928	1052	919	1142
ENSG00000119684.16	1543	1710	1703	2033	1738	2266
ENSG00000119685.20	2584	3255	2928	2650	2137	2937
ENSG00000119686.10	332	486	519	391	297	357
ENSG00000119688.21	529	598	600	723	569	781
ENSG00000119689.15	2416	2281	2547	1935	1926	2186
ENSG00000119698.12	3	6	1	7	4	5
ENSG00000119699.8	233	309	309	280	210	300
ENSG00000119703.15	61	59	76	46	49	67
ENSG00000119705.10	2142	1877	1927	1098	1410	1529
ENSG00000119707.14	12401	14840	13366	13542	11348	15092
ENSG00000119711.13	669	819	814	509	479	605
ENSG00000119714.11	5	20	11	8	7	11
ENSG00000119715.15	4	0	2	1	0	0
ENSG00000119718.11	1430	1418	1475	858	795	1003
ENSG00000119720.18	1710	2065	2024	2279	1812	2266
ENSG00000119723.17	420	467	434	352	343	461
ENSG00000119725.21	934	1203	1170	1022	910	1202
ENSG00000119729.12	6	2	2	12	5	3
ENSG00000119737.6	15	35	28	36	29	40
ENSG00000119760.16	864	989	983	1009	898	1004
ENSG00000119771.15	42	75	68	68	54	80
ENSG00000119772.19	776	945	896	860	659	852
ENSG00000119777.20	521	713	728	469	400	551
ENSG00000119778.15	1989	2223	2049	2197	1904	2682
ENSG00000119782.14	11	18	30	11	5	13
ENSG00000119787.14	926	997	962	1034	1039	1357
ENSG00000119801.13	93	93	81	59	67	74
ENSG00000119812.20	1661	1678	1588	1162	1220	1527
ENSG00000119820.11	368	370	388	255	323	362
ENSG00000119844.17	1096	1196	1163	1076	1059	1319
ENSG00000119862.13	88	115	97	71	52	100
ENSG00000119865.9	0	0	0	0	0	0
ENSG00000119866.22	1	0	1	0	0	0
ENSG00000119878.6	50	43	57	33	31	56
ENSG00000119888.11	7969	7374	7556	4720	5107	6583
ENSG00000119899.13	51	85	64	64	68	71
ENSG00000119900.9	88	119	125	124	90	137
ENSG00000119906.13	1583	2127	1849	2419	1860	2729
ENSG00000119912.18	1194	1285	1326	1077	1057	1548
ENSG00000119913.6	0	0	0	0	0	0
ENSG00000119915.5	1	0	0	0	0	0
ENSG00000119917.15	15	18	14	15	8	18
ENSG00000119919.12	2	0	0	1	0	2
ENSG00000119922.11	14	12	13	9	6	14
ENSG00000119927.14	417	453	394	346	304	382
ENSG00000119929.13	537	433	472	388	407	486
ENSG00000119938.9	18	22	28	17	16	15
ENSG00000119943.13	359	413	372	463	344	485
ENSG00000119946.12	342	473	453	396	338	461
ENSG00000119950.21	63	105	87	77	79	82
ENSG00000119953.14	1179	1329	1213	922	858	1081
ENSG00000119965.13	247	229	240	260	200	207
ENSG00000119969.16	4849	5687	4931	6876	5727	7917
ENSG00000119973.6	0	0	0	0	1	0
ENSG00000119977.22	125	117	167	150	142	202
ENSG00000119979.18	25	37	38	40	27	43
ENSG00000119986.7	51	64	59	41	30	42
ENSG00000120008.16	1227	1288	1323	1390	1127	1594
ENSG00000120029.13	684	820	723	713	671	814
ENSG00000120049.20	18	15	6	23	22	22
ENSG00000120051.15	8	0	8	8	3	5
ENSG00000120053.12	799	901	926	679	685	837
ENSG00000120054.12	0	0	0	0	0	0
ENSG00000120055.7	0	8	3	0	3	1
ENSG00000120057.5	0	0	0	0	1	1
ENSG00000120063.10	1466	1546	1570	1138	1088	1538
ENSG00000120068.7	2	0	1	0	0	1
ENSG00000120071.15	93	126	105	122	72	101
ENSG00000120075.6	0	0	0	0	0	0
ENSG00000120088.16	0	0	0	0	0	0
ENSG00000120093.12	0	1	0	0	1	0
ENSG00000120094.9	0	0	0	0	0	0
ENSG00000120129.6	25	56	59	31	24	47
ENSG00000120137.7	3251	3096	3167	3117	2624	3458
ENSG00000120149.9	209	214	198	130	107	120
ENSG00000120156.22	0	0	0	0	0	2
ENSG00000120158.12	586	528	530	491	406	480
ENSG00000120159.13	321	339	368	257	241	341
ENSG00000120160.11	0	0	0	0	0	0
ENSG00000120162.10	0	0	0	0	0	0
ENSG00000120210.8	0	0	0	0	0	0
ENSG00000120211.4	0	0	0	0	0	0
ENSG00000120215.10	0	0	0	0	0	0
ENSG00000120217.14	2	1	1	1	2	0
ENSG00000120235.5	0	0	0	0	0	0
ENSG00000120242.4	0	0	0	0	0	0
ENSG00000120251.22	0	0	0	0	0	0
ENSG00000120253.14	610	607	635	722	674	939
ENSG00000120254.16	1702	1889	1713	1469	1331	1651
ENSG00000120256.11	359	447	456	349	306	400
ENSG00000120262.10	1200	1643	1548	1625	1219	1629
ENSG00000120265.20	2933	2871	3000	2273	2439	3130
ENSG00000120278.17	11	5	10	13	3	12
ENSG00000120279.7	0	0	0	0	0	0
ENSG00000120280.6	0	0	0	0	0	0
ENSG00000120289.12	0	0	0	0	0	0
ENSG00000120306.11	27	28	36	22	15	31
ENSG00000120314.19	1297	1358	1426	1344	1132	1347
ENSG00000120318.16	19	14	20	29	12	13
ENSG00000120322.4	106	136	133	96	77	107
ENSG00000120324.9	63	71	73	54	58	81
ENSG00000120327.7	38	56	61	46	29	31
ENSG00000120328.6	27	37	46	48	33	35
ENSG00000120329.7	6	9	7	6	3	10
ENSG00000120332.17	0	0	0	0	0	2
ENSG00000120333.4	633	576	614	325	365	419
ENSG00000120334.16	185	174	193	165	151	186
ENSG00000120337.10	0	0	0	0	0	0
ENSG00000120341.19	4	10	10	16	7	11
ENSG00000120370.14	223	213	251	284	205	310
ENSG00000120436.4	0	0	0	0	0	0
ENSG00000120437.9	2580	2868	2896	1730	1892	2442
ENSG00000120438.12	4808	5116	5043	3577	3616	4744
ENSG00000120440.15	0	0	0	0	0	0
ENSG00000120451.11	508	651	617	528	474	637
ENSG00000120457.12	0	1	2	4	0	0
ENSG00000120458.13	138	128	183	279	192	307
ENSG00000120471.16	0	1	0	0	0	1
ENSG00000120498.14	0	0	0	0	0	0
ENSG00000120500.19	0	0	0	0	0	0
ENSG00000120509.12	255	273	312	144	141	142
ENSG00000120519.16	66	65	97	66	48	81
ENSG00000120526.12	1906	1950	1874	1567	1671	2104
ENSG00000120533.13	734	827	785	432	492	538
ENSG00000120539.15	601	643	698	856	758	904
ENSG00000120549.19	446	594	511	482	401	518
ENSG00000120563.10	0	0	0	0	1	0
ENSG00000120594.17	80	97	112	108	78	82
ENSG00000120616.16	634	760	698	835	608	838
ENSG00000120645.12	0	0	0	0	0	0
ENSG00000120647.10	222	197	224	249	197	249
ENSG00000120656.14	622	506	571	372	278	351
ENSG00000120658.14	47	30	34	25	25	41
ENSG00000120659.16	0	0	0	0	0	0
ENSG00000120662.16	98	92	112	108	91	109
ENSG00000120669.16	0	0	0	0	0	0
ENSG00000120675.6	270	305	303	310	258	327
ENSG00000120685.20	353	424	409	432	287	362
ENSG00000120686.12	82	136	132	98	102	114
ENSG00000120688.9	651	784	640	742	592	712
ENSG00000120690.16	721	874	812	625	554	782
ENSG00000120693.14	9	14	8	7	3	8
ENSG00000120694.20	4747	5362	4999	4511	4587	6479
ENSG00000120696.9	596	574	551	432	441	617
ENSG00000120697.10	834	792	810	677	631	791
ENSG00000120699.14	921	1038	1072	819	732	875
ENSG00000120705.13	2762	2888	3028	1929	2000	2450
ENSG00000120708.17	109	162	132	123	99	154
ENSG00000120709.11	100	156	151	95	96	122
ENSG00000120725.13	725	783	849	577	524	679
ENSG00000120727.13	1689	1674	1611	1046	1319	1410
ENSG00000120729.10	0	0	0	0	0	0
ENSG00000120733.14	4719	5879	5487	4924	4036	5230
ENSG00000120738.8	7	14	11	11	4	8
ENSG00000120742.11	1114	1274	1239	642	830	910
ENSG00000120756.13	668	629	621	479	545	746
ENSG00000120784.17	209	201	233	173	135	148
ENSG00000120798.17	260	254	274	300	237	362
ENSG00000120800.5	5060	6582	5593	5350	4302	6171
ENSG00000120802.14	2635	3056	2744	2449	2561	3474
ENSG00000120805.14	1833	1902	1989	1081	1225	1489
ENSG00000120820.13	1	0	1	0	0	0
ENSG00000120832.10	81	81	61	104	104	89
ENSG00000120833.14	36	39	54	42	54	77
ENSG00000120837.8	878	888	855	780	669	854
ENSG00000120860.11	22	37	40	17	36	26
ENSG00000120868.14	508	593	595	730	572	806
ENSG00000120875.9	333	511	511	299	235	357
ENSG00000120885.22	5088	6018	5862	3018	3448	4159
ENSG00000120889.13	185	233	225	287	184	275
ENSG00000120896.14	119	187	161	137	126	152
ENSG00000120899.18	113	178	183	159	131	189
ENSG00000120903.13	0	0	0	0	0	0
ENSG00000120907.18	0	0	0	0	1	0
ENSG00000120910.15	212	255	224	225	171	251
ENSG00000120913.24	101	106	151	90	77	138
ENSG00000120915.14	65	60	83	99	60	94
ENSG00000120925.16	14	30	23	23	20	21
ENSG00000120937.9	0	0	0	0	0	0
ENSG00000120942.14	142	158	157	77	60	83
ENSG00000120948.19	2180	2150	2272	1994	1869	2349
ENSG00000120949.15	0	0	0	0	0	0
ENSG00000120952.4	0	0	0	0	0	0
ENSG00000120963.12	8	15	16	9	7	14
ENSG00000120992.18	226	177	212	137	95	159
ENSG00000121005.9	359	372	382	320	316	379
ENSG00000121022.14	2084	1755	1923	1212	1343	1649
ENSG00000121039.10	260	324	310	173	164	231
ENSG00000121053.6	0	0	0	0	0	0
ENSG00000121057.13	5489	6209	6029	6300	4964	6632
ENSG00000121058.5	1889	2075	1939	1886	1656	2106
ENSG00000121060.19	2261	2650	2319	2130	1690	2251
ENSG00000121064.13	752	729	822	590	526	656
ENSG00000121067.19	972	1039	957	680	733	955
ENSG00000121068.14	2792	4311	4141	3677	2574	3268
ENSG00000121073.15	1787	1987	1804	1125	1027	1357
ENSG00000121075.11	1	2	1	1	1	0
ENSG00000121101.16	908	1109	1059	1641	1201	1618
ENSG00000121104.8	198	254	227	189	145	244
ENSG00000121152.10	1129	1248	1152	1097	922	1181
ENSG00000121207.12	0	0	0	0	0	0
ENSG00000121210.16	730	949	849	820	740	951
ENSG00000121211.8	0	2	3	1	3	0
ENSG00000121236.21	9	3	3	8	4	11
ENSG00000121270.16	12	16	10	17	9	14
ENSG00000121274.14	422	542	502	445	361	490
ENSG00000121281.13	60	80	67	71	48	65
ENSG00000121289.18	308	337	257	307	211	292
ENSG00000121297.8	28	48	32	31	27	33
ENSG00000121310.17	59	62	48	73	79	70
ENSG00000121314.3	0	0	0	0	0	0
ENSG00000121316.11	109	171	148	123	134	125
ENSG00000121318.3	0	0	0	0	0	0
ENSG00000121335.12	0	0	0	0	0	0
ENSG00000121350.16	118	110	108	105	93	129
ENSG00000121351.8	0	0	0	0	0	0
ENSG00000121361.5	4	1	2	2	5	4
ENSG00000121377.2	0	0	0	0	0	0
ENSG00000121380.12	1	1	0	0	0	0
ENSG00000121381.4	0	0	0	0	0	0
ENSG00000121390.19	2862	2877	2692	2584	2204	2881
ENSG00000121406.9	22	20	20	18	21	15
ENSG00000121410.12	7	7	9	5	2	4
ENSG00000121413.13	24	24	33	31	16	21
ENSG00000121417.14	47	57	78	68	44	54
ENSG00000121440.15	80	86	93	71	60	72
ENSG00000121446.20	0	0	0	0	0	0
ENSG00000121454.6	77	91	94	93	64	88
ENSG00000121481.11	95	112	124	87	117	119
ENSG00000121486.12	562	508	545	470	449	584
ENSG00000121542.12	56	62	86	59	60	76
ENSG00000121552.4	10	20	17	13	9	24
ENSG00000121570.13	0	0	0	0	0	0
ENSG00000121577.14	7	7	9	3	10	8
ENSG00000121578.13	312	418	371	287	260	320
ENSG00000121579.14	1252	1610	1513	1072	1187	1471
ENSG00000121594.12	0	0	0	0	0	0
ENSG00000121621.7	206	275	253	300	283	336
ENSG00000121634.6	0	0	0	0	0	0
ENSG00000121644.19	11	24	35	18	19	32
ENSG00000121653.11	71	126	94	73	78	108
ENSG00000121671.12	262	322	338	380	267	349
ENSG00000121680.16	271	306	295	270	223	222
ENSG00000121690.11	0	1	1	0	0	0
ENSG00000121691.7	368	427	429	273	293	355
ENSG00000121716.21	860	1173	1030	1465	936	1251
ENSG00000121741.17	1877	2060	2031	2267	1885	2437
ENSG00000121742.19	1	0	0	1	0	1
ENSG00000121743.4	0	1	1	1	0	0
ENSG00000121749.16	416	500	487	410	429	565
ENSG00000121753.13	66	85	73	70	54	76
ENSG00000121764.12	0	0	0	0	0	0
ENSG00000121766.16	584	680	506	510	396	577
ENSG00000121769.8	0	0	0	0	0	0
ENSG00000121774.18	3808	3811	3557	2554	2735	3445
ENSG00000121775.18	46	63	71	64	61	79
ENSG00000121797.10	1	0	0	0	1	3
ENSG00000121807.7	0	0	0	0	0	0
ENSG00000121851.13	761	929	721	579	520	756
ENSG00000121853.4	0	0	1	0	0	0
ENSG00000121858.11	0	0	3	0	0	0
ENSG00000121864.10	111	140	134	132	140	199
ENSG00000121871.4	0	0	0	0	0	0
ENSG00000121879.6	290	381	294	380	319	374
ENSG00000121892.15	3461	4533	3847	3558	3127	4071
ENSG00000121895.8	4	0	0	0	0	2
ENSG00000121897.15	323	325	369	405	389	547
ENSG00000121898.13	0	1	3	2	3	0
ENSG00000121900.19	206	193	212	136	114	183
ENSG00000121903.15	104	147	118	148	110	136
ENSG00000121904.19	0	0	0	2	0	0
ENSG00000121905.10	0	0	3	0	1	0
ENSG00000121931.16	648	800	628	560	466	670
ENSG00000121933.19	0	0	0	0	0	0
ENSG00000121940.17	2185	2172	2152	2717	2207	3018
ENSG00000121957.15	1863	1927	1835	1406	1264	1677
ENSG00000121964.15	41	35	56	29	41	48
ENSG00000121966.8	12	5	15	14	10	9
ENSG00000121988.18	255	324	281	318	275	347
ENSG00000121989.15	136	128	180	147	112	169
ENSG00000122008.15	365	323	312	459	334	423
ENSG00000122012.14	0	0	0	0	0	0
ENSG00000122025.15	22	29	27	33	27	46
ENSG00000122026.11	414	275	359	109	108	84
ENSG00000122033.15	554	604	627	635	531	678
ENSG00000122034.17	1109	1190	1212	1153	1039	1451
ENSG00000122035.7	5	7	2	3	2	5
ENSG00000122042.10	338	450	395	212	234	289
ENSG00000122068.13	4695	5255	4961	2917	2917	3880
ENSG00000122085.17	979	1141	1065	876	803	1083
ENSG00000122121.12	0	0	0	0	0	0
ENSG00000122122.10	0	0	0	0	0	0
ENSG00000122126.18	665	763	716	750	671	838
ENSG00000122133.17	0	3	1	0	1	0
ENSG00000122136.14	0	0	0	0	0	0
ENSG00000122140.13	207	321	303	178	113	195
ENSG00000122145.15	0	0	0	0	0	0
ENSG00000122176.12	0	1	0	0	0	0
ENSG00000122180.5	0	0	0	0	0	0
ENSG00000122188.13	0	0	0	0	0	0
ENSG00000122194.19	0	0	0	0	0	0
ENSG00000122203.15	123	237	215	176	136	225
ENSG00000122218.17	6020	7445	6940	5040	4545	6225
ENSG00000122223.13	0	0	0	0	0	0
ENSG00000122224.18	0	0	0	0	0	0
ENSG00000122254.7	0	0	0	0	0	0
ENSG00000122257.20	2375	3238	2646	2882	2148	2968
ENSG00000122299.12	1388	1505	1475	1614	1308	1717
ENSG00000122304.11	0	0	0	0	0	0
ENSG00000122335.17	95	74	70	84	76	113
ENSG00000122359.18	645	774	739	526	509	651
ENSG00000122367.21	1	2	2	2	3	2
ENSG00000122375.13	0	0	0	0	0	0
ENSG00000122376.12	59	77	80	92	62	94
ENSG00000122378.14	1684	1723	1771	1452	1418	1850
ENSG00000122386.11	284	329	344	287	203	320
ENSG00000122390.19	163	210	176	134	98	112
ENSG00000122406.14	8961	9065	9001	5360	5728	6449
ENSG00000122417.16	98	84	66	135	105	117
ENSG00000122420.10	0	0	0	0	0	0
ENSG00000122432.19	6	8	4	1	3	9
ENSG00000122435.11	575	581	587	836	652	797
ENSG00000122477.13	8	7	6	12	3	7
ENSG00000122481.17	75	101	76	68	75	94
ENSG00000122482.22	652	760	651	579	505	698
ENSG00000122483.18	677	705	656	967	660	896
ENSG00000122484.9	433	447	451	519	459	647
ENSG00000122490.19	5	8	11	9	10	16
ENSG00000122507.21	153	183	194	159	117	198
ENSG00000122512.17	293	303	312	396	286	406
ENSG00000122515.16	332	584	570	490	358	493
ENSG00000122543.11	0	0	0	0	0	0
ENSG00000122545.22	2808	3084	2920	2050	2025	2609
ENSG00000122547.11	24	37	42	38	25	37
ENSG00000122550.18	551	579	587	426	376	498
ENSG00000122557.11	220	228	223	188	205	251
ENSG00000122565.19	7587	6856	6422	5561	5206	5795
ENSG00000122566.22	69600	64215	66556	52425	51333	64744
ENSG00000122574.12	1	0	0	1	0	6
ENSG00000122584.13	1	0	0	0	0	0
ENSG00000122585.8	0	0	0	0	0	0
ENSG00000122591.13	253	339	308	244	283	331
ENSG00000122592.8	8	14	8	14	7	13
ENSG00000122641.11	1	1	4	2	1	2
ENSG00000122642.11	652	642	707	572	520	650
ENSG00000122643.23	444	444	414	355	453	530
ENSG00000122644.13	7	6	5	1	6	1
ENSG00000122674.12	1	0	0	0	0	1
ENSG00000122678.17	218	270	296	399	290	348
ENSG00000122679.8	0	0	0	0	1	0
ENSG00000122687.19	400	510	489	265	277	371
ENSG00000122691.13	1	0	0	0	0	0
ENSG00000122692.9	1032	1029	1076	784	871	1076
ENSG00000122694.16	37	30	41	25	17	17
ENSG00000122696.14	13	17	21	11	6	28
ENSG00000122705.18	1601	1759	1527	868	984	1084
ENSG00000122707.12	4	10	6	6	4	2
ENSG00000122711.9	0	0	0	0	0	0
ENSG00000122728.6	5	4	1	3	1	1
ENSG00000122729.19	391	338	377	311	311	332
ENSG00000122733.12	0	0	0	0	0	0
ENSG00000122735.16	2	1	3	1	2	1
ENSG00000122741.16	58	84	107	69	82	105
ENSG00000122756.15	0	0	0	0	1	0
ENSG00000122778.10	657	828	862	809	631	751
ENSG00000122779.18	560	674	706	552	508	672
ENSG00000122783.17	397	585	481	411	348	483
ENSG00000122786.20	53	50	34	41	42	44
ENSG00000122787.15	1	4	4	3	8	6
ENSG00000122824.11	0	0	0	0	0	0
ENSG00000122852.15	0	0	0	0	0	0
ENSG00000122859.5	0	0	0	0	0	0
ENSG00000122861.16	0	0	0	0	0	0
ENSG00000122862.5	0	0	0	0	0	1
ENSG00000122863.6	36	61	57	43	33	40
ENSG00000122870.12	0	0	1	0	0	1
ENSG00000122873.12	308	229	282	165	169	220
ENSG00000122877.18	0	0	0	0	0	0
ENSG00000122882.11	951	1066	980	917	936	1165
ENSG00000122884.13	751	755	738	489	508	672
ENSG00000122912.15	263	249	245	388	275	462
ENSG00000122952.17	809	1048	1017	899	686	944
ENSG00000122958.15	923	1088	934	590	708	802
ENSG00000122965.11	2246	2721	2539	3032	2328	2932
ENSG00000122966.17	4400	5198	4980	4981	3951	5404
ENSG00000122970.16	149	172	190	225	150	209
ENSG00000122971.9	38	54	60	44	28	62
ENSG00000122986.14	1	0	0	2	0	0
ENSG00000123064.13	3874	4977	4751	3565	3027	3984
ENSG00000123066.9	8319	10592	9776	9272	6918	9110
ENSG00000123080.12	43	52	65	34	29	46
ENSG00000123091.5	159	163	188	163	118	168
ENSG00000123094.16	215	269	270	205	192	253
ENSG00000123095.6	3	1	0	4	0	0
ENSG00000123096.12	1	0	1	0	0	3
ENSG00000123104.12	1558	1768	1580	1597	1312	1803
ENSG00000123106.11	179	259	192	132	155	176
ENSG00000123119.12	484	598	571	665	582	796
ENSG00000123124.14	3830	3777	3778	3502	2646	3506
ENSG00000123130.17	1079	1130	1176	1069	935	1150
ENSG00000123131.13	1464	1442	1477	936	1147	1312
ENSG00000123136.15	3307	3730	3800	2387	2034	2511
ENSG00000123143.13	2239	3222	2929	2353	1832	2458
ENSG00000123144.11	5261	5351	5120	3598	2950	3876
ENSG00000123146.20	46	76	91	65	42	68
ENSG00000123154.12	229	200	250	244	151	237
ENSG00000123159.16	1551	1653	1708	1223	1111	1511
ENSG00000123165.9	0	0	0	0	0	0
ENSG00000123171.8	3	0	0	1	0	0
ENSG00000123178.15	249	305	231	197	214	324
ENSG00000123179.14	18	18	15	13	9	21
ENSG00000123191.16	113	175	171	119	136	166
ENSG00000123200.17	6721	7934	6885	5475	4622	6124
ENSG00000123213.23	791	839	813	676	689	1114
ENSG00000123219.13	689	787	680	861	653	894
ENSG00000123240.17	306	427	364	319	244	355
ENSG00000123243.15	0	1	0	0	0	0
ENSG00000123268.9	202	302	232	184	178	240
ENSG00000123297.20	2055	2407	2419	1481	1492	1886
ENSG00000123307.4	0	1	0	0	2	0
ENSG00000123329.20	3	0	0	1	0	0
ENSG00000123338.13	1	0	2	2	3	1
ENSG00000123342.16	44	44	59	107	64	84
ENSG00000123349.15	1595	1790	1834	1059	1111	1174
ENSG00000123352.18	853	974	918	1146	893	1198
ENSG00000123353.10	24	32	30	10	27	28
ENSG00000123358.20	578	884	885	706	560	796
ENSG00000123360.12	3	12	14	14	12	8
ENSG00000123364.5	226	300	308	203	181	296
ENSG00000123374.11	1263	1464	1321	633	667	857
ENSG00000123384.14	232	333	301	302	209	282
ENSG00000123388.4	58	44	66	41	31	55
ENSG00000123395.15	1323	1264	1420	734	726	874
ENSG00000123405.14	10	3	4	4	3	8
ENSG00000123407.4	3	1	4	2	7	1
ENSG00000123411.15	71	129	122	189	128	197
ENSG00000123415.16	141	178	161	143	118	189
ENSG00000123416.15	4185	3011	3466	3066	3038	3944
ENSG00000123427.17	19	39	40	36	44	41
ENSG00000123444.14	485	607	566	315	298	344
ENSG00000123453.19	17	21	14	26	19	23
ENSG00000123454.12	0	0	0	0	0	0
ENSG00000123472.13	700	781	729	471	491	572
ENSG00000123473.17	426	581	488	642	500	639
ENSG00000123485.12	2085	2581	2313	2433	1860	2616
ENSG00000123496.8	0	0	0	0	0	0
ENSG00000123500.10	0	0	0	0	0	0
ENSG00000123505.19	267	343	412	200	195	276
ENSG00000123545.6	205	209	243	78	84	114
ENSG00000123552.18	224	210	208	357	254	337
ENSG00000123560.14	0	0	0	0	0	0
ENSG00000123561.15	0	0	0	0	0	0
ENSG00000123562.18	5093	4531	4802	4231	4523	5498
ENSG00000123569.10	0	0	0	0	0	0
ENSG00000123570.4	40	49	33	43	29	64
ENSG00000123572.17	84	104	99	78	65	103
ENSG00000123575.9	625	750	808	628	623	822
ENSG00000123576.5	0	0	0	0	0	0
ENSG00000123584.7	0	0	0	0	0	0
ENSG00000123594.7	0	0	0	0	0	0
ENSG00000123595.8	136	136	161	67	94	127
ENSG00000123600.21	579	595	585	458	442	638
ENSG00000123607.16	313	356	319	384	332	466
ENSG00000123609.11	479	491	525	364	377	507
ENSG00000123610.5	0	0	0	0	0	0
ENSG00000123612.16	14	7	5	8	6	5
ENSG00000123636.19	2557	3323	2840	2934	2301	3218
ENSG00000123643.13	28	59	56	76	56	73
ENSG00000123684.13	1010	1388	1094	829	770	999
ENSG00000123685.9	0	1	0	2	2	1
ENSG00000123689.6	0	0	0	0	0	0
ENSG00000123700.5	0	0	0	0	0	0
ENSG00000123728.10	258	308	292	248	235	278
ENSG00000123737.13	2028	1848	1948	1705	1607	1830
ENSG00000123739.11	20	18	25	31	17	10
ENSG00000123810.9	7	6	10	3	0	8
ENSG00000123815.13	167	228	208	239	236	267
ENSG00000123836.15	286	323	379	353	291	404
ENSG00000123838.11	0	0	0	0	0	0
ENSG00000123843.13	0	0	0	0	0	0
ENSG00000123892.12	0	0	0	0	0	0
ENSG00000123901.9	0	0	0	0	0	0
ENSG00000123908.12	1870	2565	2412	2245	1706	2046
ENSG00000123933.17	134	177	175	149	113	145
ENSG00000123975.5	951	1073	966	431	493	565
ENSG00000123977.10	0	0	0	0	0	0
ENSG00000123983.15	2210	2504	2459	1803	1832	2600
ENSG00000123989.15	660	1038	934	504	494	700
ENSG00000123992.20	1085	1455	1310	964	839	1167
ENSG00000123999.5	25	14	24	14	12	11
ENSG00000124003.13	2	0	0	1	1	0
ENSG00000124006.15	1345	1543	1537	1248	1091	1438
ENSG00000124019.10	0	0	0	0	0	0
ENSG00000124067.17	421	522	477	467	386	509
ENSG00000124074.12	69	87	105	65	59	67
ENSG00000124089.4	0	0	0	0	0	0
ENSG00000124091.10	0	0	0	0	0	0
ENSG00000124092.13	1	3	1	3	5	5
ENSG00000124097.8	44	46	30	15	16	32
ENSG00000124098.10	31	33	40	18	11	27
ENSG00000124102.5	0	0	0	0	0	0
ENSG00000124103.10	3	2	3	1	0	8
ENSG00000124104.19	93	88	98	51	50	68
ENSG00000124107.5	0	1	0	0	0	0
ENSG00000124116.19	1	0	2	3	0	2
ENSG00000124120.11	231	244	274	180	117	132
ENSG00000124126.14	34165	46697	42859	38207	28792	38804
ENSG00000124134.9	0	1	0	1	0	0
ENSG00000124140.15	239	340	291	354	254	335
ENSG00000124143.11	19	9	14	21	10	20
ENSG00000124145.6	1512	1494	1541	755	888	1039
ENSG00000124151.19	11701	14627	13349	13562	11212	14915
ENSG00000124155.19	420	548	554	408	301	504
ENSG00000124157.7	0	0	0	0	0	0
ENSG00000124159.17	1	2	3	2	2	3
ENSG00000124160.12	1525	1616	1762	1282	1154	1650
ENSG00000124164.16	4906	5151	4932	3530	3566	4490
ENSG00000124171.9	4056	4247	4166	3508	2853	3831
ENSG00000124172.10	699	685	854	236	309	365
ENSG00000124177.16	4294	5812	4883	5437	4150	5415
ENSG00000124181.15	3091	3847	3579	4187	3066	4111
ENSG00000124191.18	50	53	40	47	32	44
ENSG00000124193.16	213	258	221	254	216	312
ENSG00000124194.17	0	0	0	0	1	0
ENSG00000124196.6	0	0	0	0	0	0
ENSG00000124198.10	3509	4121	4098	3867	3121	4074
ENSG00000124201.15	2895	4013	3437	2990	2436	3272
ENSG00000124203.7	0	0	0	1	1	0
ENSG00000124205.18	0	0	0	0	0	0
ENSG00000124207.17	4252	4346	4446	3940	3997	5402
ENSG00000124208.16	0	0	0	0	0	0
ENSG00000124209.4	1055	1171	1135	742	815	976
ENSG00000124212.6	0	1	0	0	0	0
ENSG00000124214.21	2743	3185	3059	2108	1906	2507
ENSG00000124215.17	13	5	16	18	8	19
ENSG00000124216.4	1	1	2	3	1	0
ENSG00000124217.5	300	374	350	248	219	266
ENSG00000124222.22	433	511	478	678	530	717
ENSG00000124225.16	160	216	173	150	111	150
ENSG00000124226.11	1049	1351	1292	830	862	1007
ENSG00000124227.6	0	0	0	0	0	0
ENSG00000124228.15	8448	9583	8742	6986	6294	8597
ENSG00000124232.11	0	0	0	0	0	0
ENSG00000124233.12	0	0	0	0	0	0
ENSG00000124237.6	0	0	0	0	0	0
ENSG00000124243.19	131	130	156	106	75	129
ENSG00000124249.7	48	65	69	29	32	40
ENSG00000124251.11	0	0	0	0	1	0
ENSG00000124253.11	0	0	0	0	0	0
ENSG00000124256.15	0	1	0	0	1	0
ENSG00000124257.7	43	35	40	46	38	31
ENSG00000124260.12	0	0	0	0	0	0
ENSG00000124275.15	454	558	514	608	497	661
ENSG00000124279.12	430	434	447	452	418	480
ENSG00000124299.16	341	342	359	233	229	324
ENSG00000124302.13	3	3	7	4	2	2
ENSG00000124313.18	177	270	240	227	155	208
ENSG00000124333.16	0	0	0	0	0	0
ENSG00000124333.16_PAR_Y	0	0	0	0	0	0
ENSG00000124334.18	0	0	0	0	0	0
ENSG00000124334.18_PAR_Y	0	0	0	0	0	0
ENSG00000124343.14	0	0	0	0	0	1
ENSG00000124356.17	522	703	591	538	392	556
ENSG00000124357.13	618	772	665	468	440	610
ENSG00000124370.11	95	90	113	105	86	140
ENSG00000124374.9	130	137	120	91	92	112
ENSG00000124380.11	432	541	486	376	405	449
ENSG00000124383.11	2889	2868	2729	2203	2166	2809
ENSG00000124391.5	1	3	0	1	2	2
ENSG00000124406.17	121	119	116	141	106	145
ENSG00000124422.12	1896	2333	2040	1690	1503	1880
ENSG00000124429.18	788	796	797	646	578	825
ENSG00000124440.16	0	3	0	2	1	0
ENSG00000124444.16	30	38	49	22	23	21
ENSG00000124449.7	0	1	0	0	0	0
ENSG00000124459.12	131	129	134	117	117	154
ENSG00000124466.9	179	196	182	133	108	135
ENSG00000124467.20	0	0	0	0	1	2
ENSG00000124469.12	0	0	0	0	0	0
ENSG00000124479.11	0	0	0	0	0	0
ENSG00000124486.15	5573	6531	6095	5435	5010	6563
ENSG00000124490.14	0	0	0	0	0	0
ENSG00000124491.16	0	0	0	0	0	0
ENSG00000124493.14	90	126	103	135	97	108
ENSG00000124496.13	384	555	542	453	364	492
ENSG00000124507.11	326	317	331	256	223	281
ENSG00000124508.17	42	66	30	36	39	39
ENSG00000124523.17	227	284	316	220	231	233
ENSG00000124532.15	984	994	1040	997	854	1188
ENSG00000124535.16	626	722	797	509	478	723
ENSG00000124541.7	784	954	1013	581	669	827
ENSG00000124557.14	0	0	0	0	0	0
ENSG00000124562.10	1331	1686	1505	712	732	910
ENSG00000124564.17	0	0	0	0	0	0
ENSG00000124568.12	0	0	0	0	0	0
ENSG00000124570.21	1503	1766	1671	1540	1459	1750
ENSG00000124571.18	3698	3981	3839	3198	3014	3904
ENSG00000124574.15	279	355	343	386	240	388
ENSG00000124575.7	1399	2032	1863	950	1093	1278
ENSG00000124587.14	74	104	88	94	81	112
ENSG00000124588.22	482	539	506	323	332	415
ENSG00000124593.16	0	0	0	0	0	0
ENSG00000124596.17	227	293	275	225	212	265
ENSG00000124602.10	3	1	2	3	0	4
ENSG00000124608.5	458	533	540	506	398	546
ENSG00000124610.5	1	0	1	0	1	1
ENSG00000124613.9	6	13	10	9	4	9
ENSG00000124614.17	126	74	109	135	89	116
ENSG00000124615.20	73	101	87	61	68	75
ENSG00000124635.9	780	967	929	623	615	660
ENSG00000124641.16	0	0	0	0	0	0
ENSG00000124657.1	0	1	0	2	0	2
ENSG00000124659.7	266	339	315	167	175	215
ENSG00000124664.11	1985	2559	2590	1772	1621	2180
ENSG00000124678.20	0	0	0	0	0	0
ENSG00000124688.14	55	70	72	53	54	40
ENSG00000124701.6	0	0	0	0	0	0
ENSG00000124702.19	191	285	263	143	134	201
ENSG00000124713.6	3	1	7	2	3	1
ENSG00000124721.18	6	2	4	6	3	0
ENSG00000124731.13	0	2	0	0	0	0
ENSG00000124733.5	2612	2707	2630	1282	1476	1845
ENSG00000124743.6	2	6	3	0	2	2
ENSG00000124749.17	0	0	0	0	0	0
ENSG00000124762.14	68	59	62	49	46	31
ENSG00000124766.7	123	178	158	108	65	129
ENSG00000124767.7	232	279	281	188	292	284
ENSG00000124772.12	0	0	1	0	0	0
ENSG00000124780.14	0	0	0	0	1	0
ENSG00000124782.21	1656	2564	2056	1843	1272	1722
ENSG00000124783.14	3293	3251	3290	2308	2507	3120
ENSG00000124784.9	849	921	886	828	773	1023
ENSG00000124785.9	0	0	0	0	0	0
ENSG00000124786.12	68	75	90	115	93	127
ENSG00000124787.14	208	283	200	206	261	273
ENSG00000124788.19	198	322	258	252	182	236
ENSG00000124789.12	1671	1920	1858	1865	1637	2342
ENSG00000124795.17	4474	5521	4718	4033	3958	5041
ENSG00000124802.12	2	7	10	6	10	2
ENSG00000124812.15	0	1	0	0	0	0
ENSG00000124813.23	15	18	20	8	9	15
ENSG00000124818.15	0	0	0	0	0	0
ENSG00000124827.7	0	0	0	0	0	0
ENSG00000124831.20	2116	2322	2326	1917	1633	2293
ENSG00000124839.13	146	242	196	348	224	273
ENSG00000124875.10	0	0	0	0	0	0
ENSG00000124882.4	0	1	2	1	2	2
ENSG00000124900.12	0	0	0	0	0	0
ENSG00000124920.14	8	20	6	16	14	24
ENSG00000124935.4	0	0	0	0	0	0
ENSG00000124939.6	0	0	1	0	0	0
ENSG00000124942.14	4450	4852	4789	4642	3878	5625
ENSG00000125037.13	503	583	549	398	399	442
ENSG00000125046.16	4	1	5	2	0	0
ENSG00000125084.13	0	0	0	0	0	0
ENSG00000125089.18	201	230	278	284	198	290
ENSG00000125107.19	3337	3456	3250	2923	2536	3473
ENSG00000125124.14	266	274	287	256	326	368
ENSG00000125144.14	0	0	0	0	0	0
ENSG00000125148.7	23	29	31	8	9	9
ENSG00000125149.12	32	49	44	63	50	96
ENSG00000125166.13	3173	3461	3207	1708	1966	2329
ENSG00000125170.11	39	43	50	32	35	20
ENSG00000125207.7	0	0	0	0	0	0
ENSG00000125245.14	0	0	0	0	0	0
ENSG00000125246.16	9	13	8	4	2	9
ENSG00000125247.16	168	171	207	186	151	145
ENSG00000125249.7	119	133	133	126	92	120
ENSG00000125255.7	0	0	0	0	0	0
ENSG00000125257.16	337	433	406	360	289	437
ENSG00000125266.8	69	65	77	65	45	101
ENSG00000125285.6	0	0	0	0	0	0
ENSG00000125304.10	1878	2105	2151	1467	1545	2006
ENSG00000125319.15	512	581	594	673	658	794
ENSG00000125337.21	0	0	0	0	0	0
ENSG00000125347.15	140	164	161	128	113	173
ENSG00000125351.14	1273	1427	1236	1001	929	1224
ENSG00000125352.6	448	530	508	338	340	452
ENSG00000125354.24	12	38	30	15	20	19
ENSG00000125355.16	0	0	0	0	0	1
ENSG00000125356.7	661	657	658	392	496	526
ENSG00000125363.14	0	0	0	0	0	0
ENSG00000125375.18	521	438	520	541	502	585
ENSG00000125378.16	33	45	44	44	32	39
ENSG00000125384.7	0	0	0	0	0	0
ENSG00000125386.16	2548	3079	2952	3903	2773	3765
ENSG00000125388.20	21	30	22	48	22	37
ENSG00000125398.8	10	17	23	17	8	11
ENSG00000125409.13	0	0	0	0	0	0
ENSG00000125414.19	0	0	0	0	1	0
ENSG00000125430.9	2	2	1	6	2	2
ENSG00000125434.11	33	62	43	52	49	37
ENSG00000125445.11	1317	1552	1424	866	974	1195
ENSG00000125447.18	406	584	588	667	456	616
ENSG00000125449.7	144	190	149	85	110	98
ENSG00000125450.11	611	867	934	919	748	912
ENSG00000125454.12	123	174	141	158	138	156
ENSG00000125457.15	448	539	539	251	281	371
ENSG00000125458.7	213	247	195	145	163	180
ENSG00000125459.18	87	100	93	89	61	94
ENSG00000125482.13	829	1036	921	935	706	1073
ENSG00000125484.12	1109	1360	1257	942	844	1064
ENSG00000125485.18	808	923	856	839	608	938
ENSG00000125492.10	0	0	0	0	0	0
ENSG00000125498.20	0	0	0	0	0	0
ENSG00000125503.13	714	976	863	839	461	643
ENSG00000125505.17	38	38	37	33	26	23
ENSG00000125508.4	2	4	1	7	6	5
ENSG00000125510.18	6	8	3	5	3	1
ENSG00000125520.14	3552	5121	4485	4017	2868	3784
ENSG00000125522.4	0	0	0	0	0	0
ENSG00000125531.7	0	0	0	0	0	1
ENSG00000125533.6	0	0	0	0	0	0
ENSG00000125534.10	175	264	288	121	146	142
ENSG00000125538.12	0	0	0	0	0	0
ENSG00000125551.19	0	0	0	0	0	0
ENSG00000125571.10	0	4	2	0	1	0
ENSG00000125611.16	65	92	103	20	28	32
ENSG00000125618.18	3	5	4	3	0	6
ENSG00000125629.16	104	99	114	73	86	156
ENSG00000125630.16	1897	2299	2171	2012	1759	2472
ENSG00000125633.11	905	1045	1004	1224	1046	1383
ENSG00000125637.16	1254	1661	1605	1719	1231	1685
ENSG00000125648.15	243	400	414	276	211	297
ENSG00000125650.5	0	0	1	1	1	4
ENSG00000125651.14	2465	2728	2695	1598	1504	2052
ENSG00000125652.8	78	111	116	41	33	53
ENSG00000125656.11	359	437	454	252	205	312
ENSG00000125657.5	31	20	14	7	7	6
ENSG00000125675.20	0	0	0	0	0	0
ENSG00000125676.20	3904	4617	4204	5288	4317	5989
ENSG00000125686.12	983	1243	1163	1105	813	1100
ENSG00000125691.14	2766	2955	3039	1921	2593	2927
ENSG00000125695.12	0	0	0	0	0	0
ENSG00000125703.15	118	112	116	102	94	128
ENSG00000125726.11	1	0	0	0	0	0
ENSG00000125730.18	2	2	3	6	1	0
ENSG00000125731.13	104	144	119	141	88	110
ENSG00000125733.18	846	870	893	708	562	757
ENSG00000125734.16	410	485	487	352	306	424
ENSG00000125735.11	0	0	0	0	0	0
ENSG00000125740.14	4	16	11	9	2	6
ENSG00000125741.6	84	88	103	69	47	109
ENSG00000125743.11	3252	3138	3220	1169	1593	1582
ENSG00000125744.12	87	86	73	84	52	80
ENSG00000125746.18	352	386	332	366	284	398
ENSG00000125753.15	2073	2550	2254	1645	1430	1935
ENSG00000125755.19	1397	1959	1665	1723	1192	1751
ENSG00000125772.14	142	161	166	271	227	285
ENSG00000125775.15	13	16	13	16	10	13
ENSG00000125779.24	330	337	354	394	306	397
ENSG00000125780.12	0	0	0	0	0	0
ENSG00000125787.11	0	2	0	0	0	0
ENSG00000125788.6	0	0	0	0	0	0
ENSG00000125798.15	2	1	1	1	2	0
ENSG00000125810.10	0	0	0	0	1	0
ENSG00000125812.16	1214	1235	1179	1140	1020	1329
ENSG00000125813.15	0	0	0	0	0	0
ENSG00000125814.17	87	94	106	112	91	124
ENSG00000125815.9	0	0	0	0	0	0
ENSG00000125816.5	0	0	0	0	0	0
ENSG00000125817.8	10283	12290	10961	9921	8027	10926
ENSG00000125818.18	253	296	330	190	206	227
ENSG00000125820.6	1	2	1	0	1	0
ENSG00000125821.13	784	637	640	177	233	224
ENSG00000125823.13	5	4	9	11	12	6
ENSG00000125826.22	238	342	296	375	280	398
ENSG00000125827.9	1243	1465	1294	841	797	1144
ENSG00000125831.10	0	0	0	0	0	0
ENSG00000125834.13	133	186	165	151	90	122
ENSG00000125835.20	3721	3610	3730	1521	1980	1941
ENSG00000125841.13	111	125	135	87	95	117
ENSG00000125843.11	9	28	20	17	16	21
ENSG00000125844.17	6011	7161	6344	5072	4336	5875
ENSG00000125845.7	0	0	0	0	0	0
ENSG00000125846.17	190	253	230	274	205	268
ENSG00000125848.10	6	10	11	15	10	13
ENSG00000125850.11	23	27	36	37	27	34
ENSG00000125851.10	0	0	0	0	0	0
ENSG00000125861.16	0	0	0	0	0	0
ENSG00000125863.20	51	55	64	66	57	70
ENSG00000125864.14	89	64	77	79	75	95
ENSG00000125868.16	2515	1986	2201	1246	1608	1728
ENSG00000125869.10	0	0	0	0	0	0
ENSG00000125870.11	485	507	506	239	309	438
ENSG00000125871.14	822	952	921	874	823	1049
ENSG00000125872.9	0	0	1	0	0	0
ENSG00000125875.15	84	131	121	109	87	132
ENSG00000125877.13	539	519	445	238	253	342
ENSG00000125878.7	0	0	0	0	0	0
ENSG00000125879.5	0	0	0	0	0	0
ENSG00000125885.13	1	1	1	1	3	2
ENSG00000125888.15	0	0	0	0	0	0
ENSG00000125895.6	2	0	0	2	0	2
ENSG00000125898.13	97	151	185	135	97	138
ENSG00000125900.13	0	0	0	0	0	0
ENSG00000125901.6	572	663	751	453	380	512
ENSG00000125903.4	0	0	0	0	0	0
ENSG00000125910.6	0	0	0	0	1	0
ENSG00000125912.11	354	583	504	305	291	455
ENSG00000125931.11	1	1	2	1	0	0
ENSG00000125944.21	4430	4172	4336	3858	3710	4839
ENSG00000125945.15	300	291	285	213	218	278
ENSG00000125952.20	313	464	407	211	207	296
ENSG00000125954.13	0	0	0	0	0	0
ENSG00000125962.16	114	126	135	122	80	147
ENSG00000125965.9	0	0	0	0	0	0
ENSG00000125966.10	10	5	1	0	2	3
ENSG00000125967.17	94	140	126	158	98	141
ENSG00000125968.9	275	389	445	225	221	284
ENSG00000125970.12	1491	1779	1743	1029	858	1219
ENSG00000125971.18	702	729	714	257	275	329
ENSG00000125975.14	0	0	0	0	0	0
ENSG00000125977.7	635	784	778	574	465	665
ENSG00000125991.21	2150	2542	2455	1502	1531	1985
ENSG00000125995.16	1107	1009	1021	444	581	478
ENSG00000125998.8	0	0	1	1	0	0
ENSG00000125999.11	0	0	0	0	0	1
ENSG00000126001.16	2960	3446	3240	3522	2593	3386
ENSG00000126003.7	122	169	136	124	118	137
ENSG00000126005.17	1	0	2	0	0	0
ENSG00000126010.6	4	1	0	0	1	0
ENSG00000126012.13	2406	2886	2675	2638	2257	2835
ENSG00000126016.17	137	154	155	122	91	111
ENSG00000126062.4	197	221	212	143	140	154
ENSG00000126067.12	753	641	718	422	435	545
ENSG00000126070.20	420	478	499	477	409	570
ENSG00000126088.14	373	434	427	260	218	326
ENSG00000126091.21	13	21	23	28	26	23
ENSG00000126106.14	10	30	11	7	13	12
ENSG00000126107.15	682	742	718	529	467	699
ENSG00000126214.22	714	864	816	834	694	938
ENSG00000126215.14	194	309	264	275	178	251
ENSG00000126216.15	342	393	383	361	298	390
ENSG00000126217.22	640	836	813	891	652	891
ENSG00000126218.12	0	2	0	2	0	0
ENSG00000126226.22	872	964	854	867	735	1048
ENSG00000126231.15	0	0	0	0	0	0
ENSG00000126233.2	0	0	1	0	1	0
ENSG00000126243.9	20	41	39	34	32	22
ENSG00000126246.10	90	84	82	45	42	52
ENSG00000126247.11	1144	1309	1337	686	773	1009
ENSG00000126249.8	78	86	77	97	88	141
ENSG00000126251.7	0	0	0	0	0	0
ENSG00000126254.12	825	969	918	597	574	842
ENSG00000126259.20	0	0	0	0	0	0
ENSG00000126261.13	2791	3288	3223	2556	2389	3033
ENSG00000126262.5	12	4	6	5	6	10
ENSG00000126264.10	0	0	0	0	0	0
ENSG00000126266.4	0	0	1	0	0	0
ENSG00000126267.11	2195	2395	2133	906	1007	1366
ENSG00000126337.14	0	0	1	0	0	0
ENSG00000126351.13	66	146	116	89	73	100
ENSG00000126353.3	0	0	0	0	0	0
ENSG00000126368.6	23	36	32	23	12	25
ENSG00000126391.14	175	195	177	179	122	197
ENSG00000126432.14	3973	3358	3597	2316	2522	3209
ENSG00000126453.11	226	237	223	193	199	204
ENSG00000126456.16	635	782	691	734	633	847
ENSG00000126457.22	2897	3271	3310	2070	2074	2500
ENSG00000126458.4	110	145	98	64	64	85
ENSG00000126460.11	121	129	131	105	134	115
ENSG00000126461.15	2386	3427	3025	2780	2201	3226
ENSG00000126464.15	2145	3349	2680	2381	1691	2363
ENSG00000126467.11	0	0	0	0	0	0
ENSG00000126500.4	0	0	1	0	0	0
ENSG00000126522.17	312	327	368	227	226	281
ENSG00000126524.12	749	1011	869	672	764	890
ENSG00000126545.14	0	0	0	0	0	0
ENSG00000126549.11	0	0	0	0	0	0
ENSG00000126550.10	0	0	0	0	0	0
ENSG00000126561.18	11	2	6	3	1	6
ENSG00000126562.17	13	20	13	20	22	12
ENSG00000126581.13	905	1093	1007	878	740	935
ENSG00000126583.12	28	27	26	38	32	38
ENSG00000126602.11	7402	8724	8222	5871	4793	6865
ENSG00000126603.9	3	6	2	3	0	2
ENSG00000126653.18	1283	1579	1335	1315	982	1376
ENSG00000126698.11	1050	1079	1019	755	684	794
ENSG00000126705.15	178	294	238	240	138	217
ENSG00000126709.16	75	85	81	33	48	51
ENSG00000126733.22	0	0	0	0	0	0
ENSG00000126746.18	149	232	218	223	159	254
ENSG00000126749.17	104	172	157	137	127	117
ENSG00000126752.8	0	1	0	0	1	2
ENSG00000126756.12	336	337	419	192	289	302
ENSG00000126759.14	9	10	6	11	6	6
ENSG00000126767.18	279	294	324	254	200	249
ENSG00000126768.13	826	829	1017	347	417	445
ENSG00000126773.13	642	696	661	783	571	832
ENSG00000126775.9	283	387	337	457	322	473
ENSG00000126777.18	8733	10400	9113	8913	7269	9469
ENSG00000126778.12	41	62	55	35	39	52
ENSG00000126785.13	0	0	1	0	0	0
ENSG00000126787.13	1636	1684	1621	1707	1521	2112
ENSG00000126790.12	246	273	258	289	229	257
ENSG00000126803.10	179	196	203	143	99	158
ENSG00000126804.14	1828	2044	2074	2236	1859	2459
ENSG00000126814.7	487	696	609	635	583	736
ENSG00000126821.8	349	399	416	265	259	374
ENSG00000126822.18	2489	3706	3072	3154	2352	3044
ENSG00000126838.10	38	60	41	82	70	91
ENSG00000126856.16	1	1	3	3	1	4
ENSG00000126858.19	117	138	125	159	120	187
ENSG00000126860.12	0	0	0	0	0	0
ENSG00000126861.5	0	0	0	0	0	0
ENSG00000126870.16	728	797	834	836	677	823
ENSG00000126878.13	822	809	841	423	430	527
ENSG00000126882.14	6	5	10	11	8	8
ENSG00000126883.19	1625	1914	1919	1867	1493	2042
ENSG00000126890.14	0	0	0	0	0	0
ENSG00000126895.16	0	0	0	0	0	2
ENSG00000126903.16	283	330	356	305	216	320
ENSG00000126934.15	721	970	898	740	563	726
ENSG00000126945.9	3183	2544	2911	1994	2363	2781
ENSG00000126947.13	200	220	219	150	205	268
ENSG00000126950.8	0	0	0	0	0	0
ENSG00000126953.8	23	16	17	14	18	15
ENSG00000126970.17	1	0	0	0	0	1
ENSG00000127022.16	28312	29843	28066	18745	20289	27040
ENSG00000127054.22	584	722	689	552	470	474
ENSG00000127074.15	0	0	0	0	0	0
ENSG00000127080.10	675	767	786	725	592	791
ENSG00000127081.14	173	225	188	140	146	181
ENSG00000127083.8	0	0	0	0	0	0
ENSG00000127084.19	400	502	469	474	390	411
ENSG00000127124.16	769	1127	1037	919	637	884
ENSG00000127125.9	587	598	624	552	421	552
ENSG00000127129.10	2	0	0	0	1	0
ENSG00000127152.18	136	151	187	104	94	119
ENSG00000127184.13	504	458	547	209	231	268
ENSG00000127191.18	441	660	601	617	447	590
ENSG00000127220.6	10	13	7	5	3	8
ENSG00000127241.18	0	1	2	0	0	0
ENSG00000127249.15	17	18	11	21	20	26
ENSG00000127252.7	0	0	0	0	0	0
ENSG00000127311.10	421	476	427	469	391	544
ENSG00000127314.18	240	312	294	123	127	178
ENSG00000127318.11	0	0	0	0	0	0
ENSG00000127324.9	0	0	0	0	0	0
ENSG00000127325.19	0	0	0	0	0	1
ENSG00000127328.22	438	512	475	496	388	591
ENSG00000127329.16	0	0	3	2	0	0
ENSG00000127334.11	296	371	327	309	228	291
ENSG00000127337.7	298	317	271	271	240	349
ENSG00000127362.2	3	1	2	11	2	9
ENSG00000127364.4	0	3	0	1	5	2
ENSG00000127366.5	9	11	6	15	7	23
ENSG00000127377.10	0	2	0	1	0	0
ENSG00000127399.15	67	62	69	58	54	62
ENSG00000127412.7	0	0	0	0	0	0
ENSG00000127415.13	37	47	35	58	38	49
ENSG00000127418.15	155	203	197	164	125	156
ENSG00000127419.17	39	54	51	81	74	54
ENSG00000127423.11	81	111	109	97	71	118
ENSG00000127445.14	333	380	375	203	171	222
ENSG00000127452.9	44	40	58	57	64	64
ENSG00000127463.16	1207	1394	1383	1143	1144	1490
ENSG00000127472.11	0	0	0	0	0	0
ENSG00000127481.15	7212	9132	8367	7868	6696	9079
ENSG00000127483.19	1496	1970	1785	1825	1488	2074
ENSG00000127507.18	4	5	1	0	0	3
ENSG00000127511.10	878	1050	1104	1486	963	1279
ENSG00000127515.3	0	0	0	0	0	0
ENSG00000127526.15	220	368	346	258	206	240
ENSG00000127527.14	1207	1721	1654	1493	1204	1561
ENSG00000127528.6	3	4	2	6	3	4
ENSG00000127529.7	0	0	0	0	0	0
ENSG00000127530.4	0	0	0	0	0	0
ENSG00000127533.4	0	0	0	0	0	0
ENSG00000127540.12	0	0	0	0	0	0
ENSG00000127554.13	73	107	97	94	54	80
ENSG00000127561.16	2	5	2	3	1	5
ENSG00000127564.17	756	942	918	672	630	754
ENSG00000127578.7	3	11	6	7	7	10
ENSG00000127580.17	299	406	370	321	240	300
ENSG00000127585.12	84	185	184	150	108	147
ENSG00000127586.17	652	855	798	868	611	837
ENSG00000127588.5	3	1	3	0	0	0
ENSG00000127603.32	4085	5087	4311	5839	4164	5567
ENSG00000127616.21	6709	8841	7977	6297	5254	7011
ENSG00000127663.15	496	717	600	548	374	520
ENSG00000127666.11	63	84	95	84	60	83
ENSG00000127720.8	173	179	201	188	139	254
ENSG00000127743.6	0	0	0	0	0	1
ENSG00000127774.7	88	111	127	36	53	62
ENSG00000127780.3	0	0	0	0	0	0
ENSG00000127804.13	868	1077	976	797	715	973
ENSG00000127824.15	86	144	136	90	89	115
ENSG00000127831.11	18	9	17	16	16	13
ENSG00000127837.10	3261	3694	3543	2081	2141	2657
ENSG00000127838.15	766	835	836	618	524	712
ENSG00000127863.16	1	0	1	2	0	1
ENSG00000127870.17	1077	1368	1268	1083	838	1178
ENSG00000127884.5	1960	2684	2395	1652	1840	2204
ENSG00000127903.14	0	0	0	0	0	0
ENSG00000127914.19	10490	12069	11365	12883	9935	12525
ENSG00000127920.6	0	0	0	0	0	0
ENSG00000127922.10	4083	3936	4004	2072	2292	2661
ENSG00000127928.13	0	4	7	7	11	4
ENSG00000127946.17	1625	2155	1967	1542	1253	1637
ENSG00000127947.16	572	654	704	776	626	917
ENSG00000127948.16	845	939	905	657	652	849
ENSG00000127951.8	0	0	0	0	0	0
ENSG00000127952.17	403	406	414	420	335	451
ENSG00000127954.13	16	4	20	15	13	7
ENSG00000127955.17	1	0	1	0	0	0
ENSG00000127980.16	817	969	853	1018	886	1215
ENSG00000127989.14	158	163	174	133	145	183
ENSG00000127990.19	427	408	485	302	277	373
ENSG00000127993.16	225	264	289	253	223	274
ENSG00000127995.17	452	521	464	578	458	606
ENSG00000128000.17	139	110	130	204	163	225
ENSG00000128011.5	23	34	43	45	26	32
ENSG00000128016.7	16	22	21	15	8	10
ENSG00000128039.13	20	26	24	7	21	28
ENSG00000128040.12	0	0	0	3	2	0
ENSG00000128045.7	1	12	4	4	3	8
ENSG00000128050.9	2305	2162	2367	1613	1832	2305
ENSG00000128052.10	7	4	1	6	2	3
ENSG00000128059.8	663	583	634	480	494	584
ENSG00000128159.12	458	657	586	807	570	773
ENSG00000128165.9	0	0	4	0	0	1
ENSG00000128185.10	94	110	138	88	77	99
ENSG00000128191.17	1248	1511	1547	1740	1295	1639
ENSG00000128203.7	2	3	0	0	2	1
ENSG00000128218.8	0	0	0	0	0	0
ENSG00000128228.5	313	369	393	181	190	263
ENSG00000128242.13	0	0	0	0	0	0
ENSG00000128245.15	1812	2025	1877	1173	1172	1481
ENSG00000128250.5	0	0	1	0	0	0
ENSG00000128253.16	8	12	13	13	4	8
ENSG00000128266.9	16	19	22	17	11	12
ENSG00000128268.12	0	1	0	1	1	0
ENSG00000128271.22	1	7	1	5	5	7
ENSG00000128272.18	1466	1520	1568	1315	1017	1366
ENSG00000128274.17	33	43	40	33	28	39
ENSG00000128276.10	0	0	0	0	0	0
ENSG00000128283.7	149	279	277	181	147	191
ENSG00000128284.20	6	8	7	4	9	11
ENSG00000128285.5	0	0	0	0	0	0
ENSG00000128294.16	63	65	84	60	46	73
ENSG00000128298.18	1	1	2	2	5	3
ENSG00000128309.17	56	81	86	67	60	66
ENSG00000128310.3	0	1	1	0	0	1
ENSG00000128311.14	189	234	226	122	122	144
ENSG00000128313.2	0	0	0	0	0	0
ENSG00000128322.7	0	0	0	0	0	0
ENSG00000128335.14	208	222	211	177	191	218
ENSG00000128340.16	2	1	2	0	0	1
ENSG00000128342.5	5	16	11	16	9	6
ENSG00000128346.11	0	2	1	2	1	3
ENSG00000128383.13	0	0	0	0	0	0
ENSG00000128394.17	16	13	11	7	15	12
ENSG00000128408.9	68	84	64	61	60	87
ENSG00000128422.18	6	11	10	2	5	9
ENSG00000128463.13	529	669	645	280	344	340
ENSG00000128482.16	1	2	1	2	2	1
ENSG00000128487.19	2347	2550	2533	2732	2207	2802
ENSG00000128510.12	0	0	0	0	1	0
ENSG00000128512.24	54	55	68	55	70	54
ENSG00000128513.16	56	59	76	63	69	66
ENSG00000128519.3	0	0	0	0	0	0
ENSG00000128524.5	1846	1524	1553	443	536	620
ENSG00000128534.8	750	611	725	393	479	592
ENSG00000128536.16	4	9	7	9	6	3
ENSG00000128563.13	403	461	414	357	294	358
ENSG00000128564.8	634	767	803	482	432	639
ENSG00000128567.17	184	237	257	210	186	230
ENSG00000128573.28	0	0	0	0	0	0
ENSG00000128578.10	142	151	132	208	158	206
ENSG00000128581.17	359	471	456	202	210	250
ENSG00000128585.18	779	787	815	768	759	1024
ENSG00000128590.5	65	80	93	95	104	175
ENSG00000128591.16	2	1	12	3	8	4
ENSG00000128594.8	0	0	1	0	0	0
ENSG00000128595.17	6269	6272	6077	4503	5135	6350
ENSG00000128596.17	498	579	592	771	468	752
ENSG00000128602.11	0	2	0	1	0	0
ENSG00000128604.21	84	102	85	103	102	124
ENSG00000128606.13	1	0	1	2	1	0
ENSG00000128607.14	606	649	716	485	449	674
ENSG00000128609.16	222	245	261	152	159	146
ENSG00000128610.12	0	2	0	0	0	0
ENSG00000128617.3	0	0	0	0	0	1
ENSG00000128626.12	36	44	41	33	27	16
ENSG00000128641.19	3135	3874	3629	2817	2746	3823
ENSG00000128645.15	1	0	1	0	2	1
ENSG00000128652.12	0	0	0	0	0	0
ENSG00000128654.14	471	568	597	523	515	647
ENSG00000128655.19	13	11	19	19	15	21
ENSG00000128656.15	259	376	347	271	233	337
ENSG00000128683.14	134	207	212	269	174	235
ENSG00000128694.12	69	69	68	63	64	99
ENSG00000128699.14	96	101	82	44	50	55
ENSG00000128708.13	3366	3664	3183	2209	2556	3339
ENSG00000128709.13	0	0	0	0	0	0
ENSG00000128710.6	0	0	0	0	0	0
ENSG00000128713.14	1	1	0	0	0	0
ENSG00000128714.6	0	0	0	0	0	0
ENSG00000128731.18	1653	1707	1812	2028	1561	2026
ENSG00000128739.23	3	5	9	1	7	5
ENSG00000128789.22	72	79	91	62	66	80
ENSG00000128791.12	243	206	216	146	143	149
ENSG00000128805.15	10	22	15	22	7	18
ENSG00000128815.20	17	32	22	33	26	40
ENSG00000128829.12	1142	1531	1293	1129	947	1280
ENSG00000128833.13	6300	7743	7359	7956	6264	8376
ENSG00000128849.11	362	417	351	315	278	362
ENSG00000128872.10	98	115	145	114	107	189
ENSG00000128881.18	214	267	246	285	222	303
ENSG00000128886.12	403	408	381	416	326	445
ENSG00000128891.17	48	64	79	50	54	49
ENSG00000128908.19	2282	3162	2874	2495	1956	2627
ENSG00000128915.12	316	368	328	422	339	458
ENSG00000128917.8	4	10	10	11	7	10
ENSG00000128918.15	14	20	15	21	12	13
ENSG00000128923.11	157	188	182	201	176	213
ENSG00000128928.10	668	750	748	615	536	743
ENSG00000128944.14	1285	1389	1405	1210	1120	1433
ENSG00000128951.14	2269	2156	2034	1927	2162	2549
ENSG00000128965.13	7	22	12	16	36	27
ENSG00000128973.13	54	66	52	38	34	46
ENSG00000128989.11	2716	2729	2688	1500	1600	1942
ENSG00000129003.19	1955	2357	2150	3316	2738	3774
ENSG00000129007.16	19	18	27	37	25	40
ENSG00000129009.13	0	0	0	0	0	0
ENSG00000129028.9	45	42	40	54	56	77
ENSG00000129038.16	9	4	11	3	4	3
ENSG00000129048.7	0	0	0	0	0	0
ENSG00000129055.13	1122	886	909	404	477	538
ENSG00000129071.10	2347	2453	2204	2839	2183	2968
ENSG00000129083.13	2340	2872	2709	2345	2566	3430
ENSG00000129084.18	300	402	333	330	486	474
ENSG00000129103.19	2068	2016	1888	1396	1495	1671
ENSG00000129116.20	111	121	114	94	95	120
ENSG00000129128.13	281	416	378	243	259	316
ENSG00000129151.9	0	0	0	0	0	0
ENSG00000129152.4	0	0	0	0	0	0
ENSG00000129158.11	196	251	231	207	192	266
ENSG00000129159.9	6	2	10	8	1	2
ENSG00000129167.10	1	2	2	12	13	15
ENSG00000129170.10	0	1	0	0	0	0
ENSG00000129173.13	285	310	293	350	259	377
ENSG00000129187.15	161	170	173	111	124	143
ENSG00000129194.8	0	0	1	0	0	0
ENSG00000129195.16	162	217	179	146	157	129
ENSG00000129197.15	1040	987	1008	865	880	1093
ENSG00000129204.17	1	1	3	3	1	1
ENSG00000129214.15	3	1	0	3	6	5
ENSG00000129219.14	304	365	329	372	258	359
ENSG00000129221.16	0	0	0	0	0	0
ENSG00000129226.14	2	2	1	3	1	0
ENSG00000129235.11	504	567	514	206	287	270
ENSG00000129244.9	3	4	3	1	1	0
ENSG00000129245.13	1087	1152	1183	847	696	935
ENSG00000129250.12	5833	8404	7650	5978	4325	5812
ENSG00000129255.16	82	85	98	77	82	76
ENSG00000129292.21	1245	1305	1253	1489	1247	1641
ENSG00000129295.10	15	12	11	11	11	16
ENSG00000129315.11	542	718	645	518	437	612
ENSG00000129317.15	550	647	669	595	595	786
ENSG00000129347.21	1780	1926	1722	1637	1401	1819
ENSG00000129351.18	4874	6143	5659	5358	4113	5472
ENSG00000129353.15	942	1189	1210	896	840	1057
ENSG00000129354.12	3326	3392	3448	2507	2354	2832
ENSG00000129355.7	9	11	11	1	4	6
ENSG00000129422.15	602	989	814	923	789	1040
ENSG00000129437.11	3	4	2	8	1	8
ENSG00000129450.9	0	0	0	0	0	0
ENSG00000129451.12	0	0	0	0	0	3
ENSG00000129455.16	0	0	0	0	1	0
ENSG00000129460.17	1475	1648	1485	1040	1041	1265
ENSG00000129465.16	0	0	0	0	0	0
ENSG00000129467.14	2	1	4	1	0	4
ENSG00000129472.15	257	297	286	358	303	422
ENSG00000129473.11	33	44	42	41	36	58
ENSG00000129474.16	249	289	256	269	257	360
ENSG00000129480.13	87	99	69	78	63	106
ENSG00000129484.14	989	1058	1031	1114	994	1172
ENSG00000129493.15	1569	1714	1750	1727	1596	2097
ENSG00000129514.8	3424	4081	3753	2463	2096	3104
ENSG00000129515.20	989	1239	1111	1106	1149	1429
ENSG00000129518.10	1057	1269	1211	941	845	1142
ENSG00000129521.15	32	21	34	12	24	28
ENSG00000129534.14	1854	2389	2050	2990	2207	3202
ENSG00000129535.13	5	2	2	2	1	3
ENSG00000129538.14	0	0	0	0	0	0
ENSG00000129559.13	68	46	49	64	64	57
ENSG00000129562.11	365	361	478	198	209	235
ENSG00000129566.13	1462	1780	1755	2156	1550	2105
ENSG00000129595.14	21	18	17	23	10	9
ENSG00000129596.5	0	1	0	0	0	0
ENSG00000129625.13	1126	1398	1341	900	950	1043
ENSG00000129636.13	237	206	208	163	157	211
ENSG00000129646.16	177	167	211	239	165	193
ENSG00000129654.8	1	0	1	0	0	1
ENSG00000129657.16	600	758	758	526	469	613
ENSG00000129667.13	266	405	342	323	205	232
ENSG00000129673.10	0	1	1	0	0	0
ENSG00000129675.16	30	35	36	41	34	36
ENSG00000129680.16	1128	1362	1236	1064	855	1284
ENSG00000129682.16	32	30	34	13	19	28
ENSG00000129691.16	538	656	576	469	403	585
ENSG00000129696.13	440	448	508	361	338	391
ENSG00000129744.3	0	0	0	0	0	0
ENSG00000129749.3	5	0	6	4	5	1
ENSG00000129757.15	0	0	0	0	0	0
ENSG00000129810.15	289	365	339	357	320	472
ENSG00000129824.16	0	0	0	0	0	0
ENSG00000129862.7	0	0	0	0	0	0
ENSG00000129864.7	0	0	0	0	0	0
ENSG00000129873.8	0	0	0	0	0	0
ENSG00000129910.8	4	6	6	3	2	4
ENSG00000129911.9	10	6	16	5	11	4
ENSG00000129925.11	372	533	500	377	309	400
ENSG00000129932.10	71	76	106	62	44	51
ENSG00000129933.21	186	246	241	216	191	210
ENSG00000129946.11	1	6	1	8	5	9
ENSG00000129951.19	7	6	11	2	3	3
ENSG00000129965.15	0	0	0	0	0	0
ENSG00000129968.17	0	3	0	2	1	0
ENSG00000129988.6	0	0	0	0	0	0
ENSG00000129990.15	7	5	4	1	0	2
ENSG00000129991.13	3	5	4	7	1	4
ENSG00000129993.15	766	1228	1170	862	661	933
ENSG00000130005.13	38	50	42	34	31	28
ENSG00000130021.15	82	109	115	60	59	64
ENSG00000130023.16	115	122	122	164	134	142
ENSG00000130024.15	1499	1537	1568	1783	1431	1878
ENSG00000130032.17	0	0	0	0	0	0
ENSG00000130035.9	0	1	0	0	0	0
ENSG00000130037.5	0	0	0	0	0	0
ENSG00000130038.10	640	788	733	787	651	832
ENSG00000130045.17	18	23	12	19	10	19
ENSG00000130052.14	25	34	23	37	18	39
ENSG00000130054.5	22	41	33	33	25	39
ENSG00000130055.14	4	2	4	2	2	9
ENSG00000130066.17	281	245	274	284	225	306
ENSG00000130119.17	2875	3070	3021	2532	2325	3043
ENSG00000130147.16	151	208	181	131	115	131
ENSG00000130150.12	83	120	86	99	88	84
ENSG00000130158.14	1238	1565	1385	1417	1082	1349
ENSG00000130159.15	616	750	701	494	411	551
ENSG00000130164.14	2444	3056	3022	2728	2220	2902
ENSG00000130165.11	80	124	108	40	41	48
ENSG00000130167.14	2	0	1	1	0	0
ENSG00000130173.13	0	0	0	0	0	0
ENSG00000130175.10	5231	5772	5641	3996	4045	5258
ENSG00000130176.8	0	0	0	0	0	0
ENSG00000130177.16	583	718	749	665	603	785
ENSG00000130182.8	2	0	3	1	2	2
ENSG00000130193.8	119	133	142	60	75	91
ENSG00000130202.10	573	660	648	603	486	723
ENSG00000130203.10	289	336	261	276	295	414
ENSG00000130204.13	550	598	655	440	372	504
ENSG00000130208.10	41	50	55	14	33	35
ENSG00000130222.11	56	60	78	66	36	59
ENSG00000130224.15	0	2	2	0	0	0
ENSG00000130226.18	0	0	0	0	0	0
ENSG00000130227.17	898	1095	1056	865	705	959
ENSG00000130234.13	0	2	0	4	3	2
ENSG00000130244.13	96	141	141	131	103	136
ENSG00000130254.12	1915	2229	2139	1703	1448	2061
ENSG00000130255.13	4314	4494	4336	1787	1829	2147
ENSG00000130270.16	52	68	51	83	62	93
ENSG00000130283.9	20	21	22	9	9	23
ENSG00000130287.14	1	0	0	1	0	0
ENSG00000130294.18	213	306	291	235	184	242
ENSG00000130299.17	215	318	277	397	284	362
ENSG00000130300.9	1	0	0	0	0	0
ENSG00000130303.14	17	14	21	3	7	16
ENSG00000130304.17	66	80	81	85	53	60
ENSG00000130305.17	725	809	770	496	487	551
ENSG00000130307.12	1	0	3	0	0	3
ENSG00000130309.12	646	755	685	698	539	769
ENSG00000130311.11	82	68	78	52	52	66
ENSG00000130312.7	188	237	220	175	155	180
ENSG00000130313.7	122	168	173	102	103	136
ENSG00000130332.15	2442	2701	2345	2238	1966	3047
ENSG00000130338.13	832	1316	1189	1216	905	1156
ENSG00000130340.17	544	576	551	424	414	547
ENSG00000130347.13	396	349	360	315	306	342
ENSG00000130348.11	477	408	463	461	371	539
ENSG00000130349.10	653	669	636	422	397	529
ENSG00000130363.13	117	152	168	141	114	148
ENSG00000130368.7	0	0	0	0	0	0
ENSG00000130377.14	0	0	1	0	0	0
ENSG00000130382.9	518	874	789	505	408	518
ENSG00000130383.7	0	0	0	0	0	0
ENSG00000130385.6	0	0	0	0	0	0
ENSG00000130396.22	2755	3468	3204	3958	3082	4204
ENSG00000130402.14	1818	2318	2206	1722	1381	1972
ENSG00000130413.16	0	0	0	1	0	0
ENSG00000130414.13	1329	1417	1398	1182	1052	1288
ENSG00000130427.3	1	0	0	0	3	3
ENSG00000130429.16	3414	3672	3549	2699	2188	3069
ENSG00000130433.8	2	2	0	0	2	0
ENSG00000130449.6	271	286	309	316	216	325
ENSG00000130475.16	180	248	278	284	220	240
ENSG00000130477.16	10	14	16	18	10	17
ENSG00000130479.11	137	211	191	130	111	153
ENSG00000130487.9	0	5	2	0	0	0
ENSG00000130508.11	500	685	607	528	390	498
ENSG00000130511.16	22	40	38	37	34	38
ENSG00000130513.7	74	100	92	47	51	75
ENSG00000130517.14	82	97	99	86	78	110
ENSG00000130518.18	40	48	53	95	60	73
ENSG00000130520.11	2976	2693	2900	1101	1329	1424
ENSG00000130522.6	337	594	548	387	302	455
ENSG00000130528.12	16	26	15	19	17	17
ENSG00000130529.16	1218	1525	1507	1667	1314	1676
ENSG00000130538.6	0	0	0	0	0	0
ENSG00000130540.14	0	0	2	1	0	0
ENSG00000130544.12	175	211	223	187	174	199
ENSG00000130545.16	124	99	97	58	62	48
ENSG00000130558.20	475	583	523	303	307	416
ENSG00000130559.19	1485	2282	2010	1784	1300	1853
ENSG00000130560.9	514	689	667	594	461	648
ENSG00000130561.17	0	0	1	0	0	0
ENSG00000130584.12	297	469	472	435	260	371
ENSG00000130589.16	1226	2029	1809	1723	1302	1711
ENSG00000130590.14	20	14	22	19	15	20
ENSG00000130592.17	0	0	1	0	0	2
ENSG00000130595.19	0	0	0	0	1	0
ENSG00000130598.17	4	3	5	4	4	4
ENSG00000130635.17	81	127	88	120	111	134
ENSG00000130638.17	1031	1125	1101	707	733	903
ENSG00000130640.15	1204	1761	1583	1419	1081	1398
ENSG00000130643.9	0	0	1	0	0	0
ENSG00000130649.10	4	3	3	9	2	9
ENSG00000130653.16	106	135	127	196	127	128
ENSG00000130656.6	0	0	0	0	0	0
ENSG00000130669.17	1396	1852	1773	1208	1015	1340
ENSG00000130675.15	70	88	103	107	93	126
ENSG00000130684.14	824	965	845	1192	920	1165
ENSG00000130695.16	937	1063	1093	1243	949	1208
ENSG00000130699.20	944	1014	956	850	634	809
ENSG00000130700.7	0	0	0	0	0	0
ENSG00000130701.4	382	492	375	577	343	404
ENSG00000130702.15	2605	3892	3694	3680	2771	3371
ENSG00000130703.17	1464	1822	1833	1592	1237	1747
ENSG00000130706.13	2651	3080	3059	2007	1893	2262
ENSG00000130707.18	317	289	304	187	198	194
ENSG00000130711.5	0	0	0	0	0	0
ENSG00000130713.17	1484	1607	1419	1250	1108	1441
ENSG00000130714.19	506	587	556	464	424	545
ENSG00000130717.13	362	414	373	455	342	411
ENSG00000130720.13	22	30	21	14	16	30
ENSG00000130724.10	1999	1827	1896	1232	1254	1701
ENSG00000130725.8	717	797	748	324	293	361
ENSG00000130726.12	3980	4929	4841	3228	2932	4110
ENSG00000130731.16	85	136	103	64	75	67
ENSG00000130733.11	154	186	198	163	129	185
ENSG00000130734.10	220	313	287	278	217	283
ENSG00000130741.11	2454	2629	2632	2278	2036	2533
ENSG00000130748.7	124	150	138	89	107	149
ENSG00000130749.10	4497	5500	5018	4057	3369	4695
ENSG00000130751.10	1	5	5	3	4	4
ENSG00000130755.13	3	0	2	3	0	0
ENSG00000130758.8	147	276	255	230	147	199
ENSG00000130762.15	826	1151	1016	772	660	896
ENSG00000130764.10	777	873	877	671	595	768
ENSG00000130766.5	79	104	118	82	63	110
ENSG00000130768.15	65	96	87	73	43	66
ENSG00000130770.18	1751	1662	1656	943	908	1089
ENSG00000130772.14	16	4	9	12	6	6
ENSG00000130775.16	2	7	3	5	8	4
ENSG00000130779.22	7992	9587	8825	9176	6938	9264
ENSG00000130783.14	9	12	6	13	11	6
ENSG00000130787.14	1411	1828	1924	1412	1148	1537
ENSG00000130803.15	379	459	445	522	329	451
ENSG00000130810.20	8	8	11	8	5	8
ENSG00000130811.12	2077	2313	2172	1689	1348	1656
ENSG00000130812.11	9	4	1	0	4	0
ENSG00000130813.18	18	28	28	19	22	19
ENSG00000130816.17	7663	8928	8182	7431	6804	8575
ENSG00000130818.12	2	2	2	1	5	2
ENSG00000130821.17	65	75	68	79	69	93
ENSG00000130822.16	1	0	1	3	2	3
ENSG00000130826.19	7158	8714	7999	5965	5399	7397
ENSG00000130827.6	743	1029	1058	1192	793	1045
ENSG00000130829.18	27	39	23	14	13	22
ENSG00000130830.15	6	7	13	8	10	5
ENSG00000130844.19	540	597	589	684	491	670
ENSG00000130856.18	252	350	341	323	259	322
ENSG00000130876.11	0	0	0	0	0	0
ENSG00000130881.14	538	907	768	562	481	615
ENSG00000130921.9	142	144	106	100	91	112
ENSG00000130935.10	2036	2403	2399	2347	2108	2857
ENSG00000130939.20	980	1266	1128	1101	902	1277
ENSG00000130940.15	390	504	507	434	282	378
ENSG00000130943.7	1	0	1	0	2	1
ENSG00000130948.10	0	0	0	0	0	1
ENSG00000130950.15	0	0	0	0	0	0
ENSG00000130956.14	445	445	405	398	310	425
ENSG00000130957.5	3	1	0	0	0	1
ENSG00000130958.13	0	2	0	4	1	1
ENSG00000130962.18	17	23	29	12	14	23
ENSG00000130985.17	2992	3736	3744	3038	2712	3653
ENSG00000130988.13	0	0	0	1	1	0
ENSG00000130997.16	3	3	6	4	2	5
ENSG00000131013.4	1498	1720	1508	1425	1283	1721
ENSG00000131015.5	24	33	48	22	13	16
ENSG00000131016.17	72	76	68	51	53	71
ENSG00000131018.25	148	183	156	188	153	203
ENSG00000131019.11	52	45	52	28	34	59
ENSG00000131023.13	739	828	783	979	852	1129
ENSG00000131037.15	570	615	704	599	515	675
ENSG00000131042.15	0	0	0	0	0	0
ENSG00000131043.13	91	110	121	83	57	88
ENSG00000131044.19	0	2	1	1	2	0
ENSG00000131050.11	0	2	0	0	0	0
ENSG00000131051.24	6273	6107	5954	7039	6030	7534
ENSG00000131055.5	15	31	29	17	23	21
ENSG00000131059.12	0	0	0	0	0	0
ENSG00000131061.15	88	131	139	173	100	128
ENSG00000131067.17	43	48	77	103	63	92
ENSG00000131068.4	0	0	0	0	0	0
ENSG00000131069.20	503	604	620	591	467	587
ENSG00000131080.15	30	24	24	21	20	27
ENSG00000131089.17	215	255	242	269	207	310
ENSG00000131094.4	1	7	4	5	4	6
ENSG00000131095.14	1	1	1	2	0	3
ENSG00000131096.11	0	1	0	1	0	1
ENSG00000131097.7	0	0	0	0	0	0
ENSG00000131100.13	591	611	724	378	427	467
ENSG00000131115.16	230	238	269	219	192	275
ENSG00000131116.12	357	520	413	317	279	329
ENSG00000131126.19	0	0	0	0	0	0
ENSG00000131127.14	223	239	265	385	299	413
ENSG00000131142.14	0	0	0	1	0	0
ENSG00000131143.10	7459	7017	7284	3700	4595	4656
ENSG00000131148.9	115	129	164	109	85	82
ENSG00000131149.19	14238	20441	18793	17550	12409	17202
ENSG00000131152.4	0	0	0	0	0	0
ENSG00000131153.9	1131	1180	1177	558	688	749
ENSG00000131165.16	911	996	1066	610	607	805
ENSG00000131171.13	242	254	182	146	197	181
ENSG00000131174.7	242	230	304	117	162	144
ENSG00000131183.11	0	0	0	0	1	0
ENSG00000131187.11	140	150	159	99	94	113
ENSG00000131188.12	23	72	54	24	32	30
ENSG00000131196.18	79	121	99	84	76	78
ENSG00000131203.13	0	0	0	0	0	0
ENSG00000131233.10	0	0	0	0	0	0
ENSG00000131236.18	2938	2748	2769	1569	1789	2054
ENSG00000131238.18	5028	5167	5164	2953	3427	4184
ENSG00000131242.18	333	459	358	349	263	337
ENSG00000131263.13	1411	1486	1426	1211	1189	1525
ENSG00000131264.4	1	0	0	0	0	0
ENSG00000131269.19	497	607	591	472	454	617
ENSG00000131323.17	1061	1222	1230	1371	1017	1172
ENSG00000131351.15	763	946	827	648	562	760
ENSG00000131355.15	0	0	0	0	0	0
ENSG00000131368.9	3698	3870	3832	3248	2913	3563
ENSG00000131370.16	2045	2214	2287	1786	1618	2166
ENSG00000131373.15	687	757	726	666	687	895
ENSG00000131374.15	302	411	413	371	303	419
ENSG00000131375.10	1347	1611	1496	1461	1393	1561
ENSG00000131378.14	430	512	557	395	320	505
ENSG00000131379.10	2	1	3	2	3	1
ENSG00000131381.12	1131	1598	1356	1393	1088	1427
ENSG00000131386.20	0	0	1	0	0	0
ENSG00000131389.18	1069	1215	1227	1217	920	1259
ENSG00000131398.15	125	198	176	245	165	250
ENSG00000131400.8	25	16	25	25	16	24
ENSG00000131408.15	227	326	258	222	188	224
ENSG00000131409.13	2	11	2	3	0	0
ENSG00000131435.13	0	0	0	0	0	0
ENSG00000131437.16	955	1063	996	925	820	1082
ENSG00000131446.17	408	619	496	388	331	420
ENSG00000131459.13	18	27	27	20	17	30
ENSG00000131462.9	1154	1373	1420	866	900	1018
ENSG00000131467.12	2182	2209	2171	1454	1510	1885
ENSG00000131469.15	2290	2573	2351	1200	1451	1532
ENSG00000131470.15	254	257	225	205	183	260
ENSG00000131471.7	8	17	14	21	13	11
ENSG00000131473.17	5234	5778	5755	4514	4351	6103
ENSG00000131475.7	796	878	842	425	515	555
ENSG00000131477.11	1	1	1	2	2	0
ENSG00000131480.9	61	60	68	68	53	97
ENSG00000131482.10	0	0	0	0	0	0
ENSG00000131495.9	252	281	266	92	106	101
ENSG00000131503.21	83	81	84	71	53	117
ENSG00000131504.18	7875	9270	8872	7862	7037	9498
ENSG00000131507.11	1043	1158	1147	716	903	1082
ENSG00000131508.17	129	133	151	81	120	86
ENSG00000131558.15	1809	1920	1823	1354	1223	1566
ENSG00000131584.19	460	627	594	709	489	619
ENSG00000131591.18	14	17	12	17	10	11
ENSG00000131620.18	7	24	21	13	10	15
ENSG00000131626.19	1549	1975	1837	1884	1477	2122
ENSG00000131634.14	0	0	1	0	0	0
ENSG00000131650.14	140	186	162	166	151	186
ENSG00000131652.14	488	561	600	437	416	500
ENSG00000131653.14	826	1073	1008	702	513	752
ENSG00000131668.14	0	0	0	1	0	0
ENSG00000131669.10	265	302	357	152	143	159
ENSG00000131686.15	0	0	0	0	0	0
ENSG00000131697.18	277	384	345	388	244	323
ENSG00000131711.15	564	707	613	524	439	652
ENSG00000131721.6	0	0	0	0	0	0
ENSG00000131724.11	153	216	206	175	186	265
ENSG00000131725.14	351	474	366	419	400	520
ENSG00000131730.16	0	0	0	0	0	0
ENSG00000131732.12	384	435	427	344	352	434
ENSG00000131737.7	0	0	0	1	0	0
ENSG00000131738.11	0	0	0	0	0	0
ENSG00000131746.13	8	11	14	9	4	6
ENSG00000131747.15	7792	8796	8269	7540	6912	9016
ENSG00000131748.16	129	190	136	151	106	203
ENSG00000131759.18	366	601	613	416	308	502
ENSG00000131771.14	1	3	0	6	3	3
ENSG00000131773.15	9	14	10	10	15	21
ENSG00000131778.20	2401	2925	2647	2887	2220	2983
ENSG00000131779.11	192	213	244	211	151	256
ENSG00000131781.13	14	20	19	17	8	22
ENSG00000131788.16	729	908	880	622	568	812
ENSG00000131791.8	99	180	138	123	119	158
ENSG00000131808.11	0	0	0	0	0	0
ENSG00000131828.14	4894	5394	5171	3572	3677	4445
ENSG00000131831.18	17	33	30	22	24	20
ENSG00000131844.17	6235	7021	6812	5675	5771	7666
ENSG00000131845.15	59	107	90	70	72	73
ENSG00000131848.10	21	36	34	12	11	17
ENSG00000131849.14	2	0	0	0	0	1
ENSG00000131864.11	0	0	0	0	0	0
ENSG00000131871.15	1748	1842	1680	1477	1450	1841
ENSG00000131873.7	716	894	929	790	580	817
ENSG00000131876.18	1445	1187	1407	1160	1080	1276
ENSG00000131899.12	336	450	406	298	290	295
ENSG00000131910.5	0	0	0	0	0	0
ENSG00000131914.11	0	0	0	0	0	0
ENSG00000131931.8	56	63	43	48	36	56
ENSG00000131941.8	1450	1777	1693	1239	1081	1244
ENSG00000131943.20	45	80	86	61	43	78
ENSG00000131944.11	36	58	60	42	41	42
ENSG00000131951.11	1	3	7	3	1	2
ENSG00000131966.14	1127	1340	1393	833	899	1056
ENSG00000131969.15	0	0	1	0	0	0
ENSG00000131979.20	572	519	557	257	254	362
ENSG00000131981.16	1384	1283	1401	887	940	1081
ENSG00000132000.14	0	0	1	0	1	3
ENSG00000132002.9	852	996	1025	717	651	812
ENSG00000132003.10	36	59	54	42	28	58
ENSG00000132004.13	67	83	104	80	72	97
ENSG00000132005.9	178	267	212	233	163	239
ENSG00000132010.16	7	10	5	9	13	11
ENSG00000132016.12	51	77	64	89	50	96
ENSG00000132017.11	252	378	352	315	295	354
ENSG00000132024.18	865	1134	1108	886	785	1028
ENSG00000132026.15	1	0	0	0	0	0
ENSG00000132031.13	26	37	44	32	32	40
ENSG00000132109.10	167	163	137	122	116	179
ENSG00000132122.12	10	19	17	29	29	25
ENSG00000132128.18	529	682	550	467	491	650
ENSG00000132141.14	63	61	78	108	82	84
ENSG00000132153.15	2007	2557	2406	1966	1590	2253
ENSG00000132155.14	2034	2538	2420	2656	1997	2762
ENSG00000132164.10	0	0	0	0	0	0
ENSG00000132170.24	211	241	218	209	168	223
ENSG00000132182.13	3676	4809	4328	4680	3790	4998
ENSG00000132185.18	0	0	0	0	0	0
ENSG00000132196.16	89	82	90	68	65	61
ENSG00000132199.20	284	262	300	343	304	365
ENSG00000132205.11	2	3	0	4	2	1
ENSG00000132207.18	0	0	0	0	0	0
ENSG00000132254.13	556	612	672	510	454	637
ENSG00000132256.20	50	75	42	65	47	82
ENSG00000132259.13	3	6	5	13	6	8
ENSG00000132274.17	0	2	0	1	2	0
ENSG00000132275.11	242	292	284	235	186	260
ENSG00000132286.12	0	0	0	0	0	0
ENSG00000132294.15	1244	1369	1365	1102	1047	1420
ENSG00000132297.13	0	0	0	0	0	0
ENSG00000132300.19	1593	1731	1588	1846	1610	2038
ENSG00000132305.22	2289	2963	2883	2137	2202	2757
ENSG00000132313.15	795	785	878	603	632	797
ENSG00000132321.17	0	0	0	0	0	0
ENSG00000132323.9	871	913	886	895	733	1012
ENSG00000132326.12	334	403	370	378	263	402
ENSG00000132329.11	9	7	6	4	8	10
ENSG00000132330.18	62	75	90	92	86	88
ENSG00000132334.17	63	80	91	67	51	52
ENSG00000132341.12	10175	9024	9820	4096	5269	5369
ENSG00000132356.12	1394	1489	1460	1712	1505	1938
ENSG00000132357.14	3	0	5	4	3	1
ENSG00000132359.16	341	436	391	401	289	420
ENSG00000132361.18	2403	3121	2970	2700	2023	2608
ENSG00000132376.20	143	187	183	96	115	123
ENSG00000132382.15	4585	5935	5413	3966	3074	4089
ENSG00000132383.12	1639	1670	1820	1368	1382	1860
ENSG00000132386.11	0	6	2	1	3	4
ENSG00000132388.13	384	389	363	325	339	451
ENSG00000132394.11	277	309	290	181	163	211
ENSG00000132405.19	326	470	458	401	285	437
ENSG00000132406.12	78	69	67	60	69	88
ENSG00000132423.12	372	400	353	266	265	277
ENSG00000132424.17	2919	3094	3117	3901	2832	3729
ENSG00000132429.10	1	0	0	1	1	3
ENSG00000132432.14	227	183	254	79	93	118
ENSG00000132434.10	265	275	277	199	211	297
ENSG00000132436.12	814	943	843	835	760	1059
ENSG00000132437.18	0	2	0	0	0	0
ENSG00000132446.7	0	0	0	0	0	0
ENSG00000132463.15	2956	3595	3298	2276	2233	3088
ENSG00000132464.13	0	0	0	0	0	0
ENSG00000132465.12	0	0	0	0	0	0
ENSG00000132466.20	4376	5346	4730	5016	4110	5283
ENSG00000132467.4	3209	3189	3109	2332	2426	3122
ENSG00000132470.14	3627	4380	4277	3444	2816	3817
ENSG00000132471.12	574	555	606	346	329	351
ENSG00000132475.10	2431	2885	2896	1023	1196	1177
ENSG00000132478.10	477	701	648	894	613	871
ENSG00000132481.7	200	218	223	141	159	205
ENSG00000132485.14	1554	1464	1251	1713	1479	1737
ENSG00000132507.18	5496	4852	4980	3075	3206	3589
ENSG00000132510.11	947	1486	1316	1048	738	1004
ENSG00000132514.14	0	0	0	0	0	0
ENSG00000132517.15	160	161	159	156	141	182
ENSG00000132518.7	0	0	0	0	0	0
ENSG00000132522.16	1247	1351	1178	783	847	1207
ENSG00000132530.17	0	0	0	0	0	0
ENSG00000132535.22	109	134	144	169	105	154
ENSG00000132541.11	160	190	167	96	108	169
ENSG00000132549.20	3401	3903	3738	4871	4048	5467
ENSG00000132554.21	12	9	12	5	6	9
ENSG00000132561.14	547	662	662	596	526	724
ENSG00000132563.17	8	15	6	3	5	12
ENSG00000132570.15	470	509	427	308	279	420
ENSG00000132581.10	993	932	901	399	451	542
ENSG00000132589.16	1394	1642	1503	969	913	1246
ENSG00000132591.12	645	873	845	622	561	714
ENSG00000132600.18	511	494	548	527	483	568
ENSG00000132603.15	835	878	924	501	552	655
ENSG00000132604.11	891	991	1057	720	740	962
ENSG00000132612.16	45	48	46	28	30	36
ENSG00000132613.16	989	1549	1381	1272	811	1221
ENSG00000132622.11	0	0	0	0	0	0
ENSG00000132623.16	471	542	552	338	333	453
ENSG00000132631.6	0	1	0	0	0	0
ENSG00000132635.17	184	215	240	375	247	318
ENSG00000132639.15	1	0	1	1	0	5
ENSG00000132640.15	71	74	90	81	56	82
ENSG00000132646.11	1340	1320	1441	967	1023	1255
ENSG00000132661.4	141	165	134	90	95	151
ENSG00000132664.13	168	208	236	199	191	217
ENSG00000132669.14	39	63	50	52	28	52
ENSG00000132670.21	694	844	865	763	629	796
ENSG00000132671.6	0	0	0	0	0	0
ENSG00000132676.16	1702	1880	1887	1455	1313	1673
ENSG00000132677.13	23	23	12	43	24	25
ENSG00000132680.11	1254	1357	1363	1604	1151	1596
ENSG00000132681.17	0	0	1	0	0	0
ENSG00000132688.11	994	1050	1019	1008	861	1156
ENSG00000132692.19	0	0	0	0	1	0
ENSG00000132693.12	0	0	0	0	0	0
ENSG00000132694.19	820	1298	1225	1133	859	1140
ENSG00000132698.15	220	367	299	213	199	303
ENSG00000132702.13	0	1	1	0	0	0
ENSG00000132703.4	0	0	0	0	0	0
ENSG00000132704.16	0	0	0	0	0	0
ENSG00000132716.19	1494	1762	1718	2097	1614	2109
ENSG00000132718.9	0	0	0	0	0	0
ENSG00000132740.10	509	644	639	775	540	731
ENSG00000132744.8	0	0	0	0	0	0
ENSG00000132746.16	97	109	98	124	94	115
ENSG00000132749.11	67	106	88	96	75	86
ENSG00000132763.15	10	16	23	11	6	17
ENSG00000132768.14	119	173	164	163	118	166
ENSG00000132773.12	148	191	182	120	112	147
ENSG00000132780.17	5064	4891	5063	4621	4028	5313
ENSG00000132781.20	2	2	7	5	0	3
ENSG00000132792.19	2511	2455	2535	1627	1771	2249
ENSG00000132793.12	550	671	608	718	488	710
ENSG00000132801.7	229	254	226	228	178	223
ENSG00000132819.17	28	28	19	14	18	20
ENSG00000132821.12	0	0	0	0	0	0
ENSG00000132823.11	580	786	622	507	410	571
ENSG00000132824.14	1139	1258	1204	947	928	1138
ENSG00000132825.7	68	68	81	42	47	85
ENSG00000132837.15	1	0	0	0	0	0
ENSG00000132840.10	0	0	0	0	0	0
ENSG00000132842.15	2436	2727	2392	1837	1875	2428
ENSG00000132846.6	17	29	29	19	10	12
ENSG00000132849.22	2575	2780	2654	3079	2418	3260
ENSG00000132854.19	0	1	0	0	0	0
ENSG00000132855.5	0	0	0	0	0	0
ENSG00000132872.12	1	0	0	0	0	0
ENSG00000132874.15	0	0	2	3	3	4
ENSG00000132879.14	44	36	54	59	46	47
ENSG00000132881.12	30	29	27	33	19	33
ENSG00000132906.18	60	82	57	53	50	70
ENSG00000132911.5	0	0	0	0	0	0
ENSG00000132912.13	763	963	894	709	619	767
ENSG00000132915.12	2	14	8	25	13	19
ENSG00000132932.19	2	4	5	0	3	2
ENSG00000132938.22	2	1	0	1	2	3
ENSG00000132950.19	425	467	517	604	486	638
ENSG00000132952.12	334	358	315	429	342	457
ENSG00000132953.18	1122	1419	1233	1259	1068	1432
ENSG00000132958.19	0	0	0	0	1	0
ENSG00000132963.9	1952	2221	2204	943	1185	1344
ENSG00000132964.13	457	620	534	486	426	570
ENSG00000132965.10	0	0	1	0	0	0
ENSG00000132970.14	157	226	206	185	113	186
ENSG00000132972.19	2	0	1	3	1	0
ENSG00000132975.8	0	0	0	0	0	0
ENSG00000133019.12	0	0	2	0	0	0
ENSG00000133020.4	0	0	1	0	0	0
ENSG00000133026.14	3143	3760	3375	3343	2925	3653
ENSG00000133027.18	40	80	72	50	42	48
ENSG00000133028.12	1199	1340	1385	936	924	1154
ENSG00000133030.22	2285	2983	2964	3916	2523	3518
ENSG00000133048.13	0	0	0	0	3	0
ENSG00000133055.10	0	0	0	0	0	1
ENSG00000133056.14	1390	1969	1803	1584	1286	1740
ENSG00000133059.17	401	607	569	482	450	602
ENSG00000133063.16	0	0	0	0	0	0
ENSG00000133065.11	163	171	187	186	124	167
ENSG00000133067.18	0	0	1	1	0	3
ENSG00000133069.17	27	23	33	26	17	38
ENSG00000133083.15	1	1	0	2	1	2
ENSG00000133101.10	6	7	5	2	4	6
ENSG00000133103.17	317	337	334	325	316	379
ENSG00000133104.14	13	26	21	17	12	21
ENSG00000133105.8	0	0	1	0	0	0
ENSG00000133106.15	4	6	8	5	4	10
ENSG00000133107.15	0	0	0	0	0	0
ENSG00000133110.15	0	0	0	0	0	0
ENSG00000133111.4	31	37	50	42	24	52
ENSG00000133112.17	6082	4923	5534	2377	2759	2919
ENSG00000133114.18	698	825	737	653	462	743
ENSG00000133115.12	0	0	0	0	0	0
ENSG00000133116.8	0	2	0	0	1	0
ENSG00000133119.13	1194	1289	1315	959	1028	1277
ENSG00000133121.21	715	912	826	819	647	810
ENSG00000133124.12	2	1	5	0	0	4
ENSG00000133131.15	1000	1170	1126	1002	836	1109
ENSG00000133134.12	61	63	41	45	36	32
ENSG00000133135.14	0	0	0	1	2	3
ENSG00000133136.6	0	0	0	0	0	0
ENSG00000133138.20	57	45	58	69	63	71
ENSG00000133142.19	4130	4392	3940	2896	2840	3684
ENSG00000133169.6	0	0	0	0	0	0
ENSG00000133193.13	109	122	151	85	86	105
ENSG00000133195.12	165	186	170	120	116	139
ENSG00000133216.17	51	87	80	55	49	81
ENSG00000133226.19	3250	3730	3327	2819	2426	3258
ENSG00000133243.10	217	358	331	248	189	267
ENSG00000133246.12	0	3	0	0	2	1
ENSG00000133247.14	91	121	118	152	94	115
ENSG00000133250.14	27	28	36	23	17	39
ENSG00000133256.13	73	75	70	43	50	74
ENSG00000133265.11	476	535	497	349	285	377
ENSG00000133275.16	164	239	241	232	153	195
ENSG00000133302.13	191	272	265	334	266	432
ENSG00000133313.15	704	687	797	522	495	554
ENSG00000133315.12	515	488	494	536	402	541
ENSG00000133316.16	937	964	943	654	621	790
ENSG00000133317.16	0	0	0	0	0	0
ENSG00000133318.14	772	890	860	726	691	962
ENSG00000133321.11	5	6	2	2	0	0
ENSG00000133328.4	4	3	7	0	4	0
ENSG00000133392.18	1	0	1	0	0	0
ENSG00000133393.13	49	49	48	30	21	31
ENSG00000133398.4	297	448	391	182	207	235
ENSG00000133401.16	10	9	9	4	10	7
ENSG00000133422.14	3648	4381	4006	4047	3297	4540
ENSG00000133424.22	550	735	678	589	458	583
ENSG00000133433.11	0	0	0	0	0	1
ENSG00000133454.16	0	1	1	2	1	2
ENSG00000133460.20	43	18	23	66	37	42
ENSG00000133466.14	317	353	354	289	225	354
ENSG00000133477.17	3	3	3	4	3	2
ENSG00000133488.15	4	4	2	2	3	5
ENSG00000133561.15	0	0	0	0	0	0
ENSG00000133574.10	0	0	1	0	0	0
ENSG00000133597.11	551	723	692	447	347	477
ENSG00000133606.11	1116	1203	1236	1132	909	1244
ENSG00000133612.19	853	1086	1167	1137	877	1111
ENSG00000133619.18	87	103	83	105	62	110
ENSG00000133627.18	155	127	136	131	119	147
ENSG00000133636.11	0	0	0	0	0	0
ENSG00000133639.6	94	111	112	47	43	53
ENSG00000133640.20	0	0	0	0	0	1
ENSG00000133641.18	330	312	321	237	252	323
ENSG00000133657.17	2233	2571	2358	2497	2171	2869
ENSG00000133661.17	6	5	6	11	16	12
ENSG00000133665.13	0	0	0	0	0	0
ENSG00000133678.14	133	183	181	138	167	234
ENSG00000133687.16	0	0	0	0	0	0
ENSG00000133703.14	400	523	516	405	373	488
ENSG00000133704.10	3650	4275	3764	3117	2798	3802
ENSG00000133706.19	4666	4976	4735	4867	4548	6013
ENSG00000133710.17	215	293	263	367	279	362
ENSG00000133731.10	87	83	109	92	100	108
ENSG00000133739.16	165	217	211	181	136	150
ENSG00000133740.11	27	37	43	26	49	45
ENSG00000133742.14	0	0	0	0	0	0
ENSG00000133773.12	1197	1243	1223	732	707	924
ENSG00000133789.15	585	631	580	445	396	516
ENSG00000133794.20	22	43	36	28	18	45
ENSG00000133800.9	0	0	0	0	0	0
ENSG00000133805.16	11	19	15	19	7	24
ENSG00000133812.18	350	465	421	463	419	552
ENSG00000133816.18	249	352	292	294	189	310
ENSG00000133818.14	257	325	243	191	217	274
ENSG00000133835.18	6187	5726	5964	4311	4490	5583
ENSG00000133858.17	2332	2715	2455	3202	2509	3434
ENSG00000133863.9	1	6	1	2	5	11
ENSG00000133872.14	869	1010	962	531	685	752
ENSG00000133874.2	12	12	26	15	17	11
ENSG00000133878.9	0	0	0	0	0	0
ENSG00000133884.11	443	686	551	449	341	506
ENSG00000133895.18	668	917	852	580	537	740
ENSG00000133935.7	378	476	396	193	205	264
ENSG00000133937.5	152	198	166	139	90	152
ENSG00000133943.21	41	56	50	108	59	71
ENSG00000133958.14	0	0	0	3	0	0
ENSG00000133961.21	1533	1984	1548	1853	1383	1847
ENSG00000133962.8	11	9	15	16	23	24
ENSG00000133980.5	0	0	0	0	0	0
ENSG00000133983.16	366	420	396	221	295	329
ENSG00000133985.3	148	204	163	122	96	157
ENSG00000133997.12	607	735	680	547	533	630
ENSG00000134001.15	14539	12611	13673	8100	9703	11400
ENSG00000134007.5	6	5	4	17	6	11
ENSG00000134013.16	76	79	93	52	75	93
ENSG00000134014.18	1620	1840	1746	1328	1212	1474
ENSG00000134020.8	0	0	0	0	0	0
ENSG00000134028.14	0	0	0	0	0	0
ENSG00000134030.14	49	60	57	57	43	49
ENSG00000134042.14	0	1	0	0	0	0
ENSG00000134046.12	973	1379	1148	1006	751	937
ENSG00000134049.6	0	0	0	0	1	0
ENSG00000134056.12	11	19	15	14	8	10
ENSG00000134057.15	4120	4718	4541	3124	3134	4113
ENSG00000134058.12	87	108	96	69	86	107
ENSG00000134061.5	0	0	0	0	0	0
ENSG00000134070.5	12	14	13	15	18	15
ENSG00000134072.11	127	128	133	75	82	94
ENSG00000134077.16	1093	1139	1213	915	940	1195
ENSG00000134086.9	565	657	583	480	417	490
ENSG00000134107.5	382	428	440	282	234	331
ENSG00000134108.14	1202	1319	1394	775	847	1054
ENSG00000134109.11	494	674	714	802	601	873
ENSG00000134115.13	1	0	0	0	0	0
ENSG00000134121.10	0	2	0	0	0	0
ENSG00000134138.22	76	103	111	111	97	96
ENSG00000134146.12	208	178	192	165	146	194
ENSG00000134152.11	43	33	23	37	34	61
ENSG00000134153.10	1425	1562	1525	715	856	1042
ENSG00000134160.15	0	0	0	0	0	0
ENSG00000134183.13	23	10	16	15	10	13
ENSG00000134184.13	0	0	0	0	0	0
ENSG00000134186.12	5506	6063	5671	5658	4683	6199
ENSG00000134193.15	0	0	0	0	0	0
ENSG00000134198.10	0	0	0	0	0	0
ENSG00000134200.4	0	0	0	0	0	0
ENSG00000134201.12	0	0	0	0	1	0
ENSG00000134202.12	1742	1789	1803	1161	1238	1473
ENSG00000134207.17	0	0	0	0	0	0
ENSG00000134215.16	153	195	148	170	144	165
ENSG00000134216.19	0	0	0	0	0	0
ENSG00000134222.16	1115	1131	1128	1315	1026	1460
ENSG00000134240.12	0	0	0	0	0	0
ENSG00000134242.16	0	3	1	1	2	1
ENSG00000134243.12	2368	2734	2769	1984	1864	2514
ENSG00000134245.18	2	2	1	3	1	2
ENSG00000134247.10	1062	1374	1250	844	791	965
ENSG00000134248.14	522	497	519	429	482	670
ENSG00000134249.7	0	0	0	0	1	0
ENSG00000134250.21	1945	2282	2184	1972	1704	2229
ENSG00000134253.10	217	277	289	360	249	288
ENSG00000134255.16	204	220	194	206	187	232
ENSG00000134256.13	11	16	16	16	17	19
ENSG00000134258.18	4	0	3	0	0	1
ENSG00000134259.6	0	0	0	0	0	0
ENSG00000134262.13	2106	2233	2069	2019	1698	2273
ENSG00000134265.13	629	691	658	458	508	661
ENSG00000134278.16	1092	1331	1228	1463	1098	1339
ENSG00000134283.18	803	991	980	1020	906	1310
ENSG00000134285.11	308	342	391	246	223	364
ENSG00000134287.10	0	0	0	0	0	0
ENSG00000134291.12	767	1083	1009	616	556	747
ENSG00000134294.14	1273	1364	1488	1553	1625	2132
ENSG00000134308.14	4316	4757	5084	2532	3134	3397
ENSG00000134313.17	1891	2392	2291	1950	1636	2261
ENSG00000134317.18	446	476	473	539	407	576
ENSG00000134318.16	2837	3103	2975	2639	2371	3063
ENSG00000134321.13	5	1	1	5	6	3
ENSG00000134323.13	13	35	20	27	20	16
ENSG00000134324.12	823	1041	919	1377	1009	1433
ENSG00000134326.12	4	7	5	3	1	6
ENSG00000134330.19	234	267	272	184	187	277
ENSG00000134333.14	11033	11110	11591	6726	7496	8641
ENSG00000134339.9	0	0	0	0	0	0
ENSG00000134343.14	0	0	0	0	0	0
ENSG00000134352.21	652	765	677	636	555	679
ENSG00000134363.12	15	9	11	10	5	14
ENSG00000134365.15	0	0	0	0	0	0
ENSG00000134369.16	186	217	195	176	98	173
ENSG00000134371.14	2222	2647	2398	1648	1484	1958
ENSG00000134375.11	462	483	521	257	305	366
ENSG00000134376.17	0	0	0	0	0	0
ENSG00000134389.11	0	0	1	0	0	0
ENSG00000134398.15	0	0	2	0	0	0
ENSG00000134419.15	187	170	207	67	111	109
ENSG00000134438.10	0	0	1	0	0	0
ENSG00000134440.12	4293	4083	4236	3166	3189	4029
ENSG00000134443.10	0	0	0	0	0	0
ENSG00000134444.15	340	453	466	528	445	611
ENSG00000134452.20	2593	3145	2992	3256	2811	3574
ENSG00000134453.16	3733	4050	3808	3540	2970	4061
ENSG00000134460.19	0	0	0	0	0	0
ENSG00000134461.16	136	172	187	119	114	139
ENSG00000134463.15	116	131	135	95	87	99
ENSG00000134470.21	4	10	9	11	5	1
ENSG00000134480.16	274	379	358	278	265	393
ENSG00000134489.7	0	0	0	1	0	0
ENSG00000134490.14	27	19	26	11	9	21
ENSG00000134504.14	249	342	305	214	209	294
ENSG00000134508.13	311	483	411	331	264	340
ENSG00000134516.20	0	0	0	0	0	0
ENSG00000134531.10	0	0	1	0	0	2
ENSG00000134532.20	0	0	0	0	0	0
ENSG00000134533.6	20	21	32	17	9	17
ENSG00000134538.3	0	0	0	0	0	0
ENSG00000134539.17	0	0	0	0	0	0
ENSG00000134545.14	0	0	0	0	0	0
ENSG00000134548.11	0	0	0	0	0	0
ENSG00000134551.13	3	0	2	0	1	2
ENSG00000134569.10	35	37	48	48	37	59
ENSG00000134571.12	0	1	0	0	0	0
ENSG00000134574.12	494	677	635	465	414	526
ENSG00000134575.13	125	151	153	116	110	137
ENSG00000134588.13	0	0	0	0	0	0
ENSG00000134590.14	285	332	342	176	205	227
ENSG00000134594.5	0	0	0	0	0	3
ENSG00000134595.9	0	1	0	0	0	0
ENSG00000134597.17	277	268	273	219	202	245
ENSG00000134602.16	304	316	304	180	226	276
ENSG00000134627.12	16	20	19	17	15	19
ENSG00000134640.3	0	0	0	0	0	0
ENSG00000134644.16	1863	2110	2084	2023	1784	2241
ENSG00000134668.13	9	33	32	28	23	33
ENSG00000134684.13	1500	1663	1722	1182	1025	1334
ENSG00000134686.21	118	135	131	80	77	101
ENSG00000134690.11	576	676	566	566	512	617
ENSG00000134697.13	2693	3331	3096	2212	1849	2399
ENSG00000134698.11	89	120	125	115	110	134
ENSG00000134709.13	791	858	778	799	742	953
ENSG00000134716.11	357	403	442	313	281	379
ENSG00000134717.18	59	37	64	29	33	35
ENSG00000134744.14	352	379	313	463	408	506
ENSG00000134748.13	379	460	454	330	317	335
ENSG00000134755.18	508	652	596	555	509	603
ENSG00000134757.5	0	0	0	0	0	0
ENSG00000134758.14	156	194	179	131	139	161
ENSG00000134759.14	2677	2748	2893	3018	2884	3725
ENSG00000134760.6	0	0	0	0	0	1
ENSG00000134762.17	0	0	0	0	0	0
ENSG00000134765.10	9	4	3	3	4	5
ENSG00000134769.23	757	833	838	843	750	1000
ENSG00000134775.16	18	16	28	14	10	12
ENSG00000134779.15	279	334	265	226	211	247
ENSG00000134780.10	150	205	177	182	143	189
ENSG00000134802.18	0	0	0	3	4	5
ENSG00000134809.9	1553	1456	1538	713	843	890
ENSG00000134812.8	0	0	0	0	0	0
ENSG00000134815.19	557	809	773	745	535	733
ENSG00000134817.12	0	0	0	0	0	0
ENSG00000134824.14	877	1027	1171	608	693	788
ENSG00000134825.16	17	27	28	16	13	15
ENSG00000134827.8	0	0	0	0	0	0
ENSG00000134830.6	21	12	14	15	11	11
ENSG00000134851.13	576	688	697	554	554	665
ENSG00000134852.15	334	461	434	328	277	389
ENSG00000134853.12	0	0	0	0	0	0
ENSG00000134864.11	2	1	2	1	4	2
ENSG00000134871.19	0	0	1	2	1	5
ENSG00000134873.10	0	0	0	0	0	0
ENSG00000134874.18	0	0	0	0	0	0
ENSG00000134882.16	158	216	199	192	172	267
ENSG00000134884.15	1332	1473	1300	1327	1023	1347
ENSG00000134897.14	35	41	34	35	44	23
ENSG00000134899.24	25	13	32	30	16	26
ENSG00000134900.13	814	881	886	1006	848	1162
ENSG00000134901.13	51	73	68	50	46	48
ENSG00000134905.17	281	386	375	379	337	457
ENSG00000134909.19	648	930	861	781	590	749
ENSG00000134910.14	2712	3597	3385	2581	2415	3160
ENSG00000134917.10	0	0	0	0	0	0
ENSG00000134940.14	2	1	3	0	0	1
ENSG00000134954.14	1	0	0	0	0	0
ENSG00000134955.12	3	2	3	14	0	4
ENSG00000134962.7	6	14	11	11	13	14
ENSG00000134970.14	277	317	333	109	86	85
ENSG00000134982.17	1548	1799	1666	1742	1447	2090
ENSG00000134986.14	5	12	8	10	4	16
ENSG00000134987.13	1064	1272	1240	1209	1178	1530
ENSG00000134996.12	482	494	522	241	345	385
ENSG00000135002.12	398	353	346	162	191	206
ENSG00000135018.14	531	695	665	454	440	603
ENSG00000135040.16	1001	1067	1020	982	891	1242
ENSG00000135045.7	39	39	44	30	18	25
ENSG00000135046.14	1	2	3	1	3	4
ENSG00000135047.16	1777	1708	1783	1138	1270	1505
ENSG00000135048.14	463	518	490	561	433	582
ENSG00000135049.16	337	468	415	534	407	530
ENSG00000135052.16	527	564	527	315	344	435
ENSG00000135063.20	28	48	36	67	40	54
ENSG00000135069.14	269	256	259	189	198	267
ENSG00000135070.15	2	7	3	3	3	2
ENSG00000135074.16	6	16	17	14	10	9
ENSG00000135077.10	0	1	0	1	1	4
ENSG00000135083.17	8	23	17	4	10	16
ENSG00000135090.14	2250	3231	2734	2124	1831	2347
ENSG00000135093.13	94	120	125	118	122	148
ENSG00000135094.11	0	0	0	0	0	0
ENSG00000135097.7	249	264	284	203	159	239
ENSG00000135100.19	0	0	0	0	0	0
ENSG00000135108.16	1397	1427	1563	1239	1143	1486
ENSG00000135111.16	19	48	46	17	29	33
ENSG00000135114.14	20	24	39	8	18	27
ENSG00000135116.9	0	0	0	0	0	0
ENSG00000135119.15	170	224	202	146	176	289
ENSG00000135124.16	1222	1359	1376	1151	1096	1389
ENSG00000135127.12	999	1339	1129	1300	980	1290
ENSG00000135144.8	0	0	0	1	0	0
ENSG00000135148.12	754	848	753	728	651	834
ENSG00000135164.19	880	1155	1068	1559	1124	1577
ENSG00000135175.6	0	0	0	0	0	0
ENSG00000135185.12	17	27	30	23	28	19
ENSG00000135205.15	6	11	11	13	11	8
ENSG00000135211.6	18	19	34	25	34	28
ENSG00000135218.19	1	1	0	0	0	1
ENSG00000135220.11	0	0	0	0	0	0
ENSG00000135222.7	0	0	0	0	0	0
ENSG00000135226.18	0	0	0	0	0	0
ENSG00000135241.17	360	391	361	318	263	438
ENSG00000135245.10	4	0	10	7	5	1
ENSG00000135248.16	0	0	0	0	0	0
ENSG00000135249.8	973	1245	1151	1291	1143	1489
ENSG00000135250.17	2793	3151	2905	2177	2085	2781
ENSG00000135253.16	0	0	0	0	0	1
ENSG00000135269.18	441	507	462	293	322	451
ENSG00000135272.13	0	0	0	0	0	0
ENSG00000135297.17	873	1011	999	722	810	966
ENSG00000135298.15	1	1	0	1	0	0
ENSG00000135299.17	112	164	118	128	95	163
ENSG00000135312.7	0	0	0	0	0	0
ENSG00000135314.13	14	16	35	33	29	39
ENSG00000135315.12	183	211	141	204	204	259
ENSG00000135316.19	151	122	137	137	157	162
ENSG00000135317.14	2000	2311	2164	2378	2052	2700
ENSG00000135318.12	2	1	0	2	0	1
ENSG00000135324.6	0	0	0	2	0	0
ENSG00000135333.15	0	0	0	0	0	2
ENSG00000135334.9	86	147	116	124	114	143
ENSG00000135336.16	345	414	403	433	368	491
ENSG00000135338.14	12	24	18	12	11	17
ENSG00000135341.19	952	848	962	977	957	1194
ENSG00000135346.9	0	1	0	0	0	0
ENSG00000135355.4	0	0	0	0	0	0
ENSG00000135362.14	49	67	49	38	41	38
ENSG00000135363.12	1	4	1	3	0	1
ENSG00000135365.17	171	277	214	267	223	302
ENSG00000135372.10	4093	5077	4770	3793	3223	4453
ENSG00000135373.13	40	33	43	22	20	25
ENSG00000135374.11	24	26	34	20	25	31
ENSG00000135378.4	92	109	86	93	95	84
ENSG00000135387.21	4041	4237	4302	3293	3477	4430
ENSG00000135390.21	1415	1206	1406	645	783	813
ENSG00000135392.19	750	882	812	745	604	827
ENSG00000135404.12	8575	8664	8572	4789	5932	7075
ENSG00000135406.15	116	131	130	70	77	106
ENSG00000135407.11	14	13	7	23	10	19
ENSG00000135409.11	1	2	1	0	1	0
ENSG00000135413.9	0	0	0	0	0	0
ENSG00000135414.10	53	96	97	78	45	54
ENSG00000135423.13	1	4	3	0	3	1
ENSG00000135424.19	26	32	34	46	44	43
ENSG00000135426.16	0	0	0	0	0	0
ENSG00000135436.8	51	82	73	75	59	63
ENSG00000135437.10	5	11	11	12	18	7
ENSG00000135439.12	208	288	310	191	168	239
ENSG00000135441.8	165	148	160	67	84	85
ENSG00000135443.8	5	1	2	1	0	1
ENSG00000135446.17	2469	2701	2807	1933	1880	2493
ENSG00000135447.17	1	3	1	1	0	0
ENSG00000135451.13	917	1232	1073	1193	913	1128
ENSG00000135452.10	88	122	108	74	82	111
ENSG00000135454.14	169	292	234	244	175	265
ENSG00000135457.11	0	0	0	0	0	0
ENSG00000135469.14	34	27	34	27	23	25
ENSG00000135472.9	0	0	0	0	1	0
ENSG00000135473.16	595	785	684	932	628	932
ENSG00000135476.12	2046	2578	2454	2827	1912	2711
ENSG00000135480.17	184	213	195	123	121	130
ENSG00000135482.7	68	98	85	91	58	86
ENSG00000135486.19	7360	3832	5147	5824	5150	5802
ENSG00000135503.13	344	422	394	337	305	405
ENSG00000135506.17	7787	8391	7885	5913	5909	8040
ENSG00000135517.9	0	1	1	0	0	1
ENSG00000135519.8	8	15	10	11	7	5
ENSG00000135521.9	2120	2363	2020	1850	1571	2236
ENSG00000135525.19	5177	6505	5817	4028	3212	4296
ENSG00000135535.17	744	760	869	488	588	641
ENSG00000135537.17	100	117	127	102	98	140
ENSG00000135540.12	424	604	535	587	385	553
ENSG00000135541.22	807	790	816	1315	975	1317
ENSG00000135547.9	225	247	259	211	195	233
ENSG00000135549.16	556	659	609	438	487	595
ENSG00000135569.5	0	0	0	0	0	0
ENSG00000135577.5	0	0	0	0	0	0
ENSG00000135587.9	228	198	208	175	147	197
ENSG00000135596.18	246	358	316	404	250	363
ENSG00000135597.19	442	419	452	351	325	420
ENSG00000135604.11	0	0	1	2	1	0
ENSG00000135605.13	248	256	265	250	223	354
ENSG00000135617.4	14	11	21	8	13	24
ENSG00000135622.13	41	52	55	40	49	52
ENSG00000135624.17	8335	9658	9177	5122	5502	6419
ENSG00000135625.8	0	0	0	0	0	0
ENSG00000135631.17	89	87	115	99	59	76
ENSG00000135632.12	420	556	515	413	399	524
ENSG00000135636.16	7	10	4	12	11	11
ENSG00000135637.14	189	246	244	392	236	336
ENSG00000135638.14	0	0	0	0	0	0
ENSG00000135643.5	7	11	10	4	7	15
ENSG00000135655.16	1407	1557	1468	1418	1337	1690
ENSG00000135677.11	652	758	867	546	604	810
ENSG00000135678.12	1	4	3	1	1	1
ENSG00000135679.27	1692	1914	1886	2011	1698	2283
ENSG00000135686.13	732	1275	1175	998	734	1056
ENSG00000135697.10	0	0	0	0	1	1
ENSG00000135698.10	504	538	464	422	422	508
ENSG00000135702.15	0	0	0	0	0	3
ENSG00000135709.14	182	204	175	206	133	213
ENSG00000135720.13	1175	1454	1397	1460	1214	1569
ENSG00000135722.9	7	20	27	22	20	11
ENSG00000135723.14	1693	1949	1884	2093	1651	2036
ENSG00000135736.6	56	110	87	68	55	71
ENSG00000135740.17	77	77	68	143	102	156
ENSG00000135744.9	0	0	0	0	0	0
ENSG00000135747.11	0	2	1	0	1	0
ENSG00000135749.19	289	380	351	464	362	515
ENSG00000135750.15	155	179	197	107	114	141
ENSG00000135763.10	1299	1795	1564	1355	1104	1598
ENSG00000135766.9	113	149	124	84	79	93
ENSG00000135773.13	28	34	25	34	18	39
ENSG00000135775.14	890	1014	998	816	798	955
ENSG00000135776.5	289	324	309	334	252	368
ENSG00000135778.12	310	386	302	249	237	248
ENSG00000135801.11	290	291	269	254	222	313
ENSG00000135821.19	264	282	285	197	231	282
ENSG00000135823.14	843	1011	1001	780	667	866
ENSG00000135824.13	0	0	0	1	0	0
ENSG00000135828.11	409	439	477	357	364	489
ENSG00000135829.17	13077	12654	12544	10590	10746	14303
ENSG00000135835.12	4	6	4	3	11	5
ENSG00000135837.17	5242	6352	5516	5434	4379	6038
ENSG00000135838.14	34	33	25	32	40	34
ENSG00000135842.17	14	13	7	7	2	8
ENSG00000135845.10	256	262	303	202	185	191
ENSG00000135862.6	1995	2457	2513	1915	1745	2369
ENSG00000135870.12	2115	2716	2474	2692	2037	2818
ENSG00000135898.10	0	0	0	0	0	0
ENSG00000135899.20	84	107	74	70	72	77
ENSG00000135900.4	271	317	331	199	262	292
ENSG00000135902.10	0	0	0	0	0	0
ENSG00000135903.20	0	1	1	0	0	0
ENSG00000135905.21	8	10	2	4	1	12
ENSG00000135912.11	588	667	614	628	539	699
ENSG00000135913.11	848	1085	939	960	683	1004
ENSG00000135914.6	0	0	0	0	0	0
ENSG00000135916.16	147	194	169	90	83	111
ENSG00000135917.16	4	2	0	1	1	1
ENSG00000135919.14	7	4	6	0	5	16
ENSG00000135924.17	100	120	96	85	82	108
ENSG00000135925.9	0	0	1	0	0	0
ENSG00000135926.15	6	5	13	5	3	4
ENSG00000135929.9	1	0	2	0	5	2
ENSG00000135930.15	1231	1434	1399	788	841	1033
ENSG00000135931.19	229	268	275	259	206	255
ENSG00000135932.12	281	437	343	265	255	308
ENSG00000135940.7	2385	2149	2345	1016	1235	1314
ENSG00000135945.10	440	640	534	688	568	699
ENSG00000135951.16	149	191	151	150	115	160
ENSG00000135953.11	173	208	198	155	152	190
ENSG00000135956.9	270	409	356	242	188	249
ENSG00000135960.10	0	1	0	0	1	0
ENSG00000135966.13	1014	1072	1045	1089	774	956
ENSG00000135968.22	1187	1268	1186	1495	1179	1520
ENSG00000135972.9	1956	2368	2320	1720	1595	2050
ENSG00000135973.3	0	1	0	0	0	0
ENSG00000135974.10	104	162	140	113	99	103
ENSG00000135976.21	344	482	401	750	464	635
ENSG00000135999.12	610	743	716	677	473	669
ENSG00000136002.20	71	110	89	112	68	136
ENSG00000136003.16	1113	1049	984	572	616	723
ENSG00000136010.14	15	21	13	11	10	16
ENSG00000136011.15	0	0	1	0	0	0
ENSG00000136014.12	0	0	0	0	0	0
ENSG00000136021.19	461	567	481	603	586	719
ENSG00000136026.14	1546	1855	1836	1199	1123	1601
ENSG00000136040.9	2	6	5	4	2	1
ENSG00000136044.12	420	557	557	515	397	524
ENSG00000136045.12	3511	3497	3400	2524	2302	3102
ENSG00000136048.14	145	124	145	96	111	125
ENSG00000136051.15	1634	2050	1874	2058	1695	2365
ENSG00000136052.10	167	169	195	169	175	206
ENSG00000136059.16	1	4	2	4	0	2
ENSG00000136068.16	1852	2159	2024	2948	2205	2726
ENSG00000136098.17	168	229	203	225	203	252
ENSG00000136099.13	9	14	7	8	4	7
ENSG00000136100.14	552	591	539	632	552	709
ENSG00000136104.21	98	94	104	108	56	131
ENSG00000136108.15	1520	1631	1535	1272	1163	1628
ENSG00000136110.13	0	0	0	0	0	0
ENSG00000136111.14	388	448	434	490	378	575
ENSG00000136114.17	3	5	2	4	1	5
ENSG00000136122.18	194	162	158	169	161	243
ENSG00000136141.15	845	1080	973	971	785	1070
ENSG00000136143.16	809	784	782	671	669	862
ENSG00000136144.12	80	112	85	136	100	153
ENSG00000136146.15	502	543	534	488	456	561
ENSG00000136147.18	251	268	215	320	252	322
ENSG00000136152.15	210	285	282	370	292	422
ENSG00000136153.20	348	365	358	380	294	410
ENSG00000136155.17	0	0	0	0	0	0
ENSG00000136156.15	1229	1149	1109	455	545	623
ENSG00000136158.12	4	1	3	2	3	2
ENSG00000136159.4	253	322	300	133	170	163
ENSG00000136160.17	0	0	0	0	0	0
ENSG00000136161.13	10	5	17	8	15	14
ENSG00000136167.15	168	176	182	128	146	177
ENSG00000136169.17	125	154	156	179	182	248
ENSG00000136193.17	2177	2304	2347	1476	1551	1864
ENSG00000136197.14	225	232	261	241	161	257
ENSG00000136205.18	457	612	584	424	377	482
ENSG00000136206.5	0	0	0	0	0	0
ENSG00000136213.10	143	178	142	139	107	141
ENSG00000136231.14	2	0	0	2	0	0
ENSG00000136235.17	17	17	15	17	22	24
ENSG00000136237.19	113	106	122	132	121	165
ENSG00000136238.20	2524	2874	2588	1735	1496	2009
ENSG00000136240.10	1568	2045	1836	807	773	950
ENSG00000136243.18	332	276	306	382	330	436
ENSG00000136244.12	0	0	1	0	0	0
ENSG00000136247.15	114	204	176	152	119	189
ENSG00000136250.12	0	0	0	0	0	0
ENSG00000136261.16	3863	3984	4020	3091	2999	3878
ENSG00000136267.14	0	0	0	1	0	0
ENSG00000136270.14	1178	1428	1395	1091	959	1205
ENSG00000136271.11	2635	3146	2877	2415	1918	2622
ENSG00000136273.13	456	440	487	575	448	611
ENSG00000136274.9	0	0	1	0	2	2
ENSG00000136279.21	1182	1278	1250	928	844	1166
ENSG00000136280.17	262	304	305	251	222	313
ENSG00000136286.16	0	1	0	1	0	0
ENSG00000136295.16	568	747	694	649	456	687
ENSG00000136297.15	0	0	0	0	0	0
ENSG00000136305.12	0	0	0	0	0	0
ENSG00000136319.12	651	664	767	606	595	693
ENSG00000136327.7	5	13	13	11	4	7
ENSG00000136352.20	0	0	2	0	1	1
ENSG00000136367.15	123	212	192	190	129	161
ENSG00000136371.11	561	614	576	167	175	223
ENSG00000136378.15	15	27	24	31	29	26
ENSG00000136379.12	145	231	203	149	143	192
ENSG00000136381.13	1394	1546	1631	1663	1671	2208
ENSG00000136383.7	34	47	42	38	31	39
ENSG00000136404.16	0	0	0	1	0	1
ENSG00000136425.14	1	3	0	0	4	3
ENSG00000136436.15	2516	2882	2776	2216	2040	2626
ENSG00000136444.10	256	280	299	298	188	317
ENSG00000136448.13	1483	1958	1887	1392	1106	1594
ENSG00000136449.15	0	4	0	1	1	3
ENSG00000136450.13	301	349	334	239	236	307
ENSG00000136451.9	226	249	237	225	192	241
ENSG00000136457.10	0	0	0	0	0	0
ENSG00000136463.9	3199	3611	3366	2150	2228	3055
ENSG00000136478.9	3010	3507	3154	2898	2411	3245
ENSG00000136485.16	8	7	5	7	9	11
ENSG00000136487.18	1	0	0	0	0	0
ENSG00000136488.15	0	0	0	0	0	0
ENSG00000136490.9	2	5	13	9	4	3
ENSG00000136492.10	7830	8395	8514	10550	8675	11602
ENSG00000136504.13	378	463	501	396	359	529
ENSG00000136514.3	0	0	0	0	0	0
ENSG00000136518.17	3343	3175	3283	1970	2185	2659
ENSG00000136521.13	1891	1935	1941	958	1130	1335
ENSG00000136522.14	807	879	888	585	682	789
ENSG00000136527.19	3021	3323	3339	2593	2493	3209
ENSG00000136531.19	2	0	0	1	2	0
ENSG00000136535.15	4	0	2	3	1	0
ENSG00000136536.15	4823	5424	4746	4916	4417	6020
ENSG00000136541.15	0	0	0	1	0	0
ENSG00000136542.9	1	2	4	2	3	1
ENSG00000136546.17	0	0	0	0	1	1
ENSG00000136560.14	341	334	339	330	270	390
ENSG00000136573.15	0	0	1	0	0	0
ENSG00000136574.19	0	1	0	2	0	0
ENSG00000136603.14	1763	2262	2083	2266	1887	2590
ENSG00000136628.18	9532	10319	9659	8231	7545	10657
ENSG00000136630.13	1	4	3	2	3	2
ENSG00000136631.16	1815	2000	1947	1770	1760	2191
ENSG00000136634.7	0	0	0	1	0	0
ENSG00000136636.13	3449	4271	3795	3419	3226	4216
ENSG00000136643.12	404	468	446	369	328	480
ENSG00000136682.16	292	234	273	380	310	388
ENSG00000136688.11	0	0	0	0	0	0
ENSG00000136689.20	0	0	0	2	1	0
ENSG00000136694.9	0	0	0	0	0	0
ENSG00000136695.15	3	0	2	0	0	1
ENSG00000136696.11	0	0	0	0	0	0
ENSG00000136697.13	0	0	0	0	0	0
ENSG00000136698.10	0	0	0	0	0	0
ENSG00000136699.20	154	168	147	195	134	193
ENSG00000136709.12	1374	1853	1704	1406	1327	1693
ENSG00000136710.10	135	158	132	102	99	131
ENSG00000136715.19	522	685	610	504	428	606
ENSG00000136717.15	23	37	36	25	21	27
ENSG00000136718.10	767	918	918	568	595	716
ENSG00000136720.7	187	180	189	199	95	162
ENSG00000136731.13	4054	4405	4102	3803	3727	4872
ENSG00000136732.16	0	0	0	0	0	0
ENSG00000136738.15	254	279	253	291	258	341
ENSG00000136750.13	0	0	0	0	0	0
ENSG00000136754.18	2572	2793	2664	1696	1663	2001
ENSG00000136758.20	3498	4113	3691	3144	2841	3930
ENSG00000136770.11	1220	1438	1438	1130	1087	1505
ENSG00000136783.10	316	288	308	207	287	291
ENSG00000136802.12	245	293	335	250	205	287
ENSG00000136807.14	1103	1248	1243	736	709	958
ENSG00000136810.13	2564	2253	2418	825	1076	1094
ENSG00000136811.17	4496	5646	5105	4987	3781	5151
ENSG00000136813.15	3268	3649	3735	4069	3404	4620
ENSG00000136816.16	244	293	252	164	188	224
ENSG00000136819.15	4626	5136	4752	2704	2623	3407
ENSG00000136824.19	2186	2880	2546	2395	2019	2900
ENSG00000136826.15	126	267	215	167	119	147
ENSG00000136827.12	891	997	1010	802	693	853
ENSG00000136828.19	171	225	222	330	191	312
ENSG00000136830.12	1756	2375	2275	1673	1331	1783
ENSG00000136834.3	0	0	0	0	0	0
ENSG00000136839.1	0	0	0	0	0	0
ENSG00000136840.19	15	28	25	20	21	19
ENSG00000136842.14	26	41	48	22	16	46
ENSG00000136848.19	441	706	589	578	397	512
ENSG00000136854.25	551	628	572	444	394	530
ENSG00000136856.18	83	109	115	118	71	102
ENSG00000136859.10	0	0	0	0	0	0
ENSG00000136861.19	3236	3939	3614	4216	3357	4392
ENSG00000136866.14	0	0	0	0	0	0
ENSG00000136867.11	8	20	12	13	1	14
ENSG00000136868.11	398	368	366	125	192	207
ENSG00000136869.16	1	0	0	0	0	0
ENSG00000136870.11	100	130	127	122	115	134
ENSG00000136872.21	0	0	0	0	0	0
ENSG00000136874.11	132	152	154	122	127	162
ENSG00000136875.13	1746	1954	1912	1315	1292	1744
ENSG00000136877.15	364	454	498	353	313	399
ENSG00000136878.14	295	393	427	401	238	438
ENSG00000136881.12	0	0	0	0	0	1
ENSG00000136883.16	88	105	96	126	116	114
ENSG00000136888.8	1437	1473	1422	600	702	714
ENSG00000136891.14	708	902	758	749	690	948
ENSG00000136895.19	92	103	92	152	101	113
ENSG00000136897.8	529	399	436	254	278	321
ENSG00000136908.18	54	134	109	81	64	107
ENSG00000136918.8	0	1	1	1	0	0
ENSG00000136925.15	177	217	217	262	227	247
ENSG00000136928.7	183	268	210	185	141	156
ENSG00000136929.13	1	1	1	0	2	1
ENSG00000136930.13	3093	3243	3095	1428	1805	1888
ENSG00000136931.10	0	0	0	0	0	0
ENSG00000136932.15	297	311	322	219	198	275
ENSG00000136933.17	363	382	403	407	306	448
ENSG00000136935.14	779	929	898	936	731	967
ENSG00000136936.11	280	260	256	308	238	340
ENSG00000136937.13	1304	1479	1638	1217	1206	1574
ENSG00000136938.9	21825	22350	19492	13202	13815	17605
ENSG00000136939.1	0	0	0	0	0	0
ENSG00000136940.14	785	706	707	511	476	668
ENSG00000136942.15	11901	13065	12199	2656	2985	2918
ENSG00000136943.12	198	155	169	115	106	122
ENSG00000136944.19	210	254	249	226	125	202
ENSG00000136950.13	565	683	582	339	317	427
ENSG00000136960.13	0	0	0	0	0	0
ENSG00000136982.6	708	705	709	832	815	1055
ENSG00000136986.10	2232	2430	2327	1484	1654	2000
ENSG00000136997.21	1074	1473	1519	1417	1236	1534
ENSG00000136999.5	2	2	3	3	5	4
ENSG00000137033.12	0	0	0	0	0	0
ENSG00000137038.8	30	31	32	27	21	36
ENSG00000137040.10	924	975	935	855	791	953
ENSG00000137054.16	382	501	497	280	299	410
ENSG00000137055.15	961	1019	1078	836	826	936
ENSG00000137070.19	1	4	2	5	1	9
ENSG00000137073.24	1062	1231	1148	1140	963	1171
ENSG00000137074.20	550	582	504	513	493	618
ENSG00000137075.18	51	68	65	75	72	75
ENSG00000137076.21	2036	2583	2461	1773	1647	2349
ENSG00000137077.8	0	0	0	0	0	0
ENSG00000137078.10	0	0	0	0	0	0
ENSG00000137080.4	0	0	0	0	0	0
ENSG00000137090.12	0	1	0	0	0	0
ENSG00000137094.16	30	50	28	37	38	37
ENSG00000137098.14	1	0	3	0	0	3
ENSG00000137100.16	802	726	738	351	334	463
ENSG00000137101.14	0	1	0	1	0	1
ENSG00000137103.20	3	15	5	5	1	2
ENSG00000137106.18	318	380	387	264	211	299
ENSG00000137124.8	820	831	849	494	527	716
ENSG00000137133.11	108	139	157	66	74	101
ENSG00000137135.18	62	118	80	92	94	95
ENSG00000137142.5	3	1	2	2	1	0
ENSG00000137145.21	665	794	659	721	631	959
ENSG00000137154.13	10626	10828	10309	6592	7042	8651
ENSG00000137161.18	833	916	958	675	666	794
ENSG00000137166.18	520	813	674	527	424	563
ENSG00000137168.8	632	697	662	245	371	362
ENSG00000137171.15	181	215	224	240	157	264
ENSG00000137177.20	959	1295	1219	1077	898	1112
ENSG00000137185.13	308	390	390	402	259	369
ENSG00000137193.14	54	93	76	57	52	48
ENSG00000137197.6	0	0	0	0	0	0
ENSG00000137198.10	56	68	67	34	40	45
ENSG00000137200.13	2669	2704	2668	2860	2371	3186
ENSG00000137203.15	128	177	184	155	113	173
ENSG00000137204.15	0	0	0	0	0	0
ENSG00000137207.12	465	513	540	301	320	374
ENSG00000137210.14	145	171	235	95	148	131
ENSG00000137216.19	633	812	651	501	460	594
ENSG00000137218.10	15	16	25	30	20	19
ENSG00000137221.14	213	261	249	279	204	251
ENSG00000137225.13	1	0	0	0	0	0
ENSG00000137251.16	0	0	0	0	0	0
ENSG00000137252.10	0	0	0	0	0	0
ENSG00000137261.15	91	95	97	133	109	114
ENSG00000137265.16	0	0	0	0	0	0
ENSG00000137266.15	50	79	93	62	55	75
ENSG00000137267.7	35	30	32	14	14	16
ENSG00000137269.15	268	348	275	254	230	297
ENSG00000137270.11	0	0	0	0	0	0
ENSG00000137273.6	0	0	1	1	0	0
ENSG00000137274.13	158	150	135	164	135	134
ENSG00000137275.16	868	1080	955	970	863	1078
ENSG00000137285.11	9	6	2	5	2	3
ENSG00000137288.10	1925	1822	1881	874	985	1221
ENSG00000137309.21	465	501	556	327	270	389
ENSG00000137310.12	2	2	1	6	0	3
ENSG00000137312.15	531	586	632	419	326	419
ENSG00000137313.15	0	0	0	0	0	0
ENSG00000137331.12	0	1	0	0	0	0
ENSG00000137332.19	0	0	0	0	0	0
ENSG00000137337.16	430	482	501	499	388	476
ENSG00000137338.6	138	138	139	186	127	182
ENSG00000137343.18	14	29	25	36	20	32
ENSG00000137345.19	0	0	0	0	0	0
ENSG00000137364.5	285	291	276	188	204	187
ENSG00000137384.12	0	0	0	0	0	0
ENSG00000137392.10	0	0	0	0	0	0
ENSG00000137393.10	29	26	12	12	33	21
ENSG00000137394.14	0	0	0	0	0	0
ENSG00000137397.18	0	0	0	0	0	0
ENSG00000137403.19	0	0	0	0	0	0
ENSG00000137404.15	13	4	5	6	3	1
ENSG00000137409.21	2844	3391	3449	2642	2344	3105
ENSG00000137411.19	305	339	310	386	289	373
ENSG00000137413.17	214	215	218	154	116	156
ENSG00000137414.7	109	103	116	125	106	121
ENSG00000137434.12	23	15	12	7	17	19
ENSG00000137440.5	0	0	0	0	0	0
ENSG00000137441.8	6	8	5	4	3	2
ENSG00000137449.17	110	97	112	105	88	116
ENSG00000137460.10	302	377	302	385	320	401
ENSG00000137462.9	2	3	1	0	1	1
ENSG00000137463.5	3	4	0	2	1	3
ENSG00000137473.19	0	0	0	0	0	0
ENSG00000137474.23	54	51	54	71	44	53
ENSG00000137478.15	458	552	560	563	433	559
ENSG00000137486.17	668	849	793	577	505	664
ENSG00000137491.15	0	0	0	0	0	0
ENSG00000137492.9	399	338	394	384	293	318
ENSG00000137494.14	121	94	123	130	104	132
ENSG00000137496.19	12	25	6	21	16	23
ENSG00000137497.19	8135	10617	9821	10429	7520	9799
ENSG00000137500.10	188	222	202	175	135	174
ENSG00000137501.18	4889	5606	5436	6668	5369	7607
ENSG00000137502.10	102	127	130	101	116	188
ENSG00000137504.15	1293	1540	1558	2308	1411	2044
ENSG00000137507.11	0	0	0	0	0	0
ENSG00000137509.12	308	425	375	251	292	402
ENSG00000137513.11	131	224	160	166	154	212
ENSG00000137522.18	395	408	454	307	294	360
ENSG00000137547.9	1627	1640	1593	798	944	1047
ENSG00000137558.9	12	12	6	23	18	21
ENSG00000137561.5	2	4	3	2	0	3
ENSG00000137563.13	322	357	396	303	357	421
ENSG00000137571.11	3	2	1	2	2	0
ENSG00000137573.14	113	186	145	182	106	199
ENSG00000137574.11	1049	1114	1060	1100	929	1286
ENSG00000137575.12	640	515	612	359	355	477
ENSG00000137601.18	479	576	539	498	418	611
ENSG00000137628.18	21	18	20	13	19	33
ENSG00000137634.10	0	0	0	0	0	0
ENSG00000137642.13	970	1090	1016	994	957	1220
ENSG00000137648.19	4	10	8	7	4	14
ENSG00000137656.12	413	467	454	436	385	476
ENSG00000137672.13	1	3	1	1	1	0
ENSG00000137673.9	0	0	0	0	0	0
ENSG00000137674.4	0	0	0	0	0	0
ENSG00000137675.5	1	0	0	0	0	0
ENSG00000137691.13	1	2	1	0	4	3
ENSG00000137692.12	526	608	602	480	522	635
ENSG00000137693.14	572	672	648	655	450	724
ENSG00000137699.17	42	54	46	56	43	58
ENSG00000137700.19	187	229	250	185	156	246
ENSG00000137707.14	0	0	0	0	0	1
ENSG00000137709.10	2	1	2	3	2	1
ENSG00000137710.17	6939	7147	6964	6068	5521	7035
ENSG00000137713.16	289	310	310	247	263	310
ENSG00000137714.3	257	236	224	125	118	155
ENSG00000137720.8	22	28	28	23	24	32
ENSG00000137726.17	0	0	0	0	0	0
ENSG00000137727.13	0	0	0	0	0	0
ENSG00000137731.14	0	0	0	0	0	0
ENSG00000137745.13	0	0	0	0	0	1
ENSG00000137747.16	180	235	268	193	148	171
ENSG00000137752.25	0	0	0	0	0	0
ENSG00000137757.11	0	0	0	0	0	0
ENSG00000137760.15	174	166	154	177	130	195
ENSG00000137764.20	338	370	399	352	303	421
ENSG00000137766.18	1	0	0	0	0	0
ENSG00000137767.14	139	110	119	97	78	101
ENSG00000137770.14	236	311	265	308	238	316
ENSG00000137776.17	6544	7030	6382	6560	5017	6890
ENSG00000137801.11	6035	6444	6190	4300	4034	5407
ENSG00000137802.14	141	197	142	220	132	203
ENSG00000137804.14	0	0	0	0	0	0
ENSG00000137806.10	334	323	325	232	232	294
ENSG00000137807.16	4981	5337	5197	5767	5064	6418
ENSG00000137809.17	0	1	0	0	0	0
ENSG00000137812.21	2281	2460	2364	2664	2303	3217
ENSG00000137814.12	191	231	255	168	145	205
ENSG00000137815.15	2069	2402	2205	1793	1497	2078
ENSG00000137817.17	1534	1801	1849	2468	1763	2317
ENSG00000137818.12	3138	3635	3614	2820	2496	3193
ENSG00000137819.14	5	12	11	5	3	7
ENSG00000137821.12	70	75	52	40	46	61
ENSG00000137822.13	202	292	317	262	224	316
ENSG00000137824.16	1000	1106	1110	923	895	1113
ENSG00000137825.11	71	74	79	65	53	65
ENSG00000137831.15	2204	2586	2261	2492	1912	2644
ENSG00000137834.15	73	102	115	95	48	81
ENSG00000137841.12	22	28	11	20	6	14
ENSG00000137842.7	361	369	359	326	324	414
ENSG00000137843.12	58	68	68	47	45	59
ENSG00000137845.15	2128	2229	2311	1901	1788	2456
ENSG00000137857.18	0	0	0	0	0	0
ENSG00000137860.12	0	1	1	3	1	1
ENSG00000137868.19	8	5	3	8	6	10
ENSG00000137869.16	0	2	0	0	1	0
ENSG00000137871.21	36	63	57	75	54	70
ENSG00000137872.17	0	0	0	0	0	0
ENSG00000137875.4	0	0	0	1	0	1
ENSG00000137876.11	839	877	826	556	727	810
ENSG00000137877.10	14	27	16	16	17	21
ENSG00000137878.17	0	1	0	1	1	0
ENSG00000137880.6	19	29	39	21	20	32
ENSG00000137936.18	107	184	157	132	118	125
ENSG00000137941.17	30	42	49	54	51	57
ENSG00000137942.18	930	932	933	829	820	930
ENSG00000137944.18	240	259	217	263	231	326
ENSG00000137947.12	265	231	249	132	153	181
ENSG00000137948.19	3	1	1	3	0	3
ENSG00000137955.16	960	1102	1105	1523	1271	1764
ENSG00000137959.17	0	0	0	0	0	0
ENSG00000137960.6	0	0	1	0	0	0
ENSG00000137962.13	130	141	153	169	136	172
ENSG00000137965.11	0	0	0	0	0	0
ENSG00000137968.17	0	0	1	1	2	0
ENSG00000137975.8	0	0	0	0	1	0
ENSG00000137976.8	0	2	0	0	0	1
ENSG00000137992.15	154	164	186	151	162	176
ENSG00000137996.13	412	478	460	498	498	579
ENSG00000138002.16	868	1003	939	813	676	906
ENSG00000138018.19	364	475	465	429	424	554
ENSG00000138028.17	237	309	289	229	187	280
ENSG00000138029.14	1550	1491	1569	1178	1137	1445
ENSG00000138030.13	757	765	792	586	495	674
ENSG00000138031.15	1021	1333	1259	1412	1025	1291
ENSG00000138032.21	286	341	356	330	266	341
ENSG00000138035.15	1004	1201	1152	1223	1182	1636
ENSG00000138036.18	361	301	354	299	303	387
ENSG00000138039.15	0	0	0	0	0	0
ENSG00000138050.15	120	167	177	154	154	174
ENSG00000138061.12	307	341	325	268	188	236
ENSG00000138068.12	0	0	0	0	0	0
ENSG00000138069.18	1403	1555	1649	856	1050	1199
ENSG00000138071.15	4028	4788	4927	2862	3158	4012
ENSG00000138073.14	485	644	584	468	420	594
ENSG00000138074.15	1066	1155	1266	937	796	1115
ENSG00000138075.14	0	0	0	0	0	0
ENSG00000138078.16	1982	2163	2150	1852	1838	2380
ENSG00000138079.14	2	0	0	0	1	3
ENSG00000138080.14	15	33	35	52	36	38
ENSG00000138081.22	1470	1612	1549	1680	1466	1913
ENSG00000138083.5	0	2	0	0	0	0
ENSG00000138085.18	193	240	275	210	216	307
ENSG00000138092.11	679	802	689	698	546	678
ENSG00000138095.20	15715	19856	18558	15330	14445	19426
ENSG00000138100.14	3	2	2	3	4	7
ENSG00000138101.20	408	548	500	454	341	457
ENSG00000138107.13	1044	1221	1295	843	748	960
ENSG00000138109.11	0	0	0	0	0	0
ENSG00000138111.14	19	36	39	37	34	37
ENSG00000138115.15	12	11	13	16	12	31
ENSG00000138119.17	7169	8251	7614	6758	6088	8512
ENSG00000138131.4	0	1	1	0	2	0
ENSG00000138134.12	113	95	94	83	82	91
ENSG00000138135.7	0	0	0	0	0	0
ENSG00000138136.7	0	0	0	0	0	0
ENSG00000138138.14	160	186	235	188	219	265
ENSG00000138152.10	0	0	0	0	0	0
ENSG00000138160.7	3325	3680	3457	2955	2792	3472
ENSG00000138161.14	16	15	9	26	13	20
ENSG00000138162.19	519	666	590	632	482	713
ENSG00000138166.6	3	8	3	7	4	13
ENSG00000138172.11	27	22	31	28	20	21
ENSG00000138175.9	362	432	424	277	309	396
ENSG00000138180.16	2070	2325	2151	1862	1528	2238
ENSG00000138182.15	2677	3113	2823	2731	2258	2976
ENSG00000138185.20	470	465	465	490	393	543
ENSG00000138190.17	473	391	483	400	368	529
ENSG00000138193.17	2	2	1	0	3	4
ENSG00000138207.15	0	0	0	0	1	0
ENSG00000138231.14	1223	1295	1232	958	802	1028
ENSG00000138246.17	4365	5035	4816	4539	4114	5519
ENSG00000138271.6	1	3	3	0	0	2
ENSG00000138279.16	1693	1881	1910	1380	1359	1734
ENSG00000138286.15	78	139	108	109	78	119
ENSG00000138303.18	921	998	929	685	665	820
ENSG00000138308.6	0	0	0	0	0	0
ENSG00000138311.18	0	1	2	6	2	1
ENSG00000138315.13	1	0	0	0	1	1
ENSG00000138316.11	2	5	9	2	2	7
ENSG00000138326.21	960	971	1025	843	849	792
ENSG00000138336.9	131	165	167	176	137	179
ENSG00000138346.15	1113	1170	1094	1463	1249	1773
ENSG00000138347.17	88	94	102	82	66	99
ENSG00000138356.14	816	1009	863	638	649	790
ENSG00000138363.15	4145	4838	4695	3246	3322	4334
ENSG00000138375.14	239	294	346	251	217	294
ENSG00000138376.11	578	679	610	571	607	707
ENSG00000138378.19	2	11	14	3	1	3
ENSG00000138379.5	0	0	0	0	0	0
ENSG00000138380.18	183	169	146	274	181	247
ENSG00000138381.10	220	262	236	294	239	315
ENSG00000138382.15	2419	2275	2424	1470	1812	2036
ENSG00000138385.16	3121	2797	2680	2498	2223	2921
ENSG00000138386.17	202	251	225	253	203	241
ENSG00000138395.17	0	0	0	1	0	1
ENSG00000138398.17	9739	11518	10028	9004	6985	9649
ENSG00000138399.18	625	659	629	789	668	877
ENSG00000138400.13	31	16	24	25	24	18
ENSG00000138411.13	146	148	167	137	113	175
ENSG00000138413.14	972	950	963	566	610	811
ENSG00000138430.16	2583	2593	2628	1746	1937	2475
ENSG00000138433.16	1057	1346	1217	1034	913	1158
ENSG00000138434.17	16717	19730	18809	22673	17847	23890
ENSG00000138435.16	0	0	1	0	0	0
ENSG00000138439.12	64	48	60	49	46	64
ENSG00000138442.11	355	402	343	363	357	419
ENSG00000138443.17	2061	2687	2298	2123	1694	2279
ENSG00000138448.13	3114	3285	3513	2961	2813	3819
ENSG00000138449.11	2	0	2	0	1	0
ENSG00000138459.9	80	115	103	94	57	128
ENSG00000138463.9	159	232	169	149	152	173
ENSG00000138468.16	445	496	451	885	733	909
ENSG00000138472.11	0	0	0	0	0	0
ENSG00000138483.3	0	0	0	0	0	0
ENSG00000138495.7	248	311	341	222	196	213
ENSG00000138496.17	1168	1412	1399	1113	1123	1531
ENSG00000138587.6	393	407	328	409	357	406
ENSG00000138592.14	2699	3227	2850	2811	2366	3120
ENSG00000138593.9	839	1095	926	906	751	951
ENSG00000138594.14	1458	1702	1609	1238	1268	1690
ENSG00000138600.11	833	1115	1044	937	1054	1357
ENSG00000138604.10	441	518	502	440	394	584
ENSG00000138606.20	12	17	12	8	12	6
ENSG00000138613.14	167	189	193	145	156	162
ENSG00000138614.16	514	703	681	557	530	727
ENSG00000138615.6	7	4	5	10	12	11
ENSG00000138617.16	86	124	101	104	67	112
ENSG00000138621.12	172	227	196	214	166	187
ENSG00000138622.4	9	12	7	2	5	4
ENSG00000138623.10	17	20	17	20	17	18
ENSG00000138629.16	78	86	79	56	64	81
ENSG00000138639.18	1	0	0	2	0	0
ENSG00000138640.15	6	12	4	6	6	14
ENSG00000138641.18	5	13	11	12	7	10
ENSG00000138642.16	87	95	105	85	65	97
ENSG00000138646.9	17	19	23	12	13	9
ENSG00000138650.9	7	5	7	3	5	1
ENSG00000138653.10	0	0	0	0	0	0
ENSG00000138658.16	999	1090	1148	2141	1619	2127
ENSG00000138660.12	386	356	401	347	317	407
ENSG00000138663.9	685	765	681	488	506	630
ENSG00000138668.20	10064	9132	9415	8332	7358	9334
ENSG00000138669.10	13	6	9	17	6	6
ENSG00000138670.19	0	0	0	0	0	2
ENSG00000138674.17	3822	4244	4123	4053	3808	4829
ENSG00000138675.17	0	0	0	0	0	0
ENSG00000138678.11	255	273	268	213	171	306
ENSG00000138684.9	0	0	0	0	0	0
ENSG00000138685.17	0	0	0	1	0	1
ENSG00000138686.10	448	390	429	405	375	455
ENSG00000138688.17	2396	2752	2578	3161	2610	3503
ENSG00000138696.11	620	659	626	564	556	693
ENSG00000138698.15	473	426	507	421	390	514
ENSG00000138709.20	752	738	804	897	734	947
ENSG00000138722.10	0	0	0	0	0	0
ENSG00000138735.16	13	18	14	26	23	42
ENSG00000138738.11	25	30	22	35	21	18
ENSG00000138741.11	0	0	0	0	0	0
ENSG00000138744.16	467	564	578	383	345	484
ENSG00000138750.16	617	650	636	589	568	806
ENSG00000138755.6	0	0	0	0	0	0
ENSG00000138756.19	194	217	222	195	151	254
ENSG00000138757.15	3460	3714	3402	2454	2473	3238
ENSG00000138758.12	2376	2833	2647	1838	1853	2474
ENSG00000138759.20	83	84	86	75	80	85
ENSG00000138760.11	826	1011	1023	774	957	1143
ENSG00000138764.15	35	59	49	40	68	55
ENSG00000138767.14	130	144	153	131	134	137
ENSG00000138768.15	2175	2533	2362	2604	2213	2818
ENSG00000138769.11	8	8	18	15	7	14
ENSG00000138771.16	541	905	674	594	429	573
ENSG00000138772.13	381	433	405	296	428	477
ENSG00000138777.20	1166	1470	1262	1127	1201	1720
ENSG00000138778.14	2020	2466	2098	2457	1960	2813
ENSG00000138780.15	466	628	565	450	455	551
ENSG00000138785.16	253	257	275	177	162	197
ENSG00000138792.10	77	91	95	107	65	119
ENSG00000138794.10	170	189	178	131	121	138
ENSG00000138795.10	29	27	24	19	13	32
ENSG00000138796.18	1212	1453	1519	866	949	1082
ENSG00000138798.13	11	10	9	11	1	11
ENSG00000138801.9	1318	1374	1503	1068	1055	1278
ENSG00000138802.11	619	594	666	672	585	792
ENSG00000138813.10	0	0	0	0	0	0
ENSG00000138814.17	7291	8285	8111	5142	5240	6436
ENSG00000138821.14	584	673	768	599	637	915
ENSG00000138823.14	0	0	1	1	0	4
ENSG00000138829.13	9	8	12	7	9	5
ENSG00000138834.15	1036	1279	1324	1986	1344	1785
ENSG00000138835.24	1503	2026	1880	1967	1353	1856
ENSG00000138867.17	242	268	285	243	201	249
ENSG00000138892.12	0	0	0	1	0	0
ENSG00000138942.17	90	84	77	71	55	54
ENSG00000138944.8	0	0	0	0	0	0
ENSG00000138964.17	0	0	0	0	0	0
ENSG00000139044.12	13	19	14	23	20	16
ENSG00000139053.3	0	0	0	0	0	0
ENSG00000139055.7	3	5	1	2	3	5
ENSG00000139083.11	28	30	25	22	13	29
ENSG00000139112.11	0	1	0	0	3	0
ENSG00000139116.19	2914	3344	2945	2689	2425	3329
ENSG00000139117.14	0	0	0	0	0	0
ENSG00000139131.13	168	254	232	204	177	251
ENSG00000139132.16	256	365	307	414	343	368
ENSG00000139133.7	22	37	47	21	24	44
ENSG00000139144.11	0	0	0	0	0	1
ENSG00000139146.14	21	35	38	37	28	47
ENSG00000139151.16	0	0	0	0	0	0
ENSG00000139154.16	531	666	657	682	546	850
ENSG00000139155.9	0	0	0	0	1	0
ENSG00000139160.13	13	6	6	7	3	3
ENSG00000139163.16	505	460	575	651	582	718
ENSG00000139168.9	1065	1055	966	798	719	941
ENSG00000139173.10	30	35	35	21	21	20
ENSG00000139174.12	0	0	0	1	1	0
ENSG00000139178.12	4	8	6	11	7	4
ENSG00000139180.11	100	126	118	74	78	117
ENSG00000139182.15	309	421	379	312	283	364
ENSG00000139187.10	3	0	0	1	0	0
ENSG00000139190.17	142	184	169	205	165	204
ENSG00000139192.12	22	24	16	13	9	14
ENSG00000139193.4	1	0	0	0	0	0
ENSG00000139194.8	20	28	13	20	12	17
ENSG00000139197.11	301	333	353	302	256	330
ENSG00000139200.14	1	0	0	1	1	1
ENSG00000139209.16	0	0	0	0	0	0
ENSG00000139211.7	7	7	2	1	4	10
ENSG00000139218.18	4840	5284	4642	4315	3614	4831
ENSG00000139219.19	8	10	17	29	10	25
ENSG00000139220.17	14	9	6	9	7	14
ENSG00000139223.4	0	0	0	0	0	0
ENSG00000139233.7	125	134	116	66	84	92
ENSG00000139263.12	84	128	100	146	85	144
ENSG00000139266.6	119	165	129	135	114	144
ENSG00000139269.3	0	1	0	0	0	1
ENSG00000139278.10	0	0	0	0	0	0
ENSG00000139287.13	2	0	0	0	0	0
ENSG00000139289.14	62	76	88	52	51	70
ENSG00000139291.14	557	594	554	361	374	525
ENSG00000139292.13	0	1	0	0	0	0
ENSG00000139304.16	11	18	20	15	18	25
ENSG00000139318.8	0	0	2	1	0	9
ENSG00000139323.14	326	413	421	455	335	559
ENSG00000139324.12	777	1064	918	1104	1054	1455
ENSG00000139329.5	0	0	0	0	0	0
ENSG00000139330.6	0	0	0	0	0	0
ENSG00000139343.11	6165	5357	5344	2036	2739	2981
ENSG00000139344.8	50	60	59	59	58	73
ENSG00000139350.12	645	622	605	655	586	795
ENSG00000139351.15	1	1	2	1	3	1
ENSG00000139352.4	0	2	0	0	1	2
ENSG00000139354.11	222	255	294	293	262	290
ENSG00000139364.11	7	5	2	2	1	1
ENSG00000139370.12	295	393	376	369	313	403
ENSG00000139372.15	1005	1112	1139	751	774	1049
ENSG00000139405.16	80	101	76	89	81	70
ENSG00000139410.15	122	191	147	75	122	123
ENSG00000139428.12	406	530	496	330	326	389
ENSG00000139433.11	255	272	293	124	121	152
ENSG00000139436.22	335	367	325	307	240	270
ENSG00000139437.18	1179	1425	1426	1040	804	1131
ENSG00000139438.6	18	54	37	18	19	26
ENSG00000139445.18	0	2	2	2	6	2
ENSG00000139496.18	306	442	391	565	418	599
ENSG00000139505.12	661	729	713	577	505	734
ENSG00000139508.15	26	28	33	32	36	57
ENSG00000139514.13	1319	1564	1407	1084	1005	1293
ENSG00000139515.6	0	0	0	0	0	0
ENSG00000139517.9	703	764	798	588	450	690
ENSG00000139531.13	536	548	543	419	448	582
ENSG00000139537.11	3	0	3	0	1	2
ENSG00000139540.12	0	0	1	0	0	0
ENSG00000139546.11	332	445	451	305	298	358
ENSG00000139547.8	1	3	2	5	10	8
ENSG00000139549.4	0	0	0	0	0	0
ENSG00000139567.13	0	1	0	0	0	0
ENSG00000139572.4	0	3	0	0	1	2
ENSG00000139574.9	3	1	3	7	12	10
ENSG00000139579.13	463	577	507	274	282	332
ENSG00000139597.18	3	1	1	4	1	0
ENSG00000139610.2	0	0	0	0	0	0
ENSG00000139613.12	3329	4227	3864	3462	3011	4031
ENSG00000139618.18	2334	2773	2572	3683	2973	4038
ENSG00000139620.13	525	647	632	658	487	652
ENSG00000139624.14	291	377	380	449	334	467
ENSG00000139625.13	432	486	471	590	441	664
ENSG00000139626.16	10	29	21	37	16	36
ENSG00000139629.16	2512	3192	2972	2338	1864	2669
ENSG00000139631.20	1343	1476	1535	3110	2106	3023
ENSG00000139636.16	16	24	25	24	23	25
ENSG00000139637.14	752	840	849	580	533	841
ENSG00000139641.13	3778	4162	4173	2987	3057	4038
ENSG00000139644.13	1647	1480	1643	997	1149	1305
ENSG00000139645.11	1303	1931	1903	1612	1321	1835
ENSG00000139648.7	1	0	0	0	0	0
ENSG00000139651.11	57	74	63	49	60	69
ENSG00000139656.7	0	0	0	0	0	0
ENSG00000139668.9	152	189	203	215	184	243
ENSG00000139675.13	50	59	56	88	59	75
ENSG00000139679.16	0	0	0	0	0	0
ENSG00000139684.15	1000	1005	934	635	756	980
ENSG00000139687.16	536	622	581	587	555	742
ENSG00000139697.14	6277	6913	6411	6047	4861	6639
ENSG00000139714.12	14	12	11	7	8	14
ENSG00000139718.12	2939	4786	4118	4033	3078	4052
ENSG00000139719.11	233	322	321	228	236	333
ENSG00000139722.7	257	329	255	182	169	237
ENSG00000139725.8	498	624	641	348	322	422
ENSG00000139726.11	631	584	593	507	625	699
ENSG00000139734.19	488	563	486	415	363	445
ENSG00000139737.23	16	27	26	10	18	14
ENSG00000139746.16	2163	2361	2339	2774	2214	3143
ENSG00000139767.10	0	1	0	0	0	0
ENSG00000139780.8	0	0	0	0	0	0
ENSG00000139793.21	34	60	52	52	32	64
ENSG00000139797.8	0	0	0	0	0	0
ENSG00000139800.9	42	40	36	42	22	53
ENSG00000139826.6	164	187	174	112	130	199
ENSG00000139832.5	228	257	241	134	108	124
ENSG00000139835.14	316	225	268	298	220	320
ENSG00000139842.15	1726	2116	2006	1765	1697	2240
ENSG00000139865.17	141	207	198	257	209	267
ENSG00000139874.6	0	0	0	0	0	0
ENSG00000139880.21	253	317	380	367	240	338
ENSG00000139890.10	4	8	9	9	4	13
ENSG00000139899.11	3	3	5	6	1	5
ENSG00000139908.15	8	8	6	3	1	6
ENSG00000139910.20	0	0	0	0	0	0
ENSG00000139914.7	0	1	2	0	0	1
ENSG00000139915.21	0	0	0	0	0	0
ENSG00000139921.13	3348	3416	3214	2269	2391	3028
ENSG00000139926.16	378	521	500	387	317	421
ENSG00000139946.11	1	2	2	0	0	0
ENSG00000139970.18	4	2	1	0	2	0
ENSG00000139971.15	17	10	4	9	5	4
ENSG00000139973.18	1	0	0	0	0	0
ENSG00000139974.17	258	341	312	288	278	356
ENSG00000139977.14	666	707	710	554	502	667
ENSG00000139985.8	1	0	0	0	0	0
ENSG00000139988.10	0	0	0	0	0	0
ENSG00000139990.18	1116	1452	1436	1517	1050	1465
ENSG00000139998.16	972	1375	1285	875	716	1017
ENSG00000140006.12	549	493	501	449	451	570
ENSG00000140009.19	15	10	13	21	16	20
ENSG00000140015.20	0	0	0	0	0	0
ENSG00000140022.14	646	883	692	603	468	614
ENSG00000140025.16	278	249	235	190	199	213
ENSG00000140030.6	0	0	0	0	0	0
ENSG00000140043.12	105	97	94	159	112	167
ENSG00000140044.13	448	598	518	458	312	434
ENSG00000140057.9	1015	1211	1079	1005	853	1128
ENSG00000140067.7	0	0	0	0	0	0
ENSG00000140090.18	0	0	0	0	0	0
ENSG00000140092.15	3	0	0	1	0	2
ENSG00000140093.10	0	0	0	0	0	0
ENSG00000140104.14	66	83	57	78	66	93
ENSG00000140105.18	3465	3807	3596	2618	2407	3034
ENSG00000140107.12	0	1	0	1	0	0
ENSG00000140153.18	810	1102	959	793	676	958
ENSG00000140157.16	358	384	352	358	342	471
ENSG00000140199.13	129	129	142	138	90	171
ENSG00000140254.13	0	0	0	0	0	0
ENSG00000140259.7	2845	2785	2846	1911	1955	2558
ENSG00000140262.18	405	531	487	414	330	454
ENSG00000140263.15	214	269	247	172	193	238
ENSG00000140264.21	2371	2474	2765	899	949	997
ENSG00000140265.14	1223	1405	1234	1591	1195	1550
ENSG00000140274.14	0	0	0	0	0	0
ENSG00000140279.13	0	0	0	1	0	0
ENSG00000140280.14	295	374	297	200	224	235
ENSG00000140284.11	739	787	831	641	660	968
ENSG00000140285.12	1	0	0	0	0	0
ENSG00000140287.11	0	1	0	0	0	0
ENSG00000140297.13	0	0	0	0	0	0
ENSG00000140299.14	436	424	424	436	405	534
ENSG00000140307.11	144	219	172	86	71	99
ENSG00000140319.11	4590	4438	4443	2143	2270	2538
ENSG00000140320.12	245	397	344	291	282	379
ENSG00000140323.6	11	11	19	11	10	21
ENSG00000140326.13	391	512	440	451	395	481
ENSG00000140332.18	1496	1981	1835	1405	1140	1516
ENSG00000140350.15	5898	5954	5477	3736	3998	5442
ENSG00000140365.16	388	386	370	224	279	228
ENSG00000140367.12	1492	1720	1618	1554	1288	1679
ENSG00000140368.14	0	1	0	0	1	0
ENSG00000140374.17	6835	6853	7289	5177	5890	7037
ENSG00000140379.9	0	2	0	0	0	0
ENSG00000140382.15	571	627	662	486	408	574
ENSG00000140386.13	873	983	908	827	635	804
ENSG00000140391.15	487	492	526	383	418	583
ENSG00000140395.9	2832	2645	2796	1838	2223	2701
ENSG00000140396.13	1132	1380	1361	1492	1134	1517
ENSG00000140398.14	13	21	20	44	25	27
ENSG00000140400.18	754	829	815	1537	1096	1631
ENSG00000140403.13	1529	1762	1654	1509	1227	1567
ENSG00000140406.4	176	306	308	206	148	250
ENSG00000140416.24	9581	9976	9816	7569	6800	8628
ENSG00000140443.15	8683	11516	10363	10109	7022	9432
ENSG00000140450.9	209	198	249	247	200	264
ENSG00000140451.13	235	226	241	386	239	316
ENSG00000140455.17	619	753	755	758	577	813
ENSG00000140459.18	0	0	0	0	0	0
ENSG00000140463.14	299	398	421	401	307	412
ENSG00000140464.20	291	375	335	368	268	372
ENSG00000140465.15	113	165	135	88	78	111
ENSG00000140470.15	79	60	59	99	79	126
ENSG00000140471.17	188	198	195	233	180	236
ENSG00000140474.14	309	515	528	785	485	672
ENSG00000140478.16	0	0	0	0	1	0
ENSG00000140479.18	378	522	460	477	339	444
ENSG00000140481.15	5	5	6	10	9	5
ENSG00000140488.16	0	0	0	0	0	0
ENSG00000140497.16	341	444	495	296	257	321
ENSG00000140505.7	0	0	0	0	0	1
ENSG00000140506.17	3	0	2	3	1	0
ENSG00000140511.12	3	3	11	9	9	9
ENSG00000140519.14	29	31	18	22	9	15
ENSG00000140521.17	2951	3779	3475	3248	2469	3210
ENSG00000140522.12	1	0	0	0	0	0
ENSG00000140525.20	9503	11224	10082	10527	8582	11714
ENSG00000140526.18	1253	1550	1551	1066	975	1324
ENSG00000140527.15	2	9	5	3	0	1
ENSG00000140534.14	3843	5315	4557	5158	3944	5225
ENSG00000140538.17	0	0	0	0	0	0
ENSG00000140543.15	1	1	0	0	0	0
ENSG00000140545.16	38	33	25	23	13	41
ENSG00000140548.10	565	704	657	687	578	634
ENSG00000140553.18	5605	6012	5959	4658	4157	5498
ENSG00000140557.12	0	0	0	0	0	0
ENSG00000140563.16	7	5	5	11	2	6
ENSG00000140564.13	478	790	795	512	432	567
ENSG00000140575.13	4811	5337	4724	4315	3687	4947
ENSG00000140577.17	222	309	276	232	166	229
ENSG00000140598.16	1146	1345	1333	1068	1080	1360
ENSG00000140600.17	7	5	5	11	6	1
ENSG00000140612.14	6932	5962	6258	3754	4350	4966
ENSG00000140623.14	0	2	6	6	3	7
ENSG00000140632.17	2011	2161	2130	1930	1589	2008
ENSG00000140650.13	1023	1168	1199	1120	984	1218
ENSG00000140675.13	1	1	2	0	0	3
ENSG00000140678.17	0	0	0	0	1	1
ENSG00000140682.19	23	24	33	43	16	15
ENSG00000140688.17	521	665	714	716	527	762
ENSG00000140691.18	188	219	219	214	152	211
ENSG00000140694.18	386	477	361	302	291	402
ENSG00000140718.21	302	357	427	246	237	334
ENSG00000140740.11	3360	3967	4094	3796	3303	4237
ENSG00000140743.8	891	961	1001	795	611	863
ENSG00000140749.9	0	0	0	0	0	0
ENSG00000140750.17	1189	1387	1253	1158	992	1181
ENSG00000140795.13	5	2	6	7	3	8
ENSG00000140798.17	0	0	0	0	1	0
ENSG00000140807.7	2	12	13	10	3	5
ENSG00000140829.12	5512	6445	6123	5898	4519	5948
ENSG00000140830.9	220	252	241	166	148	186
ENSG00000140832.11	403	433	462	392	385	425
ENSG00000140835.10	0	0	0	0	0	0
ENSG00000140836.17	5347	8103	6861	5760	4071	5500
ENSG00000140839.13	0	0	0	0	0	0
ENSG00000140848.17	116	199	197	140	154	137
ENSG00000140853.17	5	3	2	6	2	0
ENSG00000140854.13	65	108	113	90	65	75
ENSG00000140859.16	92	171	134	133	97	141
ENSG00000140873.16	0	1	2	0	3	1
ENSG00000140876.11	21	34	30	16	28	25
ENSG00000140905.11	0	1	1	2	3	1
ENSG00000140931.20	0	5	5	0	3	1
ENSG00000140932.10	0	0	0	0	1	0
ENSG00000140937.14	1	1	3	0	0	0
ENSG00000140939.14	330	431	378	376	318	411
ENSG00000140941.14	80	72	72	77	61	67
ENSG00000140943.18	2434	3021	2889	3078	2173	2898
ENSG00000140945.17	0	0	0	0	0	0
ENSG00000140948.13	772	1113	1012	856	634	904
ENSG00000140950.16	336	462	444	450	379	510
ENSG00000140955.11	0	0	0	0	0	0
ENSG00000140961.14	216	228	248	219	144	204
ENSG00000140968.12	1	1	4	1	0	3
ENSG00000140983.15	1632	2104	2050	2223	1673	2254
ENSG00000140986.8	0	1	2	0	0	0
ENSG00000140987.21	148	190	198	195	157	215
ENSG00000140988.16	1323	838	1197	1295	1030	1100
ENSG00000140990.15	2802	3287	3124	1461	1597	1828
ENSG00000140992.19	1232	1546	1494	1248	1042	1413
ENSG00000140993.11	201	214	208	238	224	244
ENSG00000140995.17	829	825	853	787	569	827
ENSG00000141002.20	2932	3947	3438	3425	2717	3667
ENSG00000141012.13	371	545	448	374	333	458
ENSG00000141013.17	1838	2166	2150	2445	1803	2272
ENSG00000141026.6	12	15	8	14	11	9
ENSG00000141027.23	4670	6043	5291	5759	4273	5661
ENSG00000141030.13	1031	1170	1200	917	873	1126
ENSG00000141034.10	98	81	91	91	73	122
ENSG00000141040.15	66	86	74	68	61	72
ENSG00000141052.18	0	0	0	0	0	0
ENSG00000141068.15	69	64	67	106	71	108
ENSG00000141076.18	441	510	509	458	468	670
ENSG00000141084.12	522	668	637	633	490	682
ENSG00000141086.18	1	8	5	12	1	9
ENSG00000141096.6	0	0	0	0	0	0
ENSG00000141098.13	210	258	274	236	195	264
ENSG00000141101.13	1148	1213	1208	823	707	914
ENSG00000141127.15	528	649	628	423	468	578
ENSG00000141161.12	0	1	1	0	0	0
ENSG00000141179.14	267	275	304	204	174	223
ENSG00000141194.7	0	0	0	0	0	0
ENSG00000141198.16	1837	1949	1828	1971	1722	2298
ENSG00000141200.8	0	0	0	0	0	0
ENSG00000141219.16	587	615	530	628	402	538
ENSG00000141232.5	7803	7358	7356	6658	6952	8639
ENSG00000141252.21	1324	1388	1346	1303	1003	1463
ENSG00000141255.13	0	0	0	0	0	0
ENSG00000141258.13	2043	2483	2510	2955	2081	2835
ENSG00000141279.18	2322	2231	2380	2053	2049	2830
ENSG00000141293.16	20	28	21	18	32	30
ENSG00000141294.10	11	5	9	1	2	13
ENSG00000141295.14	323	385	392	335	289	352
ENSG00000141298.19	651	959	763	727	596	879
ENSG00000141314.13	0	1	3	2	0	2
ENSG00000141316.13	0	0	0	0	0	0
ENSG00000141337.13	163	198	176	347	249	338
ENSG00000141338.15	0	0	0	0	0	0
ENSG00000141349.10	83	77	82	75	31	94
ENSG00000141367.13	25625	27657	28113	21602	23246	30906
ENSG00000141371.13	0	0	0	0	0	0
ENSG00000141376.23	3728	4594	4600	3571	3039	3883
ENSG00000141378.15	1010	904	993	536	673	829
ENSG00000141380.14	233	279	274	246	246	218
ENSG00000141384.13	128	139	111	116	92	127
ENSG00000141385.12	3118	3511	3410	2774	2607	3427
ENSG00000141391.14	29	26	41	36	22	27
ENSG00000141401.12	60	102	60	70	66	76
ENSG00000141404.17	2	1	2	1	0	0
ENSG00000141424.13	3315	4004	3920	2923	3093	4030
ENSG00000141425.18	1573	1519	1600	1299	1252	1579
ENSG00000141428.17	13	28	27	33	22	30
ENSG00000141429.14	842	955	948	726	675	963
ENSG00000141431.14	0	0	0	0	0	0
ENSG00000141433.13	0	0	0	0	0	0
ENSG00000141434.12	6	3	0	3	0	9
ENSG00000141437.10	0	0	0	0	0	0
ENSG00000141441.16	118	152	140	105	84	98
ENSG00000141446.11	494	554	442	545	407	545
ENSG00000141447.19	378	460	416	449	331	532
ENSG00000141448.11	6	10	14	15	6	5
ENSG00000141449.16	140	154	176	238	179	240
ENSG00000141452.10	193	279	244	251	221	264
ENSG00000141456.16	7512	8701	7528	5254	4934	7101
ENSG00000141458.13	546	546	538	534	542	621
ENSG00000141469.18	5	0	0	8	3	0
ENSG00000141480.18	196	228	235	187	163	233
ENSG00000141485.17	0	0	0	0	0	0
ENSG00000141497.14	6	8	12	17	12	9
ENSG00000141499.18	166	213	173	158	140	189
ENSG00000141503.17	2766	3728	3495	2857	2157	2859
ENSG00000141504.12	62	58	56	26	23	25
ENSG00000141505.12	3	1	2	0	2	1
ENSG00000141506.15	0	3	2	5	1	6
ENSG00000141510.18	1903	1944	2150	1383	1381	1722
ENSG00000141519.15	69	103	80	98	62	105
ENSG00000141522.12	2836	3204	3116	1868	1792	2299
ENSG00000141524.19	630	717	759	850	562	872
ENSG00000141526.18	118	121	146	83	67	113
ENSG00000141527.19	117	140	166	133	96	167
ENSG00000141540.11	5	2	7	6	9	4
ENSG00000141542.11	11	21	18	6	10	12
ENSG00000141543.12	3157	3575	3591	2171	2305	2831
ENSG00000141551.15	1414	1889	1741	1387	1077	1423
ENSG00000141552.18	857	912	718	279	277	366
ENSG00000141556.22	669	715	759	693	519	737
ENSG00000141560.15	766	774	698	562	516	555
ENSG00000141562.19	482	574	568	483	398	518
ENSG00000141564.16	672	884	863	625	496	687
ENSG00000141568.21	453	718	603	578	387	559
ENSG00000141569.12	129	175	180	181	152	227
ENSG00000141570.11	207	269	225	154	170	174
ENSG00000141574.8	9	19	7	6	4	8
ENSG00000141576.16	73	112	79	98	50	69
ENSG00000141577.14	775	861	883	787	594	848
ENSG00000141579.7	11	11	14	5	4	12
ENSG00000141580.16	252	312	297	215	221	251
ENSG00000141582.15	2068	2251	2234	1651	1376	1765
ENSG00000141622.14	1	1	2	5	0	1
ENSG00000141627.14	257	359	302	216	201	325
ENSG00000141639.12	38	47	27	41	23	28
ENSG00000141642.9	24	19	18	11	13	9
ENSG00000141644.19	540	697	633	707	477	676
ENSG00000141646.15	654	782	763	723	700	866
ENSG00000141655.18	5	14	6	11	6	5
ENSG00000141664.10	203	264	227	240	201	254
ENSG00000141665.13	15	12	19	11	13	13
ENSG00000141668.10	0	0	0	0	0	0
ENSG00000141682.12	5	2	5	3	6	2
ENSG00000141696.13	304	370	368	293	240	362
ENSG00000141698.17	349	374	348	288	267	341
ENSG00000141699.11	73	77	78	87	67	92
ENSG00000141736.14	1116	1503	1507	1274	981	1319
ENSG00000141738.14	64	88	89	82	51	87
ENSG00000141741.12	96	135	125	75	87	114
ENSG00000141744.4	0	1	0	3	0	2
ENSG00000141748.13	0	0	0	0	0	1
ENSG00000141750.7	1	0	6	1	0	5
ENSG00000141753.7	472	562	560	369	387	505
ENSG00000141756.19	742	853	836	826	687	873
ENSG00000141759.15	109	114	95	99	78	100
ENSG00000141837.22	0	0	0	0	0	3
ENSG00000141854.10	176	172	182	144	106	151
ENSG00000141858.12	3712	4137	3727	3562	3090	3938
ENSG00000141867.19	3443	4989	4357	3288	2444	3089
ENSG00000141873.11	175	206	189	118	98	156
ENSG00000141905.19	816	1005	1053	780	564	812
ENSG00000141933.9	32	27	34	29	20	18
ENSG00000141934.10	138	153	163	94	61	152
ENSG00000141946.1	0	0	0	0	0	0
ENSG00000141956.14	505	696	622	630	489	726
ENSG00000141959.17	4487	5671	5456	3968	3524	4570
ENSG00000141965.5	124	206	175	129	95	130
ENSG00000141968.8	165	193	214	186	141	224
ENSG00000141971.13	104	133	101	98	72	116
ENSG00000141977.9	11	4	3	4	5	7
ENSG00000141979.4	0	0	0	0	0	0
ENSG00000141985.9	624	793	737	494	433	617
ENSG00000141994.16	351	431	400	303	283	371
ENSG00000142002.19	878	1123	1031	813	673	969
ENSG00000142025.16	0	0	0	0	0	0
ENSG00000142039.4	391	497	455	424	336	495
ENSG00000142046.15	3	8	8	19	5	8
ENSG00000142065.14	128	122	128	116	133	166
ENSG00000142082.15	180	182	226	184	170	206
ENSG00000142089.17	216	130	177	80	75	82
ENSG00000142102.16	44	45	49	103	62	92
ENSG00000142149.9	17	37	25	17	18	22
ENSG00000142156.16	68	84	90	111	81	101
ENSG00000142166.15	76	138	94	84	111	160
ENSG00000142168.15	5833	5169	5558	2857	3615	3986
ENSG00000142173.17	84	107	97	112	88	107
ENSG00000142178.9	0	0	0	0	0	0
ENSG00000142182.9	0	0	0	0	1	0
ENSG00000142185.18	0	8	1	3	3	5
ENSG00000142186.18	1294	1680	1512	1069	907	1174
ENSG00000142188.17	178	167	175	141	158	170
ENSG00000142192.21	6164	6853	6440	3880	4081	5607
ENSG00000142197.13	4418	5930	5646	4867	3873	5140
ENSG00000142207.7	3163	3882	3657	3391	2770	3582
ENSG00000142208.18	6554	9197	8581	7839	5584	7511
ENSG00000142224.18	0	0	0	0	0	0
ENSG00000142227.11	6	5	4	4	3	5
ENSG00000142230.13	2090	2091	2333	1694	1651	1959
ENSG00000142233.14	0	0	1	3	0	3
ENSG00000142235.13	261	301	311	350	222	330
ENSG00000142252.11	59	46	54	14	21	23
ENSG00000142273.13	7	2	4	11	1	3
ENSG00000142279.13	30	24	31	32	27	31
ENSG00000142303.14	0	1	0	1	0	0
ENSG00000142319.18	0	0	1	0	0	0
ENSG00000142327.13	149	254	202	188	138	166
ENSG00000142330.20	30	35	31	39	17	55
ENSG00000142347.19	3	4	2	12	4	6
ENSG00000142396.11	74	113	97	70	70	89
ENSG00000142405.23	1	0	1	0	0	0
ENSG00000142408.7	1	0	5	0	0	2
ENSG00000142409.6	126	176	167	128	115	164
ENSG00000142444.7	292	342	333	299	237	345
ENSG00000142449.13	1	1	5	3	0	0
ENSG00000142453.12	482	581	649	427	406	482
ENSG00000142459.9	435	657	492	484	333	470
ENSG00000142484.7	0	0	0	0	0	0
ENSG00000142494.13	28	23	18	28	14	26
ENSG00000142507.10	3809	4431	4211	2153	2171	2457
ENSG00000142511.4	0	0	0	0	0	0
ENSG00000142512.15	0	0	0	0	1	0
ENSG00000142513.6	0	0	0	0	0	0
ENSG00000142515.16	0	0	0	0	0	0
ENSG00000142528.16	217	255	208	210	165	224
ENSG00000142530.11	1	6	2	2	1	2
ENSG00000142534.7	6069	5602	5664	2697	2922	3094
ENSG00000142538.2	0	0	0	0	0	0
ENSG00000142539.9	0	0	0	0	0	0
ENSG00000142541.18	2132	1975	2224	1206	1246	1314
ENSG00000142544.7	11	19	25	12	12	18
ENSG00000142546.14	380	488	462	326	263	407
ENSG00000142549.10	0	0	0	0	0	0
ENSG00000142552.8	18	30	18	14	12	27
ENSG00000142556.19	14	48	25	18	19	20
ENSG00000142583.18	1	0	2	3	4	0
ENSG00000142599.20	1107	1498	1493	1068	888	1128
ENSG00000142606.16	1	2	1	1	3	0
ENSG00000142609.20	2	8	0	3	2	3
ENSG00000142611.17	76	92	82	83	54	69
ENSG00000142615.8	0	0	0	0	0	0
ENSG00000142619.4	9	9	13	6	8	15
ENSG00000142621.21	4	6	4	9	3	7
ENSG00000142623.11	1	3	1	1	1	2
ENSG00000142627.13	285	349	301	281	213	312
ENSG00000142632.17	228	289	309	307	241	307
ENSG00000142634.13	458	470	413	300	309	405
ENSG00000142655.13	150	128	142	114	105	153
ENSG00000142657.21	1973	2004	2109	1325	1403	1698
ENSG00000142661.19	0	1	1	0	0	4
ENSG00000142669.15	97	165	142	48	64	94
ENSG00000142675.18	137	150	170	237	147	189
ENSG00000142676.14	10893	13047	11572	4503	5426	6335
ENSG00000142677.4	1	1	2	5	1	1
ENSG00000142684.9	147	135	123	81	86	77
ENSG00000142686.8	76	102	107	90	75	116
ENSG00000142687.19	738	949	902	984	870	1071
ENSG00000142694.7	22	25	25	17	19	20
ENSG00000142698.15	0	0	0	0	0	0
ENSG00000142700.12	0	0	0	0	0	0
ENSG00000142731.11	918	944	1034	1209	951	1247
ENSG00000142733.18	408	468	437	415	303	464
ENSG00000142748.14	0	0	0	0	0	0
ENSG00000142751.15	31	48	45	36	35	39
ENSG00000142765.18	110	181	177	217	139	176
ENSG00000142784.16	103	168	154	110	92	125
ENSG00000142789.20	0	0	0	0	0	0
ENSG00000142794.19	108	175	172	191	135	169
ENSG00000142798.20	95	149	130	145	118	134
ENSG00000142856.17	43	77	81	97	106	111
ENSG00000142864.15	1615	1271	1406	1217	1089	1376
ENSG00000142867.14	27	34	56	46	31	38
ENSG00000142871.18	58	48	55	41	39	41
ENSG00000142875.20	176	228	209	120	144	197
ENSG00000142892.15	425	497	469	406	478	603
ENSG00000142910.16	1	5	4	0	0	1
ENSG00000142920.17	8	28	13	27	16	20
ENSG00000142937.12	1508	1366	1549	853	926	977
ENSG00000142945.13	1790	2126	2074	1757	1656	2099
ENSG00000142949.17	2178	3125	2862	2816	2149	2920
ENSG00000142959.5	0	1	0	0	0	2
ENSG00000142961.16	6	12	7	10	14	11
ENSG00000142973.15	5	9	8	3	3	7
ENSG00000143001.5	0	1	0	0	0	2
ENSG00000143006.7	0	0	0	0	0	0
ENSG00000143013.13	11	15	27	9	15	11
ENSG00000143028.9	4	3	12	6	3	2
ENSG00000143032.8	0	0	0	0	0	0
ENSG00000143033.18	253	283	296	302	248	324
ENSG00000143036.17	27	43	33	29	30	39
ENSG00000143061.18	733	973	916	721	603	797
ENSG00000143067.5	55	40	39	26	30	31
ENSG00000143079.15	499	643	621	503	443	550
ENSG00000143093.15	720	871	858	838	664	932
ENSG00000143105.7	0	0	0	0	0	0
ENSG00000143106.13	4419	5051	4840	3466	3650	4606
ENSG00000143107.10	0	0	8	5	1	1
ENSG00000143110.12	0	0	0	0	0	0
ENSG00000143119.14	0	0	0	0	0	0
ENSG00000143125.6	0	0	0	0	0	0
ENSG00000143126.8	5772	8086	7283	7299	5448	7455
ENSG00000143127.13	48	59	47	86	44	88
ENSG00000143147.15	17	17	10	4	7	8
ENSG00000143149.13	1375	1494	1447	1014	1169	1425
ENSG00000143153.14	3111	3413	3295	2130	2440	3051
ENSG00000143155.13	153	209	201	176	163	190
ENSG00000143156.14	57	97	72	95	88	103
ENSG00000143157.12	3115	3746	3694	3088	2513	3188
ENSG00000143158.11	20	39	55	30	40	57
ENSG00000143162.9	43	44	38	23	38	30
ENSG00000143164.16	1113	1321	1200	1108	878	1190
ENSG00000143167.12	2	0	0	0	0	0
ENSG00000143171.13	0	0	0	0	0	0
ENSG00000143178.13	3	11	10	2	4	7
ENSG00000143179.16	143	219	217	120	120	140
ENSG00000143183.18	1150	1364	1216	851	1020	1131
ENSG00000143184.5	2	12	9	14	7	18
ENSG00000143185.4	0	0	0	0	0	0
ENSG00000143190.23	232	357	311	312	226	287
ENSG00000143194.13	0	0	0	0	0	0
ENSG00000143195.13	3	1	1	1	1	0
ENSG00000143196.5	0	0	0	0	0	0
ENSG00000143198.13	122	155	146	87	85	85
ENSG00000143199.18	2	2	3	1	0	6
ENSG00000143207.21	979	1091	1059	983	919	1105
ENSG00000143217.9	173	203	166	184	140	173
ENSG00000143222.12	853	811	798	414	472	563
ENSG00000143224.18	47	60	54	44	36	62
ENSG00000143226.16	0	0	0	0	0	0
ENSG00000143228.13	261	410	359	391	343	429
ENSG00000143248.13	0	0	0	0	0	0
ENSG00000143252.16	296	336	241	133	159	210
ENSG00000143256.5	2272	2224	2397	1320	1348	1543
ENSG00000143257.12	0	0	0	0	0	0
ENSG00000143258.17	179	213	215	196	163	211
ENSG00000143278.5	0	0	0	0	0	0
ENSG00000143294.15	1741	2249	2114	1740	1461	1916
ENSG00000143297.19	0	0	0	0	0	0
ENSG00000143303.12	315	351	353	471	331	393
ENSG00000143314.12	2503	2712	2727	1426	1587	1789
ENSG00000143315.8	62	119	111	76	84	83
ENSG00000143318.13	0	0	0	0	0	0
ENSG00000143319.17	955	1271	1192	863	659	928
ENSG00000143320.9	660	549	610	233	346	399
ENSG00000143321.19	11635	13375	12421	8591	8114	10943
ENSG00000143322.22	779	1104	990	803	621	871
ENSG00000143324.14	334	415	343	308	292	352
ENSG00000143333.7	148	162	156	144	139	144
ENSG00000143337.19	607	791	709	666	601	813
ENSG00000143340.7	0	1	0	0	0	0
ENSG00000143341.12	18390	21710	20916	23390	20087	26094
ENSG00000143344.16	26	37	22	41	22	26
ENSG00000143353.12	117	108	145	106	86	136
ENSG00000143355.16	0	0	0	0	0	0
ENSG00000143363.17	208	213	221	199	175	253
ENSG00000143365.20	18	13	16	22	12	27
ENSG00000143367.17	1035	1086	1097	1057	851	1116
ENSG00000143368.10	2437	2317	2501	1231	1653	1663
ENSG00000143369.15	1	2	6	6	0	5
ENSG00000143373.18	676	1083	1030	987	689	1032
ENSG00000143374.18	1656	1888	1909	1428	1356	1763
ENSG00000143375.15	1444	1637	1562	1435	1122	1544
ENSG00000143376.14	1672	1815	1919	1615	1479	2056
ENSG00000143379.13	3296	3842	3724	3713	2939	3954
ENSG00000143382.16	5	8	6	9	3	10
ENSG00000143384.14	1784	1947	1873	1647	1630	2107
ENSG00000143387.14	179	214	192	281	199	283
ENSG00000143390.18	445	611	507	621	473	611
ENSG00000143393.17	1831	2552	2432	2135	1716	2184
ENSG00000143398.20	644	778	869	802	647	914
ENSG00000143401.15	6097	6673	5998	4355	4167	5542
ENSG00000143409.17	306	370	365	406	293	402
ENSG00000143412.10	78	89	80	72	85	81
ENSG00000143416.21	343	431	454	468	389	521
ENSG00000143418.20	1547	2014	1851	1261	1155	1589
ENSG00000143420.19	8052	8597	8685	3858	3767	4435
ENSG00000143434.17	14	14	20	28	17	20
ENSG00000143436.11	3100	3381	3398	2214	2328	2940
ENSG00000143437.21	1183	1248	1236	1314	1108	1618
ENSG00000143442.23	3620	4725	4255	4544	3762	4866
ENSG00000143443.10	128	145	119	70	91	84
ENSG00000143450.19	25	44	20	24	20	20
ENSG00000143452.16	0	0	0	0	0	0
ENSG00000143457.11	710	765	675	528	539	700
ENSG00000143458.12	478	552	501	476	375	527
ENSG00000143469.21	0	0	0	0	2	1
ENSG00000143473.14	1	3	2	0	2	0
ENSG00000143476.18	716	746	828	566	585	712
ENSG00000143479.18	30	28	23	20	19	18
ENSG00000143486.16	700	902	865	795	669	902
ENSG00000143493.13	308	311	344	313	277	386
ENSG00000143494.16	6	10	2	15	8	14
ENSG00000143498.18	279	288	297	334	310	374
ENSG00000143499.14	322	304	390	358	315	383
ENSG00000143502.16	24	23	25	22	12	24
ENSG00000143507.18	9	4	1	3	0	7
ENSG00000143512.13	30	34	13	24	27	40
ENSG00000143514.18	597	792	655	656	531	750
ENSG00000143515.20	743	1160	1035	968	701	982
ENSG00000143520.6	0	0	0	0	0	0
ENSG00000143536.7	0	0	0	0	0	0
ENSG00000143537.14	979	1253	1099	817	667	896
ENSG00000143543.15	1314	1417	1469	928	857	1264
ENSG00000143545.10	0	0	0	0	0	0
ENSG00000143546.10	10	6	4	5	1	2
ENSG00000143549.22	3394	3213	3611	2483	2275	2701
ENSG00000143552.9	121	182	168	148	131	185
ENSG00000143553.11	94	149	145	78	68	91
ENSG00000143554.14	113	139	144	115	107	128
ENSG00000143556.9	0	0	0	0	0	0
ENSG00000143569.19	4820	5073	5260	4215	3837	4644
ENSG00000143570.19	526	605	663	376	407	472
ENSG00000143575.16	2058	1993	1869	1675	1601	2290
ENSG00000143578.16	638	633	691	603	489	678
ENSG00000143590.14	0	0	3	0	4	1
ENSG00000143595.13	0	2	0	0	0	0
ENSG00000143603.19	0	0	0	0	0	0
ENSG00000143612.21	243	342	328	212	199	324
ENSG00000143614.11	213	233	220	209	196	232
ENSG00000143621.17	8300	9363	8500	4860	4931	6368
ENSG00000143622.12	212	258	251	211	186	276
ENSG00000143624.14	1873	1997	1817	1790	1477	2007
ENSG00000143627.19	0	1	0	1	1	3
ENSG00000143630.10	14	10	15	29	11	25
ENSG00000143631.11	0	0	0	0	0	0
ENSG00000143632.15	0	6	3	2	0	2
ENSG00000143633.13	1035	1225	1061	949	850	1074
ENSG00000143641.10	1056	1280	1301	984	928	1191
ENSG00000143643.13	636	685	685	769	628	864
ENSG00000143653.10	627	648	741	564	592	734
ENSG00000143669.16	227	293	258	337	289	349
ENSG00000143674.11	271	373	363	386	287	344
ENSG00000143702.16	118	93	109	138	125	153
ENSG00000143727.16	660	857	863	481	477	583
ENSG00000143740.15	257	319	343	266	227	275
ENSG00000143742.14	19	26	26	20	9	24
ENSG00000143748.18	1092	1338	1258	1412	1079	1426
ENSG00000143751.10	770	913	846	602	551	676
ENSG00000143753.13	279	345	314	166	193	249
ENSG00000143756.12	227	247	221	177	167	222
ENSG00000143761.17	3468	3516	3609	1623	1847	1911
ENSG00000143768.13	0	0	0	0	0	0
ENSG00000143771.12	130	153	156	83	101	90
ENSG00000143772.11	251	332	361	317	234	266
ENSG00000143774.17	1750	2407	2264	1653	1303	1727
ENSG00000143776.20	1576	1904	1804	1902	1489	1948
ENSG00000143786.8	0	0	0	0	0	0
ENSG00000143793.13	1204	1329	1261	1120	920	1234
ENSG00000143797.12	122	155	137	167	135	163
ENSG00000143799.14	5210	5684	5479	3518	3807	4687
ENSG00000143801.18	1	0	0	2	0	1
ENSG00000143811.20	112	134	148	114	89	124
ENSG00000143815.15	1090	1279	1174	996	1047	1264
ENSG00000143816.8	20	29	35	40	22	35
ENSG00000143819.13	414	518	530	289	263	327
ENSG00000143839.15	4	2	2	1	2	3
ENSG00000143842.15	255	376	350	342	229	345
ENSG00000143845.15	66	71	77	67	51	79
ENSG00000143847.16	109	133	126	213	167	229
ENSG00000143850.16	1470	2037	1748	1946	1437	1965
ENSG00000143851.16	0	0	1	0	0	0
ENSG00000143858.12	0	0	0	0	0	0
ENSG00000143862.8	594	874	815	428	414	555
ENSG00000143867.7	0	0	0	0	0	0
ENSG00000143869.7	0	0	0	0	0	0
ENSG00000143870.13	8115	8571	8470	5581	6436	7872
ENSG00000143878.10	558	640	576	495	421	552
ENSG00000143882.12	34	27	18	27	21	26
ENSG00000143889.16	507	534	550	533	461	682
ENSG00000143891.17	105	105	115	80	66	94
ENSG00000143919.15	136	190	168	109	114	163
ENSG00000143921.9	0	0	0	0	0	0
ENSG00000143924.19	1790	2123	1950	1911	1623	2177
ENSG00000143933.20	8461	7669	8004	6078	6532	7664
ENSG00000143942.5	296	281	229	173	180	221
ENSG00000143947.15	5185	3357	4392	2446	2734	2741
ENSG00000143951.16	83	129	129	114	101	109
ENSG00000143952.20	354	462	444	514	397	538
ENSG00000143954.13	0	0	0	0	0	0
ENSG00000143970.18	2057	2461	2126	1774	1442	1910
ENSG00000143971.9	243	247	226	326	273	282
ENSG00000143977.14	1189	707	816	338	344	300
ENSG00000143994.14	5	1	1	5	2	7
ENSG00000143995.20	19	10	31	13	19	12
ENSG00000144010.11	0	0	0	0	0	0
ENSG00000144015.5	0	0	0	0	0	0
ENSG00000144021.3	3321	3304	3355	2726	2534	3057
ENSG00000144026.14	1	0	2	1	6	1
ENSG00000144028.15	22752	24999	24167	21186	18622	23884
ENSG00000144029.14	3258	3732	3358	2807	2562	3256
ENSG00000144031.12	0	0	0	0	0	0
ENSG00000144034.16	238	217	197	118	137	175
ENSG00000144035.4	0	0	0	0	0	0
ENSG00000144036.16	460	539	479	428	307	492
ENSG00000144040.13	24	40	49	59	40	51
ENSG00000144043.13	24	20	34	12	22	25
ENSG00000144045.14	8	6	15	10	13	16
ENSG00000144048.11	64	102	85	93	63	81
ENSG00000144057.16	0	0	0	0	0	0
ENSG00000144061.14	13	28	21	22	17	25
ENSG00000144063.4	0	0	0	0	0	0
ENSG00000144115.18	224	319	268	268	221	310
ENSG00000144118.14	729	640	682	495	469	551
ENSG00000144119.4	1	0	0	0	0	0
ENSG00000144120.13	34	47	64	24	39	37
ENSG00000144130.12	1	0	0	0	0	0
ENSG00000144134.19	2	2	4	1	2	2
ENSG00000144136.11	2433	3026	2728	2922	2416	3328
ENSG00000144152.13	1	0	0	1	3	0
ENSG00000144161.14	605	638	596	790	675	885
ENSG00000144182.17	68	65	56	37	45	60
ENSG00000144191.12	0	0	0	0	0	1
ENSG00000144199.12	0	0	2	0	0	0
ENSG00000144214.10	11	12	10	17	13	20
ENSG00000144218.21	346	464	419	377	284	350
ENSG00000144224.17	3574	3950	3401	3880	3051	4396
ENSG00000144227.5	0	0	0	0	1	0
ENSG00000144228.9	430	477	436	415	392	496
ENSG00000144229.13	0	0	0	0	0	0
ENSG00000144230.17	0	0	0	0	0	0
ENSG00000144231.11	322	399	399	196	217	264
ENSG00000144233.12	183	253	254	182	142	170
ENSG00000144278.15	2	0	4	4	3	3
ENSG00000144283.23	1507	2248	1970	2064	1591	2123
ENSG00000144285.23	0	0	0	0	0	0
ENSG00000144290.17	91	81	84	92	67	96
ENSG00000144306.15	980	927	951	787	704	935
ENSG00000144320.14	570	762	707	633	521	725
ENSG00000144331.20	1	0	3	0	1	0
ENSG00000144339.12	0	0	0	0	0	0
ENSG00000144354.15	851	1058	936	799	628	881
ENSG00000144355.15	87	107	112	109	82	89
ENSG00000144357.18	3290	3840	3865	3773	3200	4210
ENSG00000144362.12	164	156	146	247	216	302
ENSG00000144366.17	13	19	19	19	17	24
ENSG00000144369.14	225	336	294	279	256	305
ENSG00000144381.18	20252	16211	17587	12760	13457	15873
ENSG00000144395.18	163	200	183	273	216	251
ENSG00000144401.14	114	149	135	107	103	120
ENSG00000144406.19	0	0	0	1	0	1
ENSG00000144407.10	0	0	0	0	0	0
ENSG00000144410.5	0	0	1	0	1	0
ENSG00000144426.19	872	1043	978	1289	1101	1400
ENSG00000144445.17	25	42	41	50	38	43
ENSG00000144451.20	0	1	0	0	0	0
ENSG00000144452.15	149	175	149	157	118	174
ENSG00000144455.14	313	367	386	263	255	355
ENSG00000144460.13	0	1	0	0	0	1
ENSG00000144468.17	34	53	65	35	30	59
ENSG00000144476.6	44	47	61	29	19	29
ENSG00000144481.17	0	0	1	0	3	0
ENSG00000144485.11	26	29	43	23	21	28
ENSG00000144488.15	0	0	1	0	0	0
ENSG00000144504.16	122	140	151	248	137	227
ENSG00000144524.18	77	99	86	89	57	92
ENSG00000144535.20	256	373	382	352	297	367
ENSG00000144550.14	0	0	0	0	1	0
ENSG00000144554.13	5277	6356	6077	6158	5172	7053
ENSG00000144559.11	274	290	313	294	274	344
ENSG00000144560.16	143	144	179	115	105	126
ENSG00000144566.11	369	468	469	250	216	317
ENSG00000144567.11	788	1204	1068	779	632	938
ENSG00000144579.8	221	309	300	158	164	194
ENSG00000144580.14	133	133	169	142	131	185
ENSG00000144583.5	0	0	0	0	0	0
ENSG00000144589.22	454	487	489	416	331	463
ENSG00000144591.20	128	153	168	147	118	152
ENSG00000144596.13	0	2	0	0	0	0
ENSG00000144597.14	544	626	571	546	466	614
ENSG00000144619.15	0	0	0	0	0	0
ENSG00000144635.9	857	903	894	724	796	1090
ENSG00000144642.22	0	0	0	0	0	0
ENSG00000144644.15	0	0	0	0	0	0
ENSG00000144645.16	1136	1315	1125	885	849	1041
ENSG00000144647.7	40	42	51	52	29	39
ENSG00000144648.16	0	0	1	2	1	0
ENSG00000144649.10	8	13	5	1	4	1
ENSG00000144655.15	260	304	321	251	230	261
ENSG00000144659.13	213	231	244	142	141	244
ENSG00000144668.12	3	0	0	1	1	2
ENSG00000144671.11	0	0	0	3	0	1
ENSG00000144674.18	7802	9027	7548	7036	5563	7440
ENSG00000144677.15	70	90	71	55	46	60
ENSG00000144681.11	0	0	0	0	0	0
ENSG00000144711.16	767	1140	995	977	616	867
ENSG00000144712.13	2	0	0	0	0	4
ENSG00000144713.13	859	872	1091	633	628	671
ENSG00000144724.20	223	293	235	238	211	286
ENSG00000144730.19	8	14	19	12	9	12
ENSG00000144736.14	681	631	672	564	523	709
ENSG00000144741.19	63	59	62	40	39	40
ENSG00000144744.17	425	542	466	405	430	603
ENSG00000144746.7	768	743	761	527	628	713
ENSG00000144747.17	1349	1521	1353	1454	1225	1648
ENSG00000144749.14	323	405	404	378	281	406
ENSG00000144771.8	0	0	0	0	0	0
ENSG00000144785.8	21	19	26	25	17	18
ENSG00000144791.10	120	174	193	188	131	233
ENSG00000144792.9	0	1	0	0	0	0
ENSG00000144802.11	208	313	291	308	257	297
ENSG00000144810.16	0	0	0	0	1	0
ENSG00000144815.18	101	110	124	87	105	139
ENSG00000144820.8	0	0	0	0	0	0
ENSG00000144821.11	3	1	5	2	1	3
ENSG00000144824.21	0	2	2	5	2	3
ENSG00000144827.9	355	421	330	296	285	330
ENSG00000144834.14	0	1	0	0	0	4
ENSG00000144837.9	0	0	0	0	0	0
ENSG00000144840.10	691	655	674	339	377	427
ENSG00000144843.12	29	20	23	16	21	20
ENSG00000144847.13	0	0	0	1	0	0
ENSG00000144848.11	3018	3176	2905	2376	2122	2932
ENSG00000144852.20	0	1	0	0	1	0
ENSG00000144857.15	10	8	11	15	11	10
ENSG00000144867.13	708	766	739	421	510	577
ENSG00000144868.14	0	0	0	0	0	0
ENSG00000144891.19	0	0	0	0	0	0
ENSG00000144893.13	984	1334	1235	1296	924	1232
ENSG00000144895.12	863	1024	960	777	768	982
ENSG00000144908.14	0	1	1	0	0	1
ENSG00000144909.8	996	1047	1076	820	732	949
ENSG00000144935.17	326	290	285	500	392	482
ENSG00000144959.11	221	186	219	152	158	202
ENSG00000144962.7	0	0	0	0	0	0
ENSG00000145002.13	0	4	0	1	2	0
ENSG00000145012.14	194	270	246	166	151	251
ENSG00000145014.18	177	217	215	380	261	357
ENSG00000145016.16	1031	1389	1298	1073	821	1159
ENSG00000145020.16	0	1	0	1	2	0
ENSG00000145022.5	18	29	32	12	18	19
ENSG00000145029.14	0	0	0	0	0	0
ENSG00000145040.4	0	0	0	0	0	0
ENSG00000145041.16	1792	2197	2062	1943	1618	2145
ENSG00000145050.19	977	1071	1099	495	600	688
ENSG00000145087.13	5	5	6	7	3	9
ENSG00000145088.9	26	25	22	19	17	15
ENSG00000145103.15	219	277	211	158	157	200
ENSG00000145107.16	0	0	0	0	0	0
ENSG00000145113.22	0	0	0	0	0	0
ENSG00000145147.20	0	1	2	0	1	2
ENSG00000145191.15	1891	2387	2346	1955	1739	2385
ENSG00000145192.13	0	0	0	0	0	0
ENSG00000145194.19	0	0	0	0	0	0
ENSG00000145198.15	8	5	17	14	8	13
ENSG00000145214.14	92	162	140	146	101	107
ENSG00000145216.17	1354	1594	1396	1073	997	1357
ENSG00000145217.14	7	8	12	16	4	14
ENSG00000145220.14	2263	2579	2124	1828	1659	2208
ENSG00000145241.11	681	668	568	630	567	711
ENSG00000145242.14	0	0	0	0	1	0
ENSG00000145244.12	1	4	1	0	0	1
ENSG00000145246.14	0	3	1	0	2	4
ENSG00000145247.12	225	244	291	124	170	185
ENSG00000145248.7	0	0	0	2	0	0
ENSG00000145283.8	0	1	0	2	0	0
ENSG00000145284.12	31	62	59	20	26	35
ENSG00000145287.11	5	8	5	2	0	9
ENSG00000145293.17	1283	1521	1520	971	1006	1156
ENSG00000145309.6	0	0	0	0	1	0
ENSG00000145321.13	1	0	0	0	0	0
ENSG00000145331.14	234	294	276	251	219	286
ENSG00000145332.14	686	912	805	615	552	748
ENSG00000145335.17	0	0	0	0	0	0
ENSG00000145337.5	253	317	298	192	230	280
ENSG00000145348.17	520	548	603	653	601	735
ENSG00000145349.20	349	394	328	302	314	385
ENSG00000145354.12	247	218	278	95	116	161
ENSG00000145358.6	0	0	0	3	1	4
ENSG00000145362.21	0	0	0	2	0	0
ENSG00000145365.12	369	343	347	187	232	272
ENSG00000145375.9	421	425	495	439	419	500
ENSG00000145384.4	0	0	0	0	0	0
ENSG00000145386.11	368	413	399	307	381	456
ENSG00000145388.15	684	703	742	708	627	790
ENSG00000145390.12	451	436	431	446	354	516
ENSG00000145391.14	1880	2182	2133	1526	1384	1754
ENSG00000145414.9	165	212	187	223	250	314
ENSG00000145416.14	2	4	3	3	2	3
ENSG00000145423.5	0	0	0	0	0	0
ENSG00000145425.10	822	589	749	378	431	380
ENSG00000145428.15	0	0	0	0	0	0
ENSG00000145431.11	1	3	0	2	1	0
ENSG00000145439.12	239	243	263	295	284	356
ENSG00000145451.13	2	2	0	1	0	2
ENSG00000145476.16	74	58	71	53	42	47
ENSG00000145491.12	4	1	3	0	2	3
ENSG00000145494.12	2648	2490	2545	1350	1807	1741
ENSG00000145495.16	4240	4290	4556	5490	4592	6155
ENSG00000145506.14	8	17	12	12	5	12
ENSG00000145526.12	0	1	0	1	0	6
ENSG00000145536.15	7	1	1	0	0	5
ENSG00000145545.12	156	178	226	144	156	175
ENSG00000145555.15	264	305	328	267	163	301
ENSG00000145569.6	94	124	146	73	87	109
ENSG00000145592.14	2366	2521	2619	1100	1290	1320
ENSG00000145604.17	228	365	336	255	194	251
ENSG00000145623.13	205	259	204	277	221	262
ENSG00000145626.12	0	0	0	0	0	0
ENSG00000145632.15	901	1105	1065	936	831	1004
ENSG00000145642.12	0	0	0	0	0	0
ENSG00000145649.8	2	2	0	0	1	0
ENSG00000145675.16	1090	1174	1248	1254	952	1314
ENSG00000145681.11	0	1	0	0	0	0
ENSG00000145685.14	31	35	38	42	33	31
ENSG00000145687.17	111	95	119	112	91	111
ENSG00000145692.15	0	0	0	0	0	0
ENSG00000145700.10	74	76	73	116	76	96
ENSG00000145703.17	3	3	5	0	2	7
ENSG00000145708.11	0	0	0	0	0	0
ENSG00000145715.15	524	663	644	682	618	802
ENSG00000145721.12	0	0	0	0	0	0
ENSG00000145723.17	209	192	182	214	199	282
ENSG00000145725.21	1112	1212	1187	1464	1036	1399
ENSG00000145730.21	783	871	768	599	620	808
ENSG00000145734.20	1144	1085	1124	1050	767	1020
ENSG00000145736.15	2	6	3	6	5	15
ENSG00000145740.20	465	548	558	526	497	583
ENSG00000145741.17	2533	2484	2458	1163	1340	1409
ENSG00000145743.18	191	193	222	165	182	201
ENSG00000145757.16	0	3	0	0	0	3
ENSG00000145777.15	0	0	0	0	0	0
ENSG00000145779.8	37	41	32	27	19	24
ENSG00000145780.8	243	267	247	216	199	296
ENSG00000145781.9	220	293	251	170	184	227
ENSG00000145782.13	597	801	729	236	282	245
ENSG00000145794.17	0	0	0	0	3	1
ENSG00000145808.10	1367	1591	1566	1534	1178	1597
ENSG00000145817.17	386	371	436	281	362	422
ENSG00000145819.18	119	161	176	149	133	188
ENSG00000145824.13	0	0	0	0	0	0
ENSG00000145826.9	0	0	0	0	0	0
ENSG00000145832.16	1	0	0	0	0	0
ENSG00000145833.16	10854	11905	11061	9148	8607	11663
ENSG00000145839.2	0	0	0	0	0	0
ENSG00000145850.9	0	0	0	0	0	0
ENSG00000145860.12	70	75	77	68	76	89
ENSG00000145861.9	0	0	0	0	0	1
ENSG00000145863.11	0	0	0	0	0	0
ENSG00000145864.14	0	0	0	0	0	0
ENSG00000145868.17	970	1008	1079	1138	989	1268
ENSG00000145879.11	0	0	0	0	0	0
ENSG00000145882.11	193	249	269	195	230	242
ENSG00000145888.11	0	0	0	0	0	0
ENSG00000145901.16	1513	1856	1659	1274	1012	1418
ENSG00000145907.16	2153	2120	2275	1650	1755	2236
ENSG00000145908.13	1	0	0	0	0	0
ENSG00000145911.6	887	1367	1173	1134	768	1149
ENSG00000145912.10	998	1015	1163	489	555	589
ENSG00000145916.19	1031	1285	1286	1109	869	1134
ENSG00000145919.11	483	618	571	399	340	476
ENSG00000145920.15	20	24	24	14	7	15
ENSG00000145934.17	0	1	2	0	0	1
ENSG00000145936.9	0	0	0	0	0	0
ENSG00000145945.7	170	179	182	119	132	149
ENSG00000145949.12	28	25	53	43	33	54
ENSG00000145975.15	0	0	0	0	0	0
ENSG00000145979.18	321	410	413	268	251	337
ENSG00000145982.13	215	257	249	164	145	244
ENSG00000145990.11	111	178	177	147	123	141
ENSG00000145996.11	398	420	395	330	295	426
ENSG00000146005.4	0	0	0	4	0	2
ENSG00000146006.8	0	0	0	0	0	0
ENSG00000146007.11	4558	5005	4539	3134	2921	3956
ENSG00000146013.11	8	3	8	0	5	3
ENSG00000146021.15	5	2	0	0	3	4
ENSG00000146038.12	1271	1471	1403	940	870	1140
ENSG00000146039.11	0	0	0	0	0	0
ENSG00000146047.7	0	0	0	0	0	0
ENSG00000146054.18	82	79	71	55	64	69
ENSG00000146063.20	901	1239	1063	1111	925	1255
ENSG00000146066.3	85	86	88	43	63	44
ENSG00000146067.17	806	1148	1110	1468	992	1458
ENSG00000146070.17	0	0	0	0	0	0
ENSG00000146072.6	112	168	130	87	89	116
ENSG00000146083.12	132	198	184	193	142	201
ENSG00000146085.8	444	471	434	357	370	460
ENSG00000146090.16	0	0	0	0	0	1
ENSG00000146094.16	50	68	83	76	60	76
ENSG00000146109.5	1069	1284	1185	589	571	716
ENSG00000146112.12	2	1	2	5	1	4
ENSG00000146122.17	20	14	10	4	2	4
ENSG00000146143.19	443	488	505	286	361	400
ENSG00000146147.15	0	0	0	0	0	0
ENSG00000146151.14	1	1	1	0	3	0
ENSG00000146166.17	0	0	0	0	0	0
ENSG00000146192.15	1	0	0	0	0	0
ENSG00000146197.9	8	18	7	6	2	11
ENSG00000146205.15	8	8	6	2	1	2
ENSG00000146215.14	0	0	0	0	0	0
ENSG00000146216.14	24	33	20	27	17	33
ENSG00000146221.10	1	0	3	1	0	0
ENSG00000146223.16	1600	1622	1667	988	1044	1288
ENSG00000146232.17	98	104	102	82	69	76
ENSG00000146233.8	0	0	0	0	1	0
ENSG00000146242.9	363	438	402	316	319	416
ENSG00000146243.14	12	8	14	20	12	26
ENSG00000146247.15	3033	3461	3278	3426	2754	3825
ENSG00000146250.7	0	0	2	3	1	0
ENSG00000146263.12	477	705	631	763	659	953
ENSG00000146267.12	154	173	179	158	99	146
ENSG00000146276.12	0	0	0	0	0	0
ENSG00000146278.11	32	36	39	35	38	53
ENSG00000146281.6	217	232	264	223	259	354
ENSG00000146282.19	482	597	564	611	556	710
ENSG00000146285.14	0	0	0	0	0	1
ENSG00000146350.14	41	67	72	85	74	118
ENSG00000146352.13	0	0	0	0	0	0
ENSG00000146360.9	0	0	0	0	0	0
ENSG00000146373.17	1	0	1	1	0	0
ENSG00000146374.14	0	0	0	0	0	0
ENSG00000146376.11	59	95	86	55	73	108
ENSG00000146378.6	0	0	0	0	0	0
ENSG00000146383.7	0	0	0	0	0	0
ENSG00000146385.2	0	0	0	0	0	0
ENSG00000146386.8	411	412	496	261	269	324
ENSG00000146399.3	0	0	0	0	0	0
ENSG00000146409.12	17	10	13	25	13	24
ENSG00000146410.12	48	64	64	111	68	89
ENSG00000146411.6	9	16	9	12	6	14
ENSG00000146414.17	685	716	691	835	741	946
ENSG00000146416.19	110	151	115	92	106	124
ENSG00000146425.11	416	364	401	154	215	178
ENSG00000146426.19	6	6	10	10	1	3
ENSG00000146433.10	410	450	485	681	537	694
ENSG00000146453.13	0	2	0	3	1	2
ENSG00000146457.16	450	555	482	551	466	633
ENSG00000146463.12	1233	1326	1317	1420	1100	1439
ENSG00000146469.13	0	0	0	0	0	0
ENSG00000146476.11	4076	3920	3773	2719	2765	3689
ENSG00000146477.6	0	0	0	0	0	1
ENSG00000146530.15	79	65	60	84	62	84
ENSG00000146535.14	198	339	330	218	153	254
ENSG00000146540.15	5163	5427	5057	3313	3248	4384
ENSG00000146555.20	44	61	66	40	31	35
ENSG00000146574.16	17	8	13	19	15	20
ENSG00000146576.13	497	643	568	480	327	490
ENSG00000146587.18	390	481	485	574	480	559
ENSG00000146592.17	0	0	0	0	1	0
ENSG00000146618.3	0	0	0	0	0	0
ENSG00000146648.21	95	109	81	104	65	87
ENSG00000146670.10	259	408	355	293	240	372
ENSG00000146674.16	11	4	9	5	7	8
ENSG00000146676.10	349	404	427	226	206	291
ENSG00000146678.10	0	0	0	0	0	0
ENSG00000146700.9	3	3	8	7	2	5
ENSG00000146701.12	4841	4787	4540	3098	3102	4007
ENSG00000146707.15	0	1	0	2	2	0
ENSG00000146729.10	125	143	162	112	111	154
ENSG00000146731.11	4652	5143	4970	3590	3829	4657
ENSG00000146733.14	289	294	318	271	224	331
ENSG00000146755.11	0	1	0	2	1	0
ENSG00000146757.14	68	56	55	72	62	73
ENSG00000146776.15	269	329	252	297	251	368
ENSG00000146802.13	298	336	278	348	311	459
ENSG00000146809.14	0	0	0	0	0	0
ENSG00000146826.17	234	322	327	329	273	317
ENSG00000146828.18	437	612	614	575	440	592
ENSG00000146830.11	2242	2960	2831	3164	1979	2978
ENSG00000146833.16	558	672	670	614	544	739
ENSG00000146834.15	604	920	734	644	544	733
ENSG00000146839.19	0	0	0	1	0	2
ENSG00000146842.17	760	844	761	558	517	757
ENSG00000146856.14	3	7	12	10	5	7
ENSG00000146857.5	1	0	0	4	4	2
ENSG00000146858.8	0	0	0	0	0	0
ENSG00000146859.6	0	0	0	0	0	0
ENSG00000146872.19	1339	1331	1277	1444	958	1266
ENSG00000146904.9	417	532	469	443	306	418
ENSG00000146909.8	2087	2459	2291	2134	1776	2409
ENSG00000146910.14	0	0	0	0	0	0
ENSG00000146918.20	7337	8622	8122	8439	7556	9884
ENSG00000146926.11	0	0	0	0	0	0
ENSG00000146938.16	0	0	0	0	0	0
ENSG00000146950.13	246	369	283	259	167	264
ENSG00000146955.11	118	120	122	64	81	102
ENSG00000146963.18	37	42	35	50	41	55
ENSG00000146966.13	0	2	0	0	0	0
ENSG00000147003.7	0	0	1	0	0	3
ENSG00000147010.19	342	448	348	309	280	360
ENSG00000147027.4	1	0	0	0	0	1
ENSG00000147036.12	0	0	1	0	0	0
ENSG00000147041.12	2198	2466	2446	2258	1898	2469
ENSG00000147044.23	683	770	757	578	519	670
ENSG00000147050.17	215	272	290	307	211	311
ENSG00000147059.9	0	0	1	0	0	0
ENSG00000147065.18	4	7	16	6	8	14
ENSG00000147081.15	0	0	0	1	0	0
ENSG00000147082.18	13	11	8	15	11	10
ENSG00000147099.21	31	24	24	21	18	19
ENSG00000147100.11	93	133	114	101	62	104
ENSG00000147113.17	0	0	0	0	0	0
ENSG00000147117.8	2	8	12	10	8	14
ENSG00000147118.12	51	92	93	109	68	96
ENSG00000147119.4	17	9	13	11	9	7
ENSG00000147121.16	86	88	60	123	87	106
ENSG00000147123.12	424	462	479	189	214	241
ENSG00000147124.13	228	281	256	334	249	293
ENSG00000147127.8	0	0	0	0	0	0
ENSG00000147130.14	1026	1419	1350	1151	950	1348
ENSG00000147133.17	3951	4266	4040	4583	3438	4490
ENSG00000147138.3	0	0	0	0	0	0
ENSG00000147140.17	8875	9608	9189	7118	6480	8175
ENSG00000147144.13	52	127	96	99	72	92
ENSG00000147145.14	0	0	0	0	0	0
ENSG00000147155.11	208	221	223	121	107	130
ENSG00000147160.9	0	0	0	0	0	0
ENSG00000147162.15	3097	4240	3962	5556	4244	6067
ENSG00000147164.12	432	473	495	253	276	341
ENSG00000147166.11	5	19	5	22	17	13
ENSG00000147168.14	0	0	0	0	0	0
ENSG00000147174.12	24	38	26	54	30	21
ENSG00000147180.17	254	242	264	269	186	271
ENSG00000147183.10	0	0	0	0	0	0
ENSG00000147202.19	150	199	174	150	140	181
ENSG00000147206.17	1	0	0	0	0	0
ENSG00000147223.6	0	0	1	0	0	0
ENSG00000147224.13	899	652	730	339	417	443
ENSG00000147231.14	2	1	4	6	1	1
ENSG00000147234.11	17	27	19	26	20	17
ENSG00000147246.10	0	2	2	0	0	2
ENSG00000147251.16	115	141	155	110	145	169
ENSG00000147255.19	10	11	6	2	10	9
ENSG00000147256.12	2	0	0	0	2	1
ENSG00000147257.16	3	0	2	0	4	2
ENSG00000147262.5	0	0	0	0	0	0
ENSG00000147274.14	3445	2310	2744	3148	2935	3497
ENSG00000147316.15	308	391	360	307	245	386
ENSG00000147324.11	218	400	307	318	216	273
ENSG00000147364.17	101	99	75	66	69	103
ENSG00000147378.11	0	0	0	0	0	0
ENSG00000147381.12	0	0	0	0	0	0
ENSG00000147383.11	1374	1365	1451	929	869	1098
ENSG00000147394.20	615	729	709	590	478	681
ENSG00000147400.10	1496	1457	1473	649	884	962
ENSG00000147403.18	374	231	316	200	210	224
ENSG00000147408.16	113	164	141	134	88	144
ENSG00000147416.11	355	398	399	273	281	337
ENSG00000147419.19	539	614	550	458	453	504
ENSG00000147421.18	596	713	635	839	602	827
ENSG00000147432.7	0	0	0	0	0	0
ENSG00000147434.9	1	0	0	0	0	0
ENSG00000147437.10	3	4	3	2	3	6
ENSG00000147439.14	217	207	229	184	153	186
ENSG00000147443.13	0	0	3	0	0	0
ENSG00000147454.14	85	100	140	128	97	124
ENSG00000147457.14	477	528	558	434	404	527
ENSG00000147459.18	1911	2365	2221	2934	2286	3125
ENSG00000147465.12	0	2	0	1	3	1
ENSG00000147471.12	310	372	343	274	229	337
ENSG00000147475.17	1080	1207	1176	787	649	860
ENSG00000147481.17	0	0	0	0	0	0
ENSG00000147485.13	0	0	0	0	0	0
ENSG00000147488.13	0	0	0	0	1	0
ENSG00000147509.14	3	1	2	0	0	5
ENSG00000147526.20	731	946	916	961	747	980
ENSG00000147533.19	90	114	125	52	73	65
ENSG00000147535.17	40	64	53	38	48	33
ENSG00000147536.12	247	289	287	187	187	224
ENSG00000147548.17	1183	1351	1324	1532	1211	1412
ENSG00000147570.10	0	0	0	1	0	0
ENSG00000147571.5	0	0	0	0	0	0
ENSG00000147573.17	2	0	0	0	0	0
ENSG00000147576.17	5	8	10	17	3	14
ENSG00000147586.10	310	356	276	193	196	210
ENSG00000147588.7	0	0	0	0	0	0
ENSG00000147592.9	247	320	270	252	221	325
ENSG00000147596.4	0	1	0	0	0	0
ENSG00000147601.15	86	73	68	90	67	73
ENSG00000147604.14	924	784	843	420	439	437
ENSG00000147606.9	0	0	2	0	1	2
ENSG00000147613.8	0	0	0	0	0	0
ENSG00000147614.4	0	1	0	0	0	1
ENSG00000147642.17	5	6	5	4	5	1
ENSG00000147647.13	0	0	0	1	0	0
ENSG00000147649.10	4043	5230	4601	3664	3300	4647
ENSG00000147650.12	113	104	112	90	82	102
ENSG00000147654.16	886	1103	959	760	673	820
ENSG00000147655.12	0	0	0	0	0	0
ENSG00000147669.11	251	244	223	118	120	185
ENSG00000147676.14	272	276	315	167	174	198
ENSG00000147677.12	2629	2835	2834	1631	1649	2008
ENSG00000147679.12	105	146	115	101	105	123
ENSG00000147684.10	3031	3843	3639	1994	2299	2690
ENSG00000147687.19	2603	2290	2396	2023	1842	2351
ENSG00000147689.17	21	35	38	16	21	26
ENSG00000147697.9	0	0	0	0	0	0
ENSG00000147724.12	0	0	0	0	0	1
ENSG00000147789.16	631	752	788	780	696	796
ENSG00000147799.12	226	411	342	298	216	332
ENSG00000147804.10	124	160	145	93	78	105
ENSG00000147813.16	62	60	61	82	59	70
ENSG00000147852.17	92	104	115	99	93	133
ENSG00000147853.17	39	63	66	38	27	56
ENSG00000147854.17	596	708	736	863	684	928
ENSG00000147862.18	148	194	189	155	147	158
ENSG00000147869.5	0	0	0	0	0	0
ENSG00000147872.10	65	58	81	45	44	64
ENSG00000147873.6	0	0	0	0	0	0
ENSG00000147874.11	124	113	102	139	105	154
ENSG00000147883.12	4	5	9	5	7	2
ENSG00000147885.4	0	0	0	0	0	0
ENSG00000147889.18	0	2	3	6	0	2
ENSG00000147894.17	8	7	3	6	6	4
ENSG00000147896.4	0	0	0	0	0	0
ENSG00000147905.18	560	573	494	521	416	616
ENSG00000147912.13	117	194	151	168	131	181
ENSG00000147955.18	151	165	185	75	60	89
ENSG00000147996.17	18	7	24	33	28	32
ENSG00000148019.14	924	1028	1013	1201	1011	1189
ENSG00000148053.18	1	0	0	0	1	0
ENSG00000148057.16	70	77	95	69	57	69
ENSG00000148082.10	7	10	17	8	6	16
ENSG00000148090.12	112	111	95	83	69	93
ENSG00000148110.17	241	359	303	250	205	302
ENSG00000148120.18	901	1062	979	1105	830	1148
ENSG00000148123.15	0	0	0	0	0	0
ENSG00000148136.5	0	0	0	0	0	0
ENSG00000148143.13	3154	4429	3898	3553	2609	3555
ENSG00000148153.14	14	29	17	12	15	13
ENSG00000148154.10	295	330	340	249	233	316
ENSG00000148156.8	1	4	0	0	0	0
ENSG00000148158.17	322	361	307	318	255	310
ENSG00000148175.13	701	722	725	366	475	556
ENSG00000148180.22	402	432	405	300	284	313
ENSG00000148187.18	158	142	163	144	127	146
ENSG00000148200.17	20	45	30	46	26	44
ENSG00000148204.12	1	0	1	0	0	0
ENSG00000148215.4	0	0	0	0	0	0
ENSG00000148218.16	317	375	341	344	290	306
ENSG00000148219.18	182	286	262	197	151	240
ENSG00000148225.16	58	70	51	61	52	72
ENSG00000148229.13	4111	4461	4185	3108	2699	3463
ENSG00000148248.14	1152	1343	1390	821	784	1083
ENSG00000148288.13	0	0	0	0	0	0
ENSG00000148290.10	354	431	399	254	222	299
ENSG00000148291.10	830	912	969	663	592	747
ENSG00000148296.7	815	955	856	664	605	760
ENSG00000148297.16	105	111	107	93	50	100
ENSG00000148300.12	928	1087	1020	808	734	923
ENSG00000148303.17	5218	5635	5803	4055	4000	4455
ENSG00000148308.18	1762	2023	2012	1807	1422	1924
ENSG00000148331.12	204	273	243	189	159	249
ENSG00000148334.16	1632	1868	1674	1762	1273	1641
ENSG00000148335.15	993	1074	948	582	592	832
ENSG00000148337.22	3968	5405	4706	4362	3255	4503
ENSG00000148339.13	862	994	1019	1165	879	1056
ENSG00000148341.18	570	572	603	946	602	771
ENSG00000148343.19	287	366	326	441	326	389
ENSG00000148344.11	1	1	2	1	5	1
ENSG00000148346.12	0	0	0	0	0	0
ENSG00000148356.15	1129	1450	1368	1404	961	1250
ENSG00000148357.18	1	0	5	5	2	2
ENSG00000148358.20	636	764	849	678	617	733
ENSG00000148362.11	329	480	379	409	346	427
ENSG00000148377.6	0	0	0	1	0	2
ENSG00000148384.14	118	146	128	183	130	204
ENSG00000148386.10	0	0	0	0	0	0
ENSG00000148396.19	4103	5567	4975	4330	3524	4509
ENSG00000148399.13	367	570	476	562	354	484
ENSG00000148400.13	282	426	382	364	230	319
ENSG00000148408.14	2	3	4	1	3	0
ENSG00000148411.8	127	163	190	163	92	172
ENSG00000148426.13	85	135	114	85	67	90
ENSG00000148429.15	389	581	499	410	315	470
ENSG00000148444.16	80	84	74	39	48	93
ENSG00000148450.13	114	125	146	58	70	79
ENSG00000148459.16	483	504	510	465	448	568
ENSG00000148468.17	10	13	13	14	5	13
ENSG00000148481.14	476	477	460	407	343	422
ENSG00000148482.12	0	0	0	0	0	0
ENSG00000148483.9	0	0	0	0	1	7
ENSG00000148484.18	171	153	204	99	104	110
ENSG00000148488.17	74	91	85	59	57	95
ENSG00000148498.17	2681	3202	2968	2503	2132	2861
ENSG00000148513.20	0	0	0	0	0	0
ENSG00000148516.23	35	29	25	19	18	22
ENSG00000148541.13	0	0	0	0	1	0
ENSG00000148572.16	17	22	20	19	13	11
ENSG00000148584.15	0	0	0	0	0	0
ENSG00000148600.15	0	0	0	0	0	0
ENSG00000148602.6	1	0	0	1	0	0
ENSG00000148604.15	0	0	0	0	0	0
ENSG00000148606.15	1029	1298	1099	892	759	1010
ENSG00000148634.16	1520	1737	1676	1867	1657	2320
ENSG00000148655.15	4	9	4	7	6	7
ENSG00000148660.22	531	718	723	671	526	730
ENSG00000148671.14	45	62	60	18	36	17
ENSG00000148672.10	1315	1383	1365	994	1059	1340
ENSG00000148677.7	7	6	11	15	7	7
ENSG00000148680.16	0	1	0	0	0	2
ENSG00000148688.14	52	73	85	42	46	48
ENSG00000148690.12	385	378	408	609	489	591
ENSG00000148700.15	259	255	299	282	233	338
ENSG00000148702.15	3	3	1	2	0	3
ENSG00000148704.13	0	0	0	0	0	0
ENSG00000148719.16	429	472	433	356	348	401
ENSG00000148730.7	268	337	309	169	114	210
ENSG00000148734.8	0	0	0	0	0	0
ENSG00000148735.16	13	13	15	13	13	13
ENSG00000148737.18	485	613	616	465	395	499
ENSG00000148773.14	24540	31925	27006	19534	15182	20020
ENSG00000148795.7	0	0	0	0	0	0
ENSG00000148798.11	0	0	1	0	0	0
ENSG00000148803.12	8	11	20	12	11	12
ENSG00000148814.18	65	84	61	67	48	76
ENSG00000148824.19	845	862	938	1249	878	1095
ENSG00000148826.9	0	0	0	0	0	0
ENSG00000148832.16	18	33	32	37	18	31
ENSG00000148834.13	227	278	267	122	147	175
ENSG00000148835.12	236	267	243	289	250	338
ENSG00000148840.11	2851	3637	3439	3545	2605	3446
ENSG00000148841.17	37	30	47	18	24	29
ENSG00000148842.18	134	183	158	157	144	184
ENSG00000148843.15	6047	7212	6661	5953	4860	6409
ENSG00000148848.15	0	0	0	0	1	0
ENSG00000148908.15	522	686	519	376	370	515
ENSG00000148925.11	569	546	621	356	414	532
ENSG00000148926.10	14	17	13	13	9	12
ENSG00000148935.12	0	0	0	0	0	0
ENSG00000148942.15	9	12	17	9	4	16
ENSG00000148943.12	469	507	464	302	370	441
ENSG00000148948.8	0	0	0	0	0	0
ENSG00000148950.11	55	64	51	38	33	50
ENSG00000148965.10	0	0	0	0	0	0
ENSG00000148985.20	148	155	151	130	107	142
ENSG00000149016.16	466	497	458	441	389	567
ENSG00000149021.7	0	0	0	0	0	0
ENSG00000149043.17	2	0	0	2	0	1
ENSG00000149050.10	0	0	0	0	0	0
ENSG00000149054.16	0	0	0	0	0	0
ENSG00000149084.13	400	419	458	239	239	295
ENSG00000149089.13	242	266	274	166	173	201
ENSG00000149090.13	0	0	1	0	3	0
ENSG00000149091.15	259	296	316	385	268	323
ENSG00000149100.13	2216	2237	2259	1478	1633	1914
ENSG00000149115.14	2926	3519	3406	3201	2692	3732
ENSG00000149124.11	0	0	0	0	0	0
ENSG00000149131.17	1	0	2	0	0	1
ENSG00000149133.1	0	0	0	0	0	0
ENSG00000149136.9	7794	8572	7757	5477	5309	6751
ENSG00000149150.9	5	11	11	8	6	10
ENSG00000149177.15	422	514	445	462	342	467
ENSG00000149179.14	50	75	62	36	34	29
ENSG00000149182.15	1663	1869	1846	1525	1338	1885
ENSG00000149187.19	960	1080	1135	1121	933	1304
ENSG00000149196.17	234	196	226	82	107	123
ENSG00000149201.10	52	49	42	66	48	51
ENSG00000149212.12	50	65	46	43	37	42
ENSG00000149218.5	170	176	197	109	132	137
ENSG00000149231.16	32	24	35	40	40	52
ENSG00000149243.17	37	32	38	42	27	33
ENSG00000149256.16	10	22	17	19	23	16
ENSG00000149257.16	2653	3157	3037	1587	1638	2026
ENSG00000149260.18	95	111	80	61	43	75
ENSG00000149262.19	613	599	631	651	515	645
ENSG00000149269.10	69	72	81	96	77	122
ENSG00000149273.15	17266	19806	20615	11310	14301	15194
ENSG00000149289.11	44	39	55	32	25	56
ENSG00000149292.17	191	238	267	254	233	329
ENSG00000149294.17	0	2	3	4	1	2
ENSG00000149295.14	4	10	5	4	0	5
ENSG00000149300.10	21	20	25	23	21	19
ENSG00000149305.8	0	0	0	2	0	0
ENSG00000149308.17	83	100	69	93	118	158
ENSG00000149311.20	1349	1636	1513	2135	1661	2267
ENSG00000149313.11	321	296	335	275	270	365
ENSG00000149328.15	117	116	127	107	102	155
ENSG00000149346.15	183	197	251	205	150	191
ENSG00000149357.10	560	764	766	392	394	524
ENSG00000149380.12	0	1	2	0	1	1
ENSG00000149403.13	0	0	0	0	0	0
ENSG00000149418.11	1112	1624	1483	1022	906	1238
ENSG00000149428.21	6704	8015	7453	5282	4947	6440
ENSG00000149435.12	0	0	0	0	0	0
ENSG00000149451.19	0	0	1	0	0	1
ENSG00000149452.16	0	0	0	0	0	0
ENSG00000149474.15	849	992	976	911	774	976
ENSG00000149476.16	684	787	772	574	415	590
ENSG00000149480.7	2169	2558	2576	1530	1516	1886
ENSG00000149483.13	28	46	55	29	25	29
ENSG00000149485.19	474	517	561	375	313	451
ENSG00000149488.14	0	1	0	0	0	0
ENSG00000149489.9	22	22	20	20	21	31
ENSG00000149499.12	1035	1300	1262	1155	934	1294
ENSG00000149503.13	6550	7990	6999	5634	4448	5909
ENSG00000149506.12	0	0	0	0	0	0
ENSG00000149507.7	0	0	0	0	0	0
ENSG00000149516.14	0	0	0	0	0	0
ENSG00000149527.18	5	5	3	6	3	1
ENSG00000149532.16	1135	1380	1363	1554	1141	1676
ENSG00000149534.9	0	0	0	0	0	0
ENSG00000149541.10	203	289	250	227	190	244
ENSG00000149547.15	1377	1578	1390	870	758	962
ENSG00000149548.15	187	210	212	209	180	268
ENSG00000149554.14	724	711	807	608	561	741
ENSG00000149557.14	91	100	110	81	72	101
ENSG00000149564.12	22	37	33	16	21	21
ENSG00000149571.12	0	0	0	0	0	0
ENSG00000149573.9	253	275	237	184	191	225
ENSG00000149575.9	0	0	0	1	0	0
ENSG00000149577.16	109	161	120	102	78	127
ENSG00000149582.16	14	13	18	9	9	9
ENSG00000149591.17	33	37	37	39	37	41
ENSG00000149596.7	5	18	3	9	4	14
ENSG00000149599.16	0	1	3	0	0	0
ENSG00000149600.12	33	39	22	13	12	25
ENSG00000149609.6	0	0	0	0	0	2
ENSG00000149633.12	0	0	0	0	1	0
ENSG00000149634.5	14	33	22	38	16	18
ENSG00000149635.3	0	0	0	0	0	0
ENSG00000149636.16	214	265	264	243	176	263
ENSG00000149639.15	4017	5770	5271	4511	3339	4633
ENSG00000149646.12	9	8	16	10	13	14
ENSG00000149651.4	0	0	0	0	0	0
ENSG00000149654.11	3	0	0	0	2	0
ENSG00000149657.20	894	1089	1021	888	756	1037
ENSG00000149658.18	1276	1544	1609	1332	1224	1529
ENSG00000149679.12	623	721	716	693	546	618
ENSG00000149716.13	271	274	252	260	240	308
ENSG00000149735.7	0	0	0	0	0	0
ENSG00000149742.10	0	0	0	0	0	0
ENSG00000149743.14	196	231	204	164	112	145
ENSG00000149761.9	84	88	86	42	56	65
ENSG00000149781.14	16	18	13	12	15	20
ENSG00000149782.13	1144	1524	1355	1120	962	1260
ENSG00000149792.9	324	384	411	249	274	283
ENSG00000149798.5	63	112	109	63	56	73
ENSG00000149806.11	7388	6467	6657	3723	3875	4333
ENSG00000149809.17	234	286	292	218	236	258
ENSG00000149823.9	614	739	706	698	506	705
ENSG00000149922.12	7	17	16	22	13	13
ENSG00000149923.14	3485	3322	3332	1602	1684	2092
ENSG00000149925.22	15414	17310	17192	10309	10266	12388
ENSG00000149926.14	3	2	4	7	4	2
ENSG00000149927.18	44	60	68	104	66	101
ENSG00000149929.16	1408	1539	1324	856	830	1171
ENSG00000149930.18	2306	3045	2799	2806	2089	2867
ENSG00000149932.17	89	96	90	70	83	115
ENSG00000149948.14	0	0	0	1	0	0
ENSG00000149968.12	0	0	0	0	0	0
ENSG00000149970.16	0	0	0	0	0	1
ENSG00000149972.12	3	9	0	3	0	4
ENSG00000150045.12	0	0	0	0	0	0
ENSG00000150048.10	0	0	0	0	0	0
ENSG00000150051.14	0	0	3	1	0	0
ENSG00000150054.19	527	555	542	447	368	510
ENSG00000150093.20	4289	4066	4190	3209	3373	4397
ENSG00000150201.15	0	0	0	0	0	0
ENSG00000150244.12	0	0	0	0	0	0
ENSG00000150261.5	0	0	0	0	0	0
ENSG00000150269.1	0	0	0	0	0	0
ENSG00000150275.20	0	0	0	0	0	0
ENSG00000150281.7	2	5	0	1	2	5
ENSG00000150316.12	1367	1477	1445	1077	1136	1401
ENSG00000150337.14	0	0	0	0	0	0
ENSG00000150347.17	451	618	527	419	338	468
ENSG00000150361.12	1	0	0	0	1	1
ENSG00000150394.14	0	0	0	0	0	1
ENSG00000150401.15	346	360	383	472	266	395
ENSG00000150403.18	1027	1217	1172	1043	903	1175
ENSG00000150433.10	12	3	1	2	3	16
ENSG00000150455.15	12	30	27	23	27	29
ENSG00000150456.11	156	190	205	151	145	180
ENSG00000150457.9	705	930	946	776	526	710
ENSG00000150459.13	3132	3436	3292	2435	2249	3197
ENSG00000150471.17	0	0	0	0	0	0
ENSG00000150477.15	82	96	111	142	116	118
ENSG00000150510.17	1	6	5	3	2	0
ENSG00000150527.18	660	594	609	659	549	711
ENSG00000150540.14	122	129	121	91	80	133
ENSG00000150551.11	2	0	0	0	0	4
ENSG00000150556.17	20	12	23	14	16	17
ENSG00000150593.18	5499	5077	5268	4056	4422	5621
ENSG00000150594.7	5	3	0	1	1	0
ENSG00000150625.17	0	0	1	0	0	0
ENSG00000150627.16	154	165	148	236	153	225
ENSG00000150628.7	0	0	0	0	0	0
ENSG00000150630.4	20	22	15	13	5	22
ENSG00000150636.17	0	1	0	0	0	0
ENSG00000150637.9	0	0	0	0	0	0
ENSG00000150656.15	0	0	0	1	1	2
ENSG00000150667.8	18	10	17	10	12	24
ENSG00000150672.19	11	26	8	12	9	11
ENSG00000150676.13	152	157	143	132	140	168
ENSG00000150681.10	0	0	0	0	0	0
ENSG00000150687.12	10359	11769	11559	5677	5608	7238
ENSG00000150712.11	636	837	762	783	602	819
ENSG00000150722.11	10	4	5	6	3	2
ENSG00000150750.9	0	0	0	0	0	0
ENSG00000150753.12	15594	15824	16360	10674	11816	14891
ENSG00000150756.14	412	474	401	418	391	458
ENSG00000150760.13	4293	5110	4868	4508	3544	4385
ENSG00000150764.14	40	30	49	38	32	44
ENSG00000150768.17	1300	1407	1357	1030	1001	1407
ENSG00000150773.12	0	8	1	2	4	6
ENSG00000150776.18	103	143	135	113	114	134
ENSG00000150779.12	226	201	222	74	93	109
ENSG00000150782.12	5	0	1	1	0	1
ENSG00000150783.10	0	0	0	4	0	2
ENSG00000150787.8	179	170	197	80	79	100
ENSG00000150867.14	443	611	641	488	406	556
ENSG00000150873.12	1	2	1	1	2	3
ENSG00000150893.11	6053	7401	6873	5930	5437	7635
ENSG00000150907.10	35	36	38	29	27	35
ENSG00000150938.10	48	57	61	45	56	50
ENSG00000150961.15	691	829	734	553	571	692
ENSG00000150967.19	266	343	279	384	249	346
ENSG00000150977.11	172	179	192	173	148	137
ENSG00000150990.9	1629	2198	1991	1703	1424	1775
ENSG00000150991.16	2215	2588	2614	1606	1623	1842
ENSG00000150995.21	174	173	209	179	157	206
ENSG00000151005.5	0	0	0	0	0	1
ENSG00000151006.8	15	18	16	13	21	24
ENSG00000151012.13	113	153	160	125	115	154
ENSG00000151014.6	61	78	65	53	42	54
ENSG00000151023.17	0	0	1	0	0	0
ENSG00000151025.11	19	18	18	13	3	14
ENSG00000151033.10	1	3	3	2	1	3
ENSG00000151062.15	0	0	0	1	1	2
ENSG00000151065.14	76	113	111	92	93	105
ENSG00000151067.23	0	6	0	4	2	0
ENSG00000151079.8	0	0	1	0	0	0
ENSG00000151090.20	91	114	122	125	78	105
ENSG00000151092.18	994	1052	1034	1245	1032	1330
ENSG00000151093.8	584	615	672	470	455	497
ENSG00000151116.17	372	429	386	296	299	328
ENSG00000151117.9	13	5	7	2	4	4
ENSG00000151131.11	185	186	206	109	125	160
ENSG00000151135.10	358	321	393	200	252	245
ENSG00000151136.15	50	44	38	44	34	37
ENSG00000151148.14	980	1286	1285	1263	958	1433
ENSG00000151150.22	725	867	782	807	626	933
ENSG00000151151.6	107	97	108	84	66	75
ENSG00000151164.19	26	21	16	26	20	19
ENSG00000151176.8	567	621	618	453	389	520
ENSG00000151208.17	709	807	775	945	745	894
ENSG00000151224.13	4	6	8	10	9	4
ENSG00000151229.13	38	49	29	52	34	60
ENSG00000151233.11	77	130	84	96	95	83
ENSG00000151239.14	171	194	205	176	155	200
ENSG00000151240.17	907	1172	1151	1143	794	1050
ENSG00000151247.13	145	173	145	135	151	161
ENSG00000151276.24	840	1047	907	1003	737	920
ENSG00000151287.17	88	108	98	58	73	93
ENSG00000151292.19	208	265	263	255	243	328
ENSG00000151304.6	737	747	639	746	616	884
ENSG00000151320.11	18	19	20	14	19	14
ENSG00000151322.20	7	3	2	7	9	2
ENSG00000151327.14	3582	3867	3305	2627	2401	3184
ENSG00000151332.20	314	345	300	282	260	333
ENSG00000151338.21	90	94	74	83	74	125
ENSG00000151348.16	426	607	678	453	442	546
ENSG00000151353.15	1583	1640	1439	1123	1231	1634
ENSG00000151360.10	0	0	0	0	1	0
ENSG00000151364.17	5	1	0	1	0	0
ENSG00000151365.2	0	0	0	1	0	0
ENSG00000151366.13	36	82	53	50	83	77
ENSG00000151376.18	8	9	9	3	7	6
ENSG00000151379.4	0	0	0	0	0	0
ENSG00000151388.11	3	0	1	5	0	0
ENSG00000151413.17	138	137	151	97	93	112
ENSG00000151414.15	138	154	157	142	131	189
ENSG00000151418.12	0	0	0	0	0	0
ENSG00000151422.14	359	364	385	305	293	372
ENSG00000151445.16	947	1166	1040	799	750	925
ENSG00000151458.12	1067	1163	1114	1052	973	1319
ENSG00000151461.20	3245	3642	3169	3345	2743	3874
ENSG00000151465.14	742	750	791	460	524	691
ENSG00000151466.12	204	272	249	312	191	268
ENSG00000151468.11	1	0	1	0	0	0
ENSG00000151470.13	31	36	30	29	29	58
ENSG00000151474.23	140	229	158	214	160	217
ENSG00000151475.6	0	0	0	0	1	0
ENSG00000151490.15	0	0	0	0	1	0
ENSG00000151491.14	1087	1260	1244	1058	885	1183
ENSG00000151498.12	134	193	178	245	168	212
ENSG00000151500.15	96	145	153	59	63	85
ENSG00000151502.11	957	1083	999	908	644	923
ENSG00000151503.14	2082	2584	2463	2824	2113	2871
ENSG00000151532.15	321	339	349	346	272	346
ENSG00000151552.12	1096	1095	1111	480	600	580
ENSG00000151553.15	352	357	348	377	304	421
ENSG00000151572.18	0	0	0	0	0	0
ENSG00000151575.15	38	33	32	37	39	60
ENSG00000151576.10	1063	947	1025	851	805	937
ENSG00000151577.14	0	0	0	0	0	0
ENSG00000151611.17	32	49	50	31	40	51
ENSG00000151612.18	87	111	103	99	96	90
ENSG00000151615.3	0	0	0	0	0	0
ENSG00000151617.17	11	10	17	10	10	13
ENSG00000151623.15	0	0	0	0	0	1
ENSG00000151632.18	26	28	22	17	20	10
ENSG00000151640.13	32	35	27	30	33	38
ENSG00000151650.8	0	0	0	0	0	0
ENSG00000151651.16	34	72	62	69	37	59
ENSG00000151655.19	1	6	0	3	5	0
ENSG00000151657.12	555	562	583	738	626	825
ENSG00000151665.13	38	44	43	40	37	35
ENSG00000151687.15	18	31	23	32	36	40
ENSG00000151689.13	25	17	27	14	5	33
ENSG00000151690.15	151	221	184	183	128	194
ENSG00000151692.15	16	11	16	17	9	7
ENSG00000151693.11	1346	1570	1565	1722	1354	1812
ENSG00000151694.15	1059	1154	1193	1162	1002	1137
ENSG00000151702.18	0	0	0	0	0	0
ENSG00000151704.16	0	0	0	0	0	0
ENSG00000151715.8	166	179	178	80	83	102
ENSG00000151718.16	690	873	811	788	663	781
ENSG00000151725.12	507	643	654	671	662	842
ENSG00000151726.16	639	733	780	593	542	768
ENSG00000151729.11	593	674	698	324	398	567
ENSG00000151743.11	13	13	18	20	26	27
ENSG00000151746.15	647	748	762	859	608	900
ENSG00000151748.15	60	79	93	63	64	74
ENSG00000151773.13	58	65	71	74	37	47
ENSG00000151778.11	0	0	0	0	0	0
ENSG00000151779.14	1081	1390	1238	1148	959	1356
ENSG00000151789.13	0	0	0	0	0	0
ENSG00000151790.9	0	0	0	0	0	0
ENSG00000151806.14	190	228	226	317	240	335
ENSG00000151812.15	0	0	0	0	0	0
ENSG00000151834.16	0	0	0	0	0	0
ENSG00000151835.17	1155	1514	1350	1551	1296	1700
ENSG00000151838.12	0	2	4	1	0	2
ENSG00000151846.9	22	23	22	14	9	14
ENSG00000151849.16	1902	2251	1967	2621	2110	2705
ENSG00000151876.13	195	213	191	165	142	208
ENSG00000151881.15	118	110	106	100	82	111
ENSG00000151882.11	1	5	0	2	0	2
ENSG00000151883.19	111	116	131	109	122	151
ENSG00000151892.16	680	881	877	580	549	633
ENSG00000151893.15	207	294	227	235	221	214
ENSG00000151914.22	7298	9071	7966	9536	7240	9497
ENSG00000151917.18	43	26	22	43	31	24
ENSG00000151923.18	1449	1632	1684	1720	1524	2020
ENSG00000151929.10	1167	1492	1451	955	996	1180
ENSG00000151948.12	0	0	0	0	0	0
ENSG00000151952.16	0	1	0	0	1	0
ENSG00000151962.8	0	0	1	0	0	0
ENSG00000151967.18	0	0	0	0	0	0
ENSG00000152034.11	6	3	3	1	0	0
ENSG00000152049.7	0	0	0	0	0	0
ENSG00000152056.18	135	186	149	124	120	157
ENSG00000152061.24	585	671	676	711	501	743
ENSG00000152076.19	0	3	4	1	1	3
ENSG00000152078.10	3	0	6	3	5	5
ENSG00000152082.15	815	808	838	323	328	378
ENSG00000152086.9	0	1	0	0	0	0
ENSG00000152092.16	0	0	0	0	0	0
ENSG00000152093.8	0	0	0	0	0	0
ENSG00000152102.18	6	13	10	8	6	4
ENSG00000152104.12	549	693	558	520	460	607
ENSG00000152127.9	385	576	487	402	337	432
ENSG00000152128.13	1	1	3	1	1	0
ENSG00000152133.17	314	368	299	307	252	304
ENSG00000152137.8	506	538	539	264	340	387
ENSG00000152147.11	518	614	582	316	339	406
ENSG00000152154.11	0	0	0	0	2	0
ENSG00000152192.8	0	0	0	0	0	1
ENSG00000152193.8	203	208	211	150	160	228
ENSG00000152207.8	0	0	0	0	0	0
ENSG00000152208.13	2	0	0	0	0	0
ENSG00000152213.4	0	0	2	0	0	0
ENSG00000152214.14	0	0	0	0	0	0
ENSG00000152217.20	63	66	78	64	34	67
ENSG00000152219.5	108	114	131	120	132	166
ENSG00000152223.16	421	535	478	440	413	608
ENSG00000152229.18	108	147	106	94	92	125
ENSG00000152234.16	12281	11337	11841	7291	8139	9869
ENSG00000152240.13	205	207	231	152	134	235
ENSG00000152242.11	365	412	409	351	337	400
ENSG00000152253.9	265	258	236	244	247	264
ENSG00000152254.11	0	0	0	0	0	0
ENSG00000152256.14	166	162	191	155	138	140
ENSG00000152266.7	0	0	0	0	0	0
ENSG00000152270.9	728	866	770	785	627	910
ENSG00000152284.5	107	180	145	149	90	140
ENSG00000152291.15	754	1010	925	871	659	874
ENSG00000152292.18	0	1	0	0	0	0
ENSG00000152315.5	3	4	2	3	1	4
ENSG00000152332.16	1260	1369	1261	1420	1272	1732
ENSG00000152348.16	117	130	113	99	98	113
ENSG00000152359.15	302	412	347	406	370	390
ENSG00000152377.14	0	0	0	0	1	0
ENSG00000152380.10	11	15	13	16	4	18
ENSG00000152382.6	173	168	151	129	134	157
ENSG00000152402.11	0	0	0	0	0	0
ENSG00000152404.16	407	472	450	370	346	408
ENSG00000152409.9	807	889	905	790	615	798
ENSG00000152413.15	184	248	227	220	144	256
ENSG00000152422.16	273	266	251	195	224	320
ENSG00000152430.19	0	0	0	0	0	0
ENSG00000152433.15	5	8	13	14	8	7
ENSG00000152439.13	2	3	6	6	4	6
ENSG00000152443.13	41	55	59	52	51	58
ENSG00000152454.4	49	56	52	49	45	40
ENSG00000152455.16	525	513	547	546	468	582
ENSG00000152457.19	512	550	556	626	469	646
ENSG00000152463.15	0	0	0	0	0	0
ENSG00000152464.15	123	184	217	151	136	177
ENSG00000152465.18	240	346	328	263	249	373
ENSG00000152467.10	0	0	0	0	0	0
ENSG00000152475.7	21	19	10	10	15	13
ENSG00000152484.14	99	109	103	92	67	99
ENSG00000152492.15	588	745	734	853	664	949
ENSG00000152495.11	0	0	0	0	0	0
ENSG00000152503.10	565	647	576	680	506	677
ENSG00000152518.8	407	721	660	501	356	493
ENSG00000152520.14	697	847	819	1052	861	1049
ENSG00000152527.14	174	216	189	281	219	317
ENSG00000152556.17	2733	2814	2904	2605	2357	3028
ENSG00000152558.15	219	198	249	180	200	271
ENSG00000152578.14	0	0	0	0	0	0
ENSG00000152580.9	3	11	9	6	1	10
ENSG00000152582.14	38	49	40	64	64	80
ENSG00000152583.13	6	4	2	4	5	7
ENSG00000152591.15	0	0	0	0	0	0
ENSG00000152592.15	0	0	0	0	0	0
ENSG00000152595.17	0	0	0	1	0	0
ENSG00000152601.18	118	160	156	118	120	142
ENSG00000152611.12	1	0	0	0	0	0
ENSG00000152620.13	956	1067	1086	890	889	1161
ENSG00000152642.11	974	1139	1219	862	798	1043
ENSG00000152661.9	0	0	0	0	1	0
ENSG00000152669.9	6	13	17	14	10	5
ENSG00000152670.19	2	1	2	1	3	3
ENSG00000152672.8	0	0	0	0	0	0
ENSG00000152683.14	158	201	177	143	169	226
ENSG00000152684.11	738	893	959	519	574	614
ENSG00000152689.18	1	0	0	0	0	2
ENSG00000152700.14	1896	1962	1998	1526	1657	2099
ENSG00000152705.8	46	42	43	42	34	46
ENSG00000152749.8	59	53	53	73	63	65
ENSG00000152760.10	0	0	0	0	0	0
ENSG00000152763.17	12	10	16	12	11	10
ENSG00000152766.6	2	3	2	0	0	2
ENSG00000152767.17	637	962	883	801	558	811
ENSG00000152778.10	72	124	107	91	125	115
ENSG00000152779.14	0	0	0	0	0	0
ENSG00000152782.18	255	279	266	243	209	306
ENSG00000152784.16	2	0	1	2	1	1
ENSG00000152785.8	0	0	0	0	0	0
ENSG00000152795.18	3423	3486	3663	3713	3210	4225
ENSG00000152804.11	39	63	46	35	43	34
ENSG00000152818.20	423	564	453	508	418	498
ENSG00000152822.14	1	0	0	0	1	0
ENSG00000152894.15	120	95	102	96	99	117
ENSG00000152904.11	39	60	57	66	48	73
ENSG00000152910.19	0	0	0	0	0	0
ENSG00000152926.16	87	79	100	114	104	110
ENSG00000152932.8	0	0	0	0	0	0
ENSG00000152936.11	0	1	0	0	0	0
ENSG00000152939.17	131	144	149	126	122	116
ENSG00000152942.19	80	75	83	82	76	94
ENSG00000152944.9	68	79	68	72	60	102
ENSG00000152952.13	777	730	672	599	588	770
ENSG00000152953.13	0	0	0	0	0	0
ENSG00000152954.12	2	0	0	0	0	0
ENSG00000152969.21	2	4	1	5	1	6
ENSG00000152977.10	5	11	8	15	6	7
ENSG00000152990.14	775	959	849	1159	884	1171
ENSG00000153002.12	0	0	0	0	0	0
ENSG00000153006.16	116	123	106	113	109	144
ENSG00000153012.12	0	5	2	0	0	1
ENSG00000153015.17	1559	1656	1578	1186	1241	1545
ENSG00000153029.16	109	128	151	118	71	106
ENSG00000153037.15	319	360	321	298	236	325
ENSG00000153044.10	244	345	284	272	234	299
ENSG00000153046.18	2270	2790	2734	2023	1602	2220
ENSG00000153048.11	128	161	181	96	107	158
ENSG00000153060.8	2	6	8	5	4	6
ENSG00000153064.12	156	189	153	238	176	254
ENSG00000153066.13	515	650	667	546	373	549
ENSG00000153071.15	2	5	14	12	6	10
ENSG00000153086.14	0	0	0	0	0	0
ENSG00000153093.20	3	11	13	9	8	5
ENSG00000153094.24	31	40	43	35	19	29
ENSG00000153107.13	601	664	652	820	786	1066
ENSG00000153113.24	1373	1639	1574	1253	1214	1506
ENSG00000153130.18	61	78	66	51	64	62
ENSG00000153132.13	70	56	75	48	55	73
ENSG00000153140.9	1092	847	998	795	817	979
ENSG00000153147.6	6304	7105	6656	5545	5188	6736
ENSG00000153157.13	0	1	2	3	0	0
ENSG00000153162.9	7	6	1	4	3	3
ENSG00000153165.19	2	1	0	0	1	1
ENSG00000153179.13	129	217	174	100	121	152
ENSG00000153187.21	20040	20532	20125	17711	18435	24030
ENSG00000153201.17	6863	7544	6900	7044	6330	8547
ENSG00000153207.16	654	734	759	788	686	907
ENSG00000153208.18	340	416	408	537	455	573
ENSG00000153214.11	1240	1350	1260	1277	1143	1484
ENSG00000153230.4	0	0	0	0	0	0
ENSG00000153233.13	0	0	0	0	0	0
ENSG00000153234.16	20	18	25	16	25	22
ENSG00000153237.18	12	20	15	13	26	22
ENSG00000153246.13	80	105	93	118	108	144
ENSG00000153250.21	594	635	594	532	400	509
ENSG00000153253.20	0	0	0	0	0	0
ENSG00000153266.13	0	1	1	0	1	0
ENSG00000153283.13	0	0	0	0	0	0
ENSG00000153291.16	1	1	2	13	4	2
ENSG00000153292.16	0	0	0	0	0	0
ENSG00000153294.12	7	11	9	9	3	9
ENSG00000153303.18	0	0	0	0	0	0
ENSG00000153310.22	343	418	403	324	301	388
ENSG00000153317.15	2734	3126	2864	3083	2245	3008
ENSG00000153339.15	588	671	656	783	616	821
ENSG00000153347.10	0	0	0	0	0	0
ENSG00000153391.16	14	24	27	13	14	20
ENSG00000153395.10	748	982	981	675	618	776
ENSG00000153404.15	21	47	31	34	16	29
ENSG00000153406.14	328	264	332	238	206	196
ENSG00000153443.13	16	55	27	36	23	28
ENSG00000153446.16	1	0	0	0	0	0
ENSG00000153485.6	31	29	37	26	28	49
ENSG00000153487.13	103	127	136	132	103	115
ENSG00000153495.11	1	1	1	0	0	0
ENSG00000153498.12	0	0	0	0	0	0
ENSG00000153531.15	145	148	139	140	106	181
ENSG00000153551.14	0	1	1	2	3	4
ENSG00000153558.16	18	21	16	19	30	27
ENSG00000153560.12	1082	1539	1191	1021	827	1059
ENSG00000153561.13	116	145	148	121	114	145
ENSG00000153563.17	1	2	1	3	1	3
ENSG00000153574.9	356	442	418	234	251	352
ENSG00000153684.16	0	0	0	0	0	0
ENSG00000153707.19	0	0	0	0	0	0
ENSG00000153714.6	7	15	16	14	11	11
ENSG00000153721.19	3	3	2	4	2	8
ENSG00000153767.10	928	1009	995	781	737	995
ENSG00000153774.9	2447	2543	2384	1745	1683	2019
ENSG00000153779.11	0	0	0	0	0	0
ENSG00000153786.13	727	733	710	793	561	706
ENSG00000153789.13	0	0	0	0	0	0
ENSG00000153790.12	0	0	0	0	0	0
ENSG00000153802.12	0	0	0	0	0	0
ENSG00000153814.13	9	7	4	5	2	7
ENSG00000153815.18	369	464	480	361	229	329
ENSG00000153820.13	0	0	1	0	1	0
ENSG00000153822.15	0	0	0	0	0	0
ENSG00000153823.19	0	0	0	0	0	1
ENSG00000153827.15	3804	4404	4292	3636	3265	4251
ENSG00000153832.12	6	8	3	1	6	5
ENSG00000153879.9	271	323	264	195	221	273
ENSG00000153885.15	75	135	154	116	59	119
ENSG00000153896.19	9	15	8	19	9	16
ENSG00000153898.13	55	33	48	53	37	62
ENSG00000153902.14	0	0	0	2	0	0
ENSG00000153904.21	86	89	116	86	66	110
ENSG00000153914.16	3709	4317	3933	4611	3756	4926
ENSG00000153922.12	4535	5446	4891	5291	4209	6053
ENSG00000153930.13	0	0	1	0	0	0
ENSG00000153933.10	775	870	852	1089	847	1131
ENSG00000153936.18	28	28	55	16	11	21
ENSG00000153944.12	1874	1907	2050	1997	1759	2374
ENSG00000153956.17	1	1	1	0	0	0
ENSG00000153975.10	425	453	400	500	422	567
ENSG00000153976.3	0	1	0	0	0	0
ENSG00000153982.11	28	16	11	24	19	12
ENSG00000153989.8	7	13	18	23	9	11
ENSG00000153993.14	0	0	0	0	0	2
ENSG00000154001.14	2206	1982	1954	1795	1808	2194
ENSG00000154007.7	0	0	0	0	1	0
ENSG00000154016.14	1	1	0	0	0	1
ENSG00000154025.16	0	2	0	1	0	1
ENSG00000154027.19	0	0	0	0	0	0
ENSG00000154040.21	51	62	79	93	61	94
ENSG00000154059.11	365	341	321	370	349	476
ENSG00000154065.17	1	4	1	0	3	2
ENSG00000154079.6	58	50	84	35	47	49
ENSG00000154080.14	0	0	0	0	0	0
ENSG00000154096.14	0	0	0	0	0	0
ENSG00000154099.18	13	3	14	10	4	7
ENSG00000154102.11	22	24	29	14	13	30
ENSG00000154114.13	11	15	8	16	14	21
ENSG00000154118.13	51	122	85	62	66	95
ENSG00000154122.14	318	447	385	282	218	329
ENSG00000154124.6	445	608	570	555	496	750
ENSG00000154127.10	13	14	12	6	16	12
ENSG00000154133.15	0	0	1	0	0	0
ENSG00000154134.15	1	3	5	5	5	7
ENSG00000154143.3	0	0	3	0	1	0
ENSG00000154144.13	147	247	229	313	185	256
ENSG00000154146.13	27	45	18	11	13	9
ENSG00000154153.15	24	38	48	36	25	34
ENSG00000154162.15	0	0	0	0	0	0
ENSG00000154165.5	0	0	0	0	0	0
ENSG00000154174.8	1468	1479	1401	1256	1291	1768
ENSG00000154175.18	0	0	0	0	0	0
ENSG00000154188.10	1	1	0	0	0	0
ENSG00000154217.16	578	658	660	499	467	573
ENSG00000154222.15	319	340	394	346	310	350
ENSG00000154227.14	1	0	1	1	0	3
ENSG00000154229.12	435	489	489	539	435	509
ENSG00000154237.13	26	42	35	39	30	31
ENSG00000154240.17	94	86	71	73	52	84
ENSG00000154252.12	0	0	0	0	0	0
ENSG00000154258.17	0	2	0	0	0	0
ENSG00000154262.13	0	0	0	1	0	0
ENSG00000154263.18	2	2	0	5	2	4
ENSG00000154265.16	1237	1298	1284	2615	2030	2818
ENSG00000154269.15	0	1	0	1	1	3
ENSG00000154274.15	581	688	649	674	565	742
ENSG00000154277.13	22	9	15	7	5	10
ENSG00000154305.18	2144	2384	2165	2424	2010	2826
ENSG00000154309.9	54	53	45	59	34	67
ENSG00000154310.17	95	134	118	95	87	113
ENSG00000154319.16	1	1	0	0	0	3
ENSG00000154328.16	80	116	121	115	81	109
ENSG00000154330.13	4	6	3	6	2	9
ENSG00000154342.6	2	5	6	2	4	4
ENSG00000154358.23	1482	2166	1861	2438	1798	2310
ENSG00000154359.13	334	420	398	446	421	524
ENSG00000154370.16	666	728	753	829	608	743
ENSG00000154380.19	2931	3564	2996	2212	1924	2540
ENSG00000154415.8	0	0	0	0	0	0
ENSG00000154429.11	124	168	157	151	116	132
ENSG00000154438.8	0	0	2	3	2	1
ENSG00000154447.15	180	257	186	197	165	200
ENSG00000154451.15	0	0	0	0	0	0
ENSG00000154473.18	1408	1458	1453	1207	1085	1328
ENSG00000154478.4	0	0	0	0	0	0
ENSG00000154479.13	13	9	8	7	3	8
ENSG00000154485.5	11	17	9	9	5	7
ENSG00000154493.20	0	0	0	0	0	0
ENSG00000154511.12	25	38	42	21	17	27
ENSG00000154518.10	5195	4855	5560	2062	3021	3032
ENSG00000154529.15	0	0	0	0	0	0
ENSG00000154545.17	0	0	0	0	0	0
ENSG00000154548.9	0	0	0	0	0	0
ENSG00000154553.17	0	2	0	0	1	2
ENSG00000154556.20	0	0	2	0	0	0
ENSG00000154582.18	457	510	504	217	206	255
ENSG00000154589.7	1	1	0	0	0	0
ENSG00000154611.15	0	0	0	0	0	0
ENSG00000154620.6	2	1	2	0	0	0
ENSG00000154639.19	15	5	12	4	5	6
ENSG00000154640.15	0	3	1	0	0	0
ENSG00000154642.11	33	39	25	28	40	84
ENSG00000154645.14	0	0	0	0	0	0
ENSG00000154646.9	0	0	0	0	0	0
ENSG00000154654.15	2677	2745	2666	2346	2257	2527
ENSG00000154655.16	0	0	0	0	0	0
ENSG00000154678.18	0	0	0	0	0	0
ENSG00000154710.18	440	513	528	461	405	550
ENSG00000154719.14	448	574	536	431	497	586
ENSG00000154721.15	0	1	0	0	1	3
ENSG00000154723.13	1444	1302	1390	545	692	756
ENSG00000154727.11	156	137	124	109	73	112
ENSG00000154734.16	0	0	0	0	0	0
ENSG00000154736.6	0	0	0	0	0	0
ENSG00000154743.19	882	988	929	1130	878	1217
ENSG00000154760.14	0	0	0	0	0	0
ENSG00000154764.6	0	0	0	0	0	0
ENSG00000154767.15	2894	3246	3030	2870	2530	3065
ENSG00000154781.17	423	473	436	499	373	527
ENSG00000154783.12	7	4	3	5	1	6
ENSG00000154803.13	242	282	294	366	280	336
ENSG00000154813.10	298	357	334	121	133	161
ENSG00000154814.14	487	571	538	438	398	513
ENSG00000154822.18	0	0	0	0	2	0
ENSG00000154832.16	783	819	772	724	585	736
ENSG00000154839.10	7	7	8	17	7	9
ENSG00000154845.16	1105	1291	1285	1150	1013	1237
ENSG00000154856.13	13	15	8	12	7	22
ENSG00000154864.14	1	0	2	1	0	1
ENSG00000154889.17	146	133	112	186	124	163
ENSG00000154914.17	235	304	288	265	218	343
ENSG00000154917.11	98	113	105	68	69	65
ENSG00000154920.15	480	617	628	622	449	557
ENSG00000154928.19	2	0	2	4	8	3
ENSG00000154930.15	18	33	17	20	27	17
ENSG00000154945.7	1113	1378	1237	1104	874	1178
ENSG00000154957.14	189	242	224	225	199	227
ENSG00000154975.14	0	0	0	0	0	0
ENSG00000154978.13	1	0	1	0	1	0
ENSG00000154997.9	0	0	0	1	0	0
ENSG00000155008.16	172	136	191	161	131	145
ENSG00000155011.9	0	0	0	0	0	0
ENSG00000155016.18	24	33	19	26	21	38
ENSG00000155026.17	4	0	0	3	3	6
ENSG00000155034.20	401	620	561	554	380	555
ENSG00000155052.15	0	2	2	0	0	0
ENSG00000155066.16	357	482	469	585	403	546
ENSG00000155085.16	83	82	58	64	60	67
ENSG00000155087.4	0	0	0	0	0	0
ENSG00000155090.15	362	487	472	331	305	408
ENSG00000155093.19	23	45	30	24	19	34
ENSG00000155096.15	1330	1494	1590	1331	1301	1709
ENSG00000155097.12	858	988	922	762	793	954
ENSG00000155099.8	41	42	52	50	50	45
ENSG00000155100.11	2786	2876	2784	2469	2169	2854
ENSG00000155111.15	274	311	284	250	218	271
ENSG00000155115.7	3803	4325	3871	2522	2641	3508
ENSG00000155158.20	26	54	38	53	45	60
ENSG00000155189.12	384	550	542	308	317	328
ENSG00000155229.21	592	740	741	521	486	632
ENSG00000155249.5	0	0	0	0	0	0
ENSG00000155252.14	12	16	17	12	14	17
ENSG00000155254.13	12	14	14	23	8	6
ENSG00000155256.18	374	490	461	522	396	548
ENSG00000155265.11	4	10	5	6	1	3
ENSG00000155269.12	0	0	0	0	1	0
ENSG00000155275.19	270	361	318	342	265	347
ENSG00000155287.12	118	219	178	180	133	183
ENSG00000155304.6	245	322	294	200	231	316
ENSG00000155307.19	0	0	0	2	0	0
ENSG00000155313.16	585	712	658	650	498	669
ENSG00000155324.10	306	357	294	324	271	312
ENSG00000155329.12	23	19	27	16	26	23
ENSG00000155330.10	207	191	203	133	126	172
ENSG00000155363.19	1263	1585	1537	1430	1207	1511
ENSG00000155366.17	1029	952	1040	579	633	688
ENSG00000155367.16	22	6	28	27	17	38
ENSG00000155368.18	2976	3667	3478	1381	1768	2013
ENSG00000155380.13	525	642	599	454	543	705
ENSG00000155393.14	473	476	454	649	493	631
ENSG00000155428.12	1	0	0	0	0	0
ENSG00000155438.12	851	819	759	593	654	652
ENSG00000155463.14	812	949	934	638	662	828
ENSG00000155465.21	0	0	3	1	0	6
ENSG00000155495.9	0	0	1	0	0	0
ENSG00000155506.19	9897	12750	11582	10730	8595	11979
ENSG00000155508.14	1249	1412	1427	1022	937	1191
ENSG00000155511.18	0	0	0	0	0	0
ENSG00000155530.4	2	2	3	9	4	4
ENSG00000155542.12	46	48	37	71	56	74
ENSG00000155545.20	451	507	486	661	491	731
ENSG00000155561.15	9216	11023	10660	10240	8832	12050
ENSG00000155592.16	728	837	901	701	599	706
ENSG00000155621.15	30	40	41	33	25	36
ENSG00000155622.7	0	0	0	0	0	0
ENSG00000155629.15	19	18	15	18	10	8
ENSG00000155636.15	128	177	184	200	187	304
ENSG00000155657.29	4	7	2	3	0	7
ENSG00000155659.15	0	0	0	0	0	0
ENSG00000155660.11	7520	7869	7381	5440	5942	7654
ENSG00000155666.12	96	96	95	128	88	115
ENSG00000155714.14	0	1	0	0	0	0
ENSG00000155719.18	1	0	1	0	0	0
ENSG00000155729.13	130	185	169	131	126	137
ENSG00000155744.10	274	326	306	242	244	358
ENSG00000155749.13	10	16	16	12	10	15
ENSG00000155754.15	0	2	0	1	0	3
ENSG00000155755.20	109	136	124	154	106	161
ENSG00000155760.3	9	10	7	5	0	8
ENSG00000155761.14	5	5	4	0	2	8
ENSG00000155792.10	58	69	84	39	43	64
ENSG00000155816.21	0	0	1	2	0	0
ENSG00000155827.12	2295	2447	2262	1686	1718	2327
ENSG00000155833.15	0	1	0	0	1	0
ENSG00000155846.17	449	596	509	606	437	668
ENSG00000155849.16	0	0	2	0	0	1
ENSG00000155850.9	153	194	150	165	155	214
ENSG00000155858.6	69	100	106	107	72	101
ENSG00000155868.8	158	175	139	141	130	170
ENSG00000155875.15	0	0	0	0	1	0
ENSG00000155876.6	731	879	731	311	426	474
ENSG00000155886.12	1	5	2	0	2	1
ENSG00000155890.4	0	0	0	1	0	0
ENSG00000155893.13	39	30	37	37	22	42
ENSG00000155897.10	0	1	0	0	0	1
ENSG00000155903.14	413	467	456	562	422	632
ENSG00000155906.20	660	680	670	768	685	831
ENSG00000155918.8	0	0	0	1	1	0
ENSG00000155926.14	0	0	0	0	0	0
ENSG00000155957.19	69	94	107	61	69	104
ENSG00000155959.12	1118	1074	1072	616	719	787
ENSG00000155961.5	35	65	45	24	37	57
ENSG00000155962.13	1	0	3	4	0	1
ENSG00000155966.14	3	2	0	1	3	3
ENSG00000155970.12	0	0	0	0	0	2
ENSG00000155974.14	255	315	313	304	232	297
ENSG00000155975.10	67	98	66	94	79	88
ENSG00000155980.13	11	19	15	20	8	20
ENSG00000156006.5	0	1	0	0	0	0
ENSG00000156009.10	0	0	0	0	0	0
ENSG00000156011.18	694	891	796	698	575	747
ENSG00000156017.13	215	269	250	238	246	270
ENSG00000156026.15	237	288	292	228	206	260
ENSG00000156030.14	4485	6171	5743	5319	3897	5282
ENSG00000156042.19	6	6	5	5	2	5
ENSG00000156049.7	52	67	58	39	25	37
ENSG00000156050.10	123	165	146	95	96	131
ENSG00000156052.11	313	368	356	293	272	318
ENSG00000156076.10	4	15	6	1	3	4
ENSG00000156096.14	0	0	0	0	0	0
ENSG00000156097.13	0	0	0	0	0	0
ENSG00000156103.16	148	169	173	142	137	172
ENSG00000156110.15	1085	1193	1009	702	784	984
ENSG00000156113.24	15	29	38	30	21	26
ENSG00000156127.8	519	598	538	333	262	376
ENSG00000156136.10	283	319	298	192	238	289
ENSG00000156140.10	1	0	0	0	0	0
ENSG00000156150.9	1	1	0	0	0	0
ENSG00000156162.16	370	466	531	539	555	734
ENSG00000156170.14	208	216	206	197	166	255
ENSG00000156171.15	61	49	47	46	52	78
ENSG00000156172.6	28	37	44	45	50	48
ENSG00000156194.18	1	0	3	0	3	1
ENSG00000156206.14	8	10	23	17	9	23
ENSG00000156218.13	25	33	48	45	34	35
ENSG00000156219.18	0	0	0	0	0	0
ENSG00000156222.12	1	2	0	1	2	2
ENSG00000156232.7	372	470	421	446	331	448
ENSG00000156234.8	0	0	0	0	0	0
ENSG00000156239.12	86	82	66	89	73	90
ENSG00000156253.7	87	119	146	60	92	127
ENSG00000156256.15	906	1014	931	980	854	1161
ENSG00000156261.13	4180	4123	4260	2617	3034	3657
ENSG00000156265.16	0	0	0	0	0	1
ENSG00000156269.5	0	0	0	1	0	0
ENSG00000156273.16	759	853	840	678	589	832
ENSG00000156282.5	0	0	0	0	0	0
ENSG00000156284.6	0	0	0	0	0	0
ENSG00000156298.13	0	0	0	0	0	0
ENSG00000156299.15	1011	1370	1193	1122	900	1184
ENSG00000156304.15	1678	2027	1863	1648	1533	1894
ENSG00000156313.15	145	176	184	202	157	205
ENSG00000156345.18	29	46	39	42	37	57
ENSG00000156374.16	150	203	161	108	108	162
ENSG00000156381.9	41	57	68	46	40	39
ENSG00000156384.15	37	61	40	26	38	34
ENSG00000156395.14	0	0	0	1	0	0
ENSG00000156398.13	247	307	308	291	243	293
ENSG00000156411.10	1484	1565	1582	662	754	974
ENSG00000156413.15	0	0	0	0	0	0
ENSG00000156414.20	0	0	2	2	1	1
ENSG00000156427.8	41	41	34	26	20	46
ENSG00000156453.14	361	541	547	399	371	518
ENSG00000156463.18	3	8	3	2	5	2
ENSG00000156466.11	0	0	0	0	0	0
ENSG00000156467.10	1542	1537	1620	1008	1147	1276
ENSG00000156469.9	116	207	174	156	143	205
ENSG00000156471.13	839	1094	1117	608	570	752
ENSG00000156475.19	1	0	0	0	1	0
ENSG00000156482.11	5767	5921	6144	2019	2631	2901
ENSG00000156486.8	0	0	0	0	0	1
ENSG00000156500.16	4	7	7	8	10	8
ENSG00000156502.14	602	708	691	648	596	714
ENSG00000156504.17	705	862	771	965	677	883
ENSG00000156508.19	4780	3074	4202	3003	3543	3535
ENSG00000156509.14	11	13	13	35	19	37
ENSG00000156510.13	0	0	0	0	0	0
ENSG00000156515.25	8692	9882	9459	6672	6744	9038
ENSG00000156521.14	672	814	829	683	571	804
ENSG00000156531.18	620	548	550	498	494	592
ENSG00000156535.15	110	116	136	101	125	151
ENSG00000156564.10	6	10	8	8	6	3
ENSG00000156574.10	0	0	0	0	0	0
ENSG00000156575.2	0	0	0	1	0	0
ENSG00000156587.16	30	61	39	7	15	22
ENSG00000156599.11	662	945	880	506	468	577
ENSG00000156603.20	108	130	121	82	85	120
ENSG00000156639.12	233	290	273	203	206	215
ENSG00000156642.17	1834	2209	2102	1443	1575	2012
ENSG00000156650.14	2128	2714	2394	2075	1679	2225
ENSG00000156671.15	119	145	140	126	100	164
ENSG00000156675.16	1002	1052	1070	853	759	1030
ENSG00000156687.11	0	5	2	0	1	1
ENSG00000156689.7	0	0	0	0	0	0
ENSG00000156697.13	1710	1616	1514	1050	1072	1371
ENSG00000156709.15	4047	4422	4123	2680	2754	3488
ENSG00000156711.17	489	682	608	516	440	579
ENSG00000156735.11	48	63	74	67	53	61
ENSG00000156738.18	4	0	2	0	3	1
ENSG00000156787.17	907	999	914	885	781	1084
ENSG00000156795.8	133	147	146	152	140	218
ENSG00000156802.13	14754	16822	15996	15122	13409	17391
ENSG00000156804.7	17	39	46	22	20	15
ENSG00000156831.8	505	586	521	520	533	575
ENSG00000156853.13	70	112	94	84	69	80
ENSG00000156858.12	136	214	216	173	148	183
ENSG00000156860.16	761	1166	979	934	672	979
ENSG00000156869.14	61	78	67	62	53	58
ENSG00000156873.16	967	1185	1240	1378	935	1261
ENSG00000156875.14	21	28	12	9	9	22
ENSG00000156876.10	514	483	437	425	343	485
ENSG00000156885.6	0	0	0	0	0	0
ENSG00000156886.12	0	0	1	0	0	0
ENSG00000156920.11	0	0	0	0	0	0
ENSG00000156925.12	6	3	3	4	3	0
ENSG00000156928.5	221	253	347	201	230	283
ENSG00000156931.16	1163	1180	1162	1224	1118	1397
ENSG00000156958.15	909	1052	1042	855	788	1031
ENSG00000156959.9	0	0	0	0	0	0
ENSG00000156966.7	1	0	0	0	1	0
ENSG00000156968.9	1	7	0	4	5	6
ENSG00000156970.13	1543	1688	1532	1538	1295	1674
ENSG00000156973.14	91	74	98	57	70	72
ENSG00000156976.17	4767	4227	4768	6453	5275	6797
ENSG00000156983.17	1656	2178	1984	1878	1350	1810
ENSG00000156990.14	504	525	526	355	350	445
ENSG00000157005.4	0	0	0	0	0	0
ENSG00000157014.11	30	43	28	29	9	39
ENSG00000157017.16	0	0	0	3	1	1
ENSG00000157020.18	3783	4098	4098	2421	2540	3022
ENSG00000157036.13	153	118	166	156	121	168
ENSG00000157045.9	26	32	51	50	37	35
ENSG00000157060.16	0	0	2	0	0	0
ENSG00000157064.11	3	2	11	2	0	5
ENSG00000157077.16	282	353	308	332	261	328
ENSG00000157087.20	1	1	1	0	0	0
ENSG00000157093.9	0	0	0	0	0	0
ENSG00000157103.13	0	0	0	3	0	0
ENSG00000157106.18	7218	8589	8082	8993	7164	10024
ENSG00000157107.14	463	513	479	611	479	677
ENSG00000157110.16	38	48	41	56	51	44
ENSG00000157111.13	7	19	8	9	7	10
ENSG00000157119.12	0	1	0	0	0	0
ENSG00000157131.12	0	0	0	0	0	0
ENSG00000157150.5	1	0	1	0	3	3
ENSG00000157152.17	0	0	1	0	0	0
ENSG00000157168.20	0	0	0	0	0	0
ENSG00000157181.16	649	806	732	927	747	1044
ENSG00000157184.7	360	397	428	274	270	352
ENSG00000157191.20	257	256	258	220	177	298
ENSG00000157193.18	837	1180	1227	1451	1045	1370
ENSG00000157211.12	0	0	0	0	0	0
ENSG00000157212.19	1283	1411	1464	1463	1185	1668
ENSG00000157214.14	0	0	1	0	0	0
ENSG00000157216.16	17	12	21	19	14	13
ENSG00000157219.5	0	0	0	0	0	0
ENSG00000157224.16	21	21	25	12	17	14
ENSG00000157227.14	13	31	40	24	28	31
ENSG00000157240.4	45	50	59	27	43	49
ENSG00000157259.8	379	555	469	517	432	638
ENSG00000157303.11	31	29	36	34	21	33
ENSG00000157315.5	0	0	1	0	1	2
ENSG00000157322.18	0	0	0	0	1	1
ENSG00000157326.19	217	241	252	155	179	164
ENSG00000157330.10	0	0	0	1	0	0
ENSG00000157335.21	0	0	0	0	0	0
ENSG00000157343.9	4	1	3	4	3	4
ENSG00000157349.17	214	186	151	156	111	179
ENSG00000157350.13	1	1	0	4	1	0
ENSG00000157353.17	218	363	366	423	245	366
ENSG00000157368.12	0	1	1	0	0	3
ENSG00000157379.14	363	368	362	450	325	436
ENSG00000157388.20	441	562	514	796	527	818
ENSG00000157399.17	0	0	0	0	0	0
ENSG00000157404.17	0	0	0	0	1	1
ENSG00000157423.18	0	0	0	0	0	1
ENSG00000157426.14	370	415	355	430	402	552
ENSG00000157429.16	43	36	36	31	29	40
ENSG00000157445.15	11	5	4	6	2	9
ENSG00000157450.16	839	999	984	1075	876	1187
ENSG00000157456.8	736	898	815	707	722	879
ENSG00000157470.12	43	50	49	44	41	27
ENSG00000157483.9	449	572	496	396	367	396
ENSG00000157500.12	951	1022	952	809	720	1081
ENSG00000157502.13	83	98	115	85	81	136
ENSG00000157510.14	2	2	6	4	0	1
ENSG00000157514.18	587	519	532	372	390	480
ENSG00000157538.14	249	276	250	238	165	222
ENSG00000157540.22	633	720	711	750	631	804
ENSG00000157542.11	0	0	0	0	0	0
ENSG00000157551.19	0	0	0	0	0	0
ENSG00000157554.20	34	31	27	36	22	38
ENSG00000157557.13	132	184	134	126	107	155
ENSG00000157570.12	0	0	0	0	0	0
ENSG00000157578.14	6	13	5	20	11	18
ENSG00000157593.19	317	383	398	215	228	243
ENSG00000157600.12	67	95	71	41	46	51
ENSG00000157601.15	44	61	77	55	44	66
ENSG00000157613.11	12	5	4	3	0	9
ENSG00000157617.17	270	351	340	405	268	360
ENSG00000157625.16	427	526	519	495	389	485
ENSG00000157637.13	1478	1661	1649	1745	1273	1677
ENSG00000157653.12	5	7	8	11	11	19
ENSG00000157654.19	5	19	7	10	7	13
ENSG00000157657.15	885	1370	1176	1157	826	1195
ENSG00000157680.16	0	0	0	0	0	0
ENSG00000157693.15	174	217	213	230	188	230
ENSG00000157703.16	2	2	2	0	0	1
ENSG00000157734.14	5	11	14	10	7	8
ENSG00000157741.15	881	1100	884	1032	885	1200
ENSG00000157764.14	325	360	365	322	288	341
ENSG00000157765.13	0	0	0	0	0	0
ENSG00000157766.19	0	0	0	1	0	0
ENSG00000157778.9	996	981	934	398	444	454
ENSG00000157782.10	7	4	2	10	6	9
ENSG00000157796.18	152	166	164	246	197	230
ENSG00000157800.18	383	458	460	475	433	546
ENSG00000157823.17	53	82	61	53	42	51
ENSG00000157827.20	322	385	311	461	303	415
ENSG00000157833.13	4	5	3	9	6	8
ENSG00000157837.16	20	35	39	29	34	69
ENSG00000157851.17	66	78	56	30	39	50
ENSG00000157856.12	2	4	0	2	1	5
ENSG00000157869.16	308	332	304	299	260	372
ENSG00000157870.17	157	169	190	101	94	103
ENSG00000157873.18	1	1	2	1	0	0
ENSG00000157881.16	101	126	89	97	79	95
ENSG00000157884.11	0	0	0	0	0	0
ENSG00000157890.19	0	0	0	0	0	0
ENSG00000157895.11	389	424	407	284	280	421
ENSG00000157911.11	97	145	134	114	72	109
ENSG00000157916.20	645	658	751	479	462	597
ENSG00000157927.17	34	42	37	51	44	53
ENSG00000157933.11	507	825	726	552	402	528
ENSG00000157954.15	533	753	720	519	442	539
ENSG00000157978.12	303	334	365	232	208	294
ENSG00000157985.20	559	843	827	635	461	624
ENSG00000157992.12	66	119	94	63	60	86
ENSG00000157999.6	2	2	3	1	5	4
ENSG00000158006.14	118	148	148	122	144	165
ENSG00000158008.10	0	1	0	0	0	0
ENSG00000158014.15	0	1	0	0	0	0
ENSG00000158019.21	798	916	915	641	673	912
ENSG00000158022.7	0	0	0	1	0	0
ENSG00000158023.10	23	32	32	39	26	48
ENSG00000158042.9	768	725	854	379	472	449
ENSG00000158050.5	14	24	19	9	11	11
ENSG00000158055.17	429	498	484	330	319	485
ENSG00000158062.21	145	134	148	196	137	183
ENSG00000158077.5	0	0	0	0	0	0
ENSG00000158079.16	251	319	266	375	297	362
ENSG00000158089.15	249	255	268	191	131	232
ENSG00000158092.7	569	610	614	481	477	707
ENSG00000158104.11	1	0	0	0	0	2
ENSG00000158106.14	315	469	417	539	358	487
ENSG00000158109.15	133	146	154	111	86	131
ENSG00000158113.13	0	0	0	0	0	0
ENSG00000158122.12	75	104	98	59	70	56
ENSG00000158125.10	0	0	0	0	0	0
ENSG00000158156.9	18	11	21	17	19	9
ENSG00000158158.12	616	798	834	691	547	767
ENSG00000158161.16	416	483	411	415	413	557
ENSG00000158163.15	6	13	14	23	8	16
ENSG00000158164.7	2	0	0	0	0	1
ENSG00000158169.14	142	125	163	112	104	172
ENSG00000158186.13	1	8	9	8	5	6
ENSG00000158195.11	880	1018	938	774	710	998
ENSG00000158201.10	124	196	159	152	142	195
ENSG00000158220.14	9	22	8	15	6	21
ENSG00000158234.13	1079	875	937	623	743	979
ENSG00000158246.8	2	9	11	3	8	7
ENSG00000158258.16	7	15	8	10	6	12
ENSG00000158270.12	0	1	1	1	2	4
ENSG00000158286.13	92	128	142	170	142	184
ENSG00000158290.19	834	935	894	774	767	1035
ENSG00000158292.7	38	56	55	54	32	55
ENSG00000158296.14	2	4	2	6	0	0
ENSG00000158301.20	125	144	147	109	107	129
ENSG00000158315.11	31	57	33	39	31	46
ENSG00000158321.19	90	125	95	71	46	84
ENSG00000158352.18	1	0	0	0	0	1
ENSG00000158373.9	3985	4558	4241	2577	2472	2818
ENSG00000158402.21	294	288	320	226	189	240
ENSG00000158406.6	7104	7071	6820	2188	3079	3346
ENSG00000158411.11	491	446	392	441	402	482
ENSG00000158417.11	15391	17220	15078	12058	12248	16752
ENSG00000158423.17	10	20	14	12	8	21
ENSG00000158427.15	0	0	0	0	0	0
ENSG00000158428.4	0	0	0	0	1	0
ENSG00000158435.8	606	566	604	535	498	629
ENSG00000158445.10	11	20	8	11	6	5
ENSG00000158457.6	3	15	9	5	2	10
ENSG00000158458.21	4	8	10	2	7	3
ENSG00000158467.17	498	495	459	557	427	610
ENSG00000158470.5	198	328	298	199	157	258
ENSG00000158473.8	0	0	0	0	1	0
ENSG00000158477.7	0	0	0	0	0	0
ENSG00000158480.11	296	405	358	301	271	358
ENSG00000158481.13	0	0	0	0	0	0
ENSG00000158485.11	0	0	2	0	0	1
ENSG00000158486.15	219	242	217	237	190	215
ENSG00000158488.16	0	0	0	0	0	0
ENSG00000158497.6	0	0	0	0	0	0
ENSG00000158516.12	1	0	0	0	0	0
ENSG00000158517.16	0	0	0	2	0	0
ENSG00000158525.16	0	0	0	0	0	0
ENSG00000158526.8	1424	1400	1337	875	949	1153
ENSG00000158528.12	565	641	567	626	537	682
ENSG00000158545.16	3313	4058	3663	3141	2721	3614
ENSG00000158552.13	54	72	68	76	55	77
ENSG00000158553.5	0	0	0	2	0	0
ENSG00000158555.15	10	15	13	9	9	19
ENSG00000158560.14	35	44	25	31	35	43
ENSG00000158571.11	6	13	9	10	11	16
ENSG00000158578.21	7	2	2	4	4	5
ENSG00000158604.15	483	680	609	490	345	534
ENSG00000158615.10	2857	3258	3146	2525	2399	3366
ENSG00000158623.14	924	1110	1167	714	700	854
ENSG00000158636.17	651	800	719	719	648	838
ENSG00000158639.13	0	0	0	0	1	0
ENSG00000158669.11	832	914	940	840	705	906
ENSG00000158683.10	1	7	3	4	4	8
ENSG00000158691.15	0	1	0	3	0	0
ENSG00000158710.15	2277	2033	2217	843	959	1203
ENSG00000158711.14	320	480	466	377	377	492
ENSG00000158714.11	0	0	0	0	0	0
ENSG00000158715.6	10	11	6	9	5	21
ENSG00000158716.9	114	117	134	57	71	73
ENSG00000158717.11	13	32	14	26	23	20
ENSG00000158747.15	19	22	23	26	8	24
ENSG00000158748.4	0	4	2	1	0	0
ENSG00000158764.7	0	0	0	2	0	1
ENSG00000158769.18	588	640	649	507	545	698
ENSG00000158773.14	541	584	539	424	371	443
ENSG00000158786.5	0	0	0	0	0	0
ENSG00000158792.16	111	144	157	99	92	104
ENSG00000158793.14	56	88	93	71	54	92
ENSG00000158796.17	321	343	350	240	208	269
ENSG00000158805.12	579	800	840	936	664	897
ENSG00000158806.14	0	3	1	1	0	0
ENSG00000158813.18	8	14	5	8	7	8
ENSG00000158815.11	1	2	0	1	0	0
ENSG00000158816.16	1	0	0	0	0	0
ENSG00000158825.6	0	0	0	0	0	0
ENSG00000158828.8	131	213	154	127	87	130
ENSG00000158850.15	226	271	281	232	198	249
ENSG00000158856.19	162	237	208	203	127	175
ENSG00000158859.10	2	0	1	0	2	0
ENSG00000158863.22	243	352	296	351	234	309
ENSG00000158864.13	2087	2328	2310	1420	1510	1918
ENSG00000158865.13	0	0	0	2	0	1
ENSG00000158869.11	0	0	0	0	0	0
ENSG00000158874.11	0	0	0	0	0	0
ENSG00000158882.15	145	170	180	116	106	143
ENSG00000158887.19	1	2	0	3	0	0
ENSG00000158901.12	0	0	0	0	0	0
ENSG00000158941.17	2684	3233	3080	2251	2085	2680
ENSG00000158955.11	0	0	0	0	0	0
ENSG00000158966.16	39	51	64	48	51	107
ENSG00000158985.14	384	413	429	220	231	264
ENSG00000158987.22	17	27	16	33	17	21
ENSG00000159023.23	916	938	992	892	774	1070
ENSG00000159055.4	320	326	360	214	231	282
ENSG00000159063.14	554	588	625	537	544	692
ENSG00000159069.14	400	638	529	580	419	539
ENSG00000159079.19	752	825	687	741	689	876
ENSG00000159082.18	1418	1646	1527	1877	1586	2188
ENSG00000159086.15	2067	2020	1903	3154	2475	3074
ENSG00000159110.22	3	1	2	2	3	4
ENSG00000159111.13	468	531	503	383	368	443
ENSG00000159128.16	9	11	20	18	22	15
ENSG00000159131.17	2222	2343	2463	1693	1789	2164
ENSG00000159140.23	8613	11708	10300	9035	7096	10134
ENSG00000159147.18	467	504	457	474	461	585
ENSG00000159164.10	2	2	6	5	3	2
ENSG00000159166.15	1980	2474	2359	1711	1498	1921
ENSG00000159167.12	1	0	0	1	0	0
ENSG00000159173.19	0	0	0	0	0	0
ENSG00000159176.14	2729	2679	2617	1414	1491	1728
ENSG00000159182.5	0	1	0	0	0	0
ENSG00000159184.8	0	0	0	0	0	0
ENSG00000159189.13	0	0	0	1	0	0
ENSG00000159197.4	0	0	0	0	0	0
ENSG00000159199.14	76	95	84	50	53	58
ENSG00000159200.18	439	532	403	288	282	383
ENSG00000159202.18	838	956	960	614	659	872
ENSG00000159208.16	331	380	334	332	273	336
ENSG00000159210.10	2220	2409	2376	1453	1296	1649
ENSG00000159212.13	0	0	0	0	0	0
ENSG00000159214.13	110	144	135	150	98	133
ENSG00000159216.19	109	157	152	108	85	104
ENSG00000159217.10	44	42	75	49	30	43
ENSG00000159224.4	0	1	0	0	0	0
ENSG00000159228.13	1340	1483	1452	832	848	1022
ENSG00000159231.6	268	238	274	152	197	230
ENSG00000159239.13	0	0	0	0	0	0
ENSG00000159248.5	0	0	0	0	0	0
ENSG00000159251.8	2	0	0	0	1	0
ENSG00000159256.13	510	581	602	520	532	679
ENSG00000159259.8	740	761	814	551	499	673
ENSG00000159261.12	0	0	0	0	0	0
ENSG00000159263.16	17	26	22	12	20	23
ENSG00000159267.17	766	909	855	862	614	912
ENSG00000159289.6	0	0	0	0	0	0
ENSG00000159307.20	0	1	0	0	0	0
ENSG00000159314.13	94	123	134	133	98	91
ENSG00000159322.18	1028	1292	1240	1413	1173	1532
ENSG00000159335.18	17619	17878	15651	7878	9236	10602
ENSG00000159337.7	0	1	0	0	0	0
ENSG00000159339.13	0	0	0	0	0	0
ENSG00000159346.13	839	837	827	636	600	771
ENSG00000159348.13	167	153	185	119	114	158
ENSG00000159352.16	8095	7966	8432	4664	4661	5830
ENSG00000159363.19	181	319	268	298	210	264
ENSG00000159374.18	0	2	0	0	0	0
ENSG00000159377.11	10683	11223	11313	5553	6692	7322
ENSG00000159387.8	2	1	3	1	1	1
ENSG00000159388.6	6	12	9	6	0	3
ENSG00000159398.16	0	0	0	0	0	0
ENSG00000159399.10	2205	2330	2247	2009	1773	2201
ENSG00000159403.18	16	23	10	11	11	8
ENSG00000159409.15	4	10	13	7	8	9
ENSG00000159423.17	516	569	617	481	363	467
ENSG00000159433.12	21	22	13	31	23	37
ENSG00000159445.13	13	16	22	31	33	18
ENSG00000159450.13	255	324	282	240	186	225
ENSG00000159455.9	0	0	0	0	0	0
ENSG00000159459.12	1139	1334	1257	1405	1147	1678
ENSG00000159461.15	1294	1704	1495	929	793	1091
ENSG00000159479.17	324	335	361	264	245	324
ENSG00000159495.8	0	0	0	0	1	0
ENSG00000159496.15	0	0	0	0	0	0
ENSG00000159516.9	0	0	0	0	0	0
ENSG00000159527.4	0	0	0	0	0	0
ENSG00000159556.10	4	9	3	6	3	8
ENSG00000159579.14	170	194	186	143	160	182
ENSG00000159588.15	3	2	2	7	1	0
ENSG00000159592.11	983	1273	1234	974	811	1010
ENSG00000159593.15	436	574	482	511	438	643
ENSG00000159596.7	17	21	22	10	15	29
ENSG00000159618.16	0	0	0	0	0	0
ENSG00000159625.15	2	0	1	0	2	0
ENSG00000159640.17	9	8	8	13	8	9
ENSG00000159648.13	0	0	0	0	0	0
ENSG00000159650.9	0	0	0	0	0	0
ENSG00000159658.15	773	870	881	700	628	779
ENSG00000159674.12	0	2	3	2	2	3
ENSG00000159685.11	405	400	439	297	253	362
ENSG00000159692.17	624	980	974	824	643	783
ENSG00000159708.18	0	0	0	0	0	0
ENSG00000159713.11	5	3	12	3	0	2
ENSG00000159714.12	3	6	10	4	2	0
ENSG00000159720.13	1215	1614	1535	891	914	1142
ENSG00000159723.5	0	0	0	0	0	0
ENSG00000159733.14	158	219	218	259	182	217
ENSG00000159753.15	84	101	92	54	55	73
ENSG00000159761.15	3	7	3	3	3	3
ENSG00000159763.4	0	0	0	0	0	0
ENSG00000159784.18	0	1	0	0	0	1
ENSG00000159788.20	495	688	614	692	536	703
ENSG00000159792.10	216	298	263	264	190	253
ENSG00000159840.16	493	712	680	447	401	569
ENSG00000159842.16	397	435	410	343	274	320
ENSG00000159871.15	0	0	0	0	0	0
ENSG00000159873.10	774	931	786	556	572	772
ENSG00000159882.13	11	20	23	30	25	30
ENSG00000159884.12	95	84	89	65	62	111
ENSG00000159885.14	10	9	4	8	14	9
ENSG00000159899.16	57	57	57	99	77	89
ENSG00000159905.15	5	2	2	4	4	4
ENSG00000159915.13	51	62	41	58	30	78
ENSG00000159917.17	46	66	71	71	64	71
ENSG00000159921.20	83	76	84	83	98	93
ENSG00000159958.7	1	0	1	2	2	0
ENSG00000159961.3	0	0	0	0	0	0
ENSG00000160007.20	4149	5146	4957	4077	3214	4119
ENSG00000160013.9	0	0	0	0	0	0
ENSG00000160014.17	4881	5202	5073	2664	2971	3689
ENSG00000160049.12	634	733	758	550	462	628
ENSG00000160050.16	23	9	23	6	15	5
ENSG00000160051.12	85	101	113	133	78	119
ENSG00000160055.20	23	25	20	12	18	39
ENSG00000160058.19	379	429	444	449	378	402
ENSG00000160062.15	116	134	126	143	115	163
ENSG00000160072.20	341	387	401	494	294	374
ENSG00000160075.12	1310	1634	1515	948	773	1070
ENSG00000160087.21	117	179	144	185	103	188
ENSG00000160094.15	45	54	65	44	25	42
ENSG00000160097.20	1	0	0	1	1	0
ENSG00000160111.15	38	49	51	73	38	83
ENSG00000160113.6	216	376	332	245	191	313
ENSG00000160117.16	0	6	3	3	5	0
ENSG00000160124.9	190	160	166	136	136	155
ENSG00000160131.14	12	21	20	15	7	6
ENSG00000160145.16	217	194	229	171	141	202
ENSG00000160161.9	31	33	52	22	21	27
ENSG00000160179.19	520	608	628	468	406	498
ENSG00000160180.17	13	24	12	14	8	5
ENSG00000160181.9	0	0	0	0	0	0
ENSG00000160182.3	2607	3353	3641	1158	1279	1416
ENSG00000160183.17	19	17	12	11	18	14
ENSG00000160185.15	0	0	4	3	1	3
ENSG00000160188.10	23	26	29	15	9	23
ENSG00000160190.14	439	522	549	525	307	460
ENSG00000160191.18	142	140	160	93	82	133
ENSG00000160193.12	590	834	758	856	562	842
ENSG00000160194.18	996	1076	1166	616	629	728
ENSG00000160199.15	85	74	86	39	71	86
ENSG00000160200.18	3	5	1	1	5	2
ENSG00000160201.12	154	86	106	34	74	62
ENSG00000160202.7	0	0	0	0	0	0
ENSG00000160207.9	113	143	172	118	105	140
ENSG00000160208.13	3701	4368	3975	3146	2835	3737
ENSG00000160209.19	1865	2339	2166	1443	1305	1616
ENSG00000160211.20	7751	9402	9202	4912	4838	5877
ENSG00000160213.9	544	572	578	246	240	215
ENSG00000160214.13	3393	3402	3334	2388	2184	2884
ENSG00000160216.21	1429	2026	1813	1355	986	1275
ENSG00000160218.13	1376	1824	1837	1940	1512	1874
ENSG00000160219.12	0	0	1	0	0	2
ENSG00000160221.18	11	27	13	22	10	28
ENSG00000160223.18	8	3	1	0	2	0
ENSG00000160224.17	0	0	0	0	0	0
ENSG00000160226.16	71	110	108	103	79	81
ENSG00000160229.13	5	5	4	16	8	14
ENSG00000160233.8	17	21	21	12	11	16
ENSG00000160255.19	1	6	3	2	0	6
ENSG00000160256.13	833	805	829	481	527	570
ENSG00000160271.16	10	16	11	15	6	11
ENSG00000160282.15	6	4	9	9	2	8
ENSG00000160284.15	10	11	13	11	7	9
ENSG00000160285.15	595	663	694	612	478	689
ENSG00000160293.17	2138	2680	2340	2415	1705	2290
ENSG00000160294.11	6320	7822	7338	8446	6436	8523
ENSG00000160298.18	83	123	105	164	137	160
ENSG00000160299.19	10940	12234	11795	15897	11418	14550
ENSG00000160305.18	2183	2381	2374	3610	2619	3416
ENSG00000160307.10	0	0	0	0	0	0
ENSG00000160310.19	559	642	716	555	509	630
ENSG00000160318.6	3	1	9	7	4	3
ENSG00000160321.16	0	0	1	0	0	2
ENSG00000160323.19	43	91	66	121	60	116
ENSG00000160325.15	47	69	84	53	53	61
ENSG00000160326.14	26	32	53	39	36	43
ENSG00000160336.17	197	190	228	241	158	217
ENSG00000160339.16	0	0	0	0	0	0
ENSG00000160345.13	11	29	30	15	10	9
ENSG00000160349.10	0	0	0	0	0	0
ENSG00000160352.16	215	279	247	257	242	300
ENSG00000160360.13	80	122	128	123	85	113
ENSG00000160392.14	237	290	273	236	227	295
ENSG00000160396.9	0	1	0	4	5	2
ENSG00000160401.15	3	1	2	0	0	1
ENSG00000160404.18	129	226	171	105	84	117
ENSG00000160408.16	2	3	3	0	0	1
ENSG00000160410.15	254	368	332	285	255	326
ENSG00000160439.16	137	119	120	138	83	149
ENSG00000160445.11	775	1087	948	653	579	770
ENSG00000160446.19	443	538	514	304	255	411
ENSG00000160447.7	530	549	610	692	410	579
ENSG00000160460.17	118	117	112	177	108	157
ENSG00000160469.17	35	34	30	36	21	27
ENSG00000160471.13	0	0	0	0	0	0
ENSG00000160472.5	0	0	1	0	0	0
ENSG00000160505.16	2	0	3	7	1	2
ENSG00000160539.6	2	0	0	0	0	0
ENSG00000160551.12	2352	3157	2799	2538	1984	2840
ENSG00000160563.14	146	116	122	64	99	104
ENSG00000160570.14	49	57	66	42	35	45
ENSG00000160584.17	338	388	383	359	262	367
ENSG00000160588.10	300	346	371	240	250	327
ENSG00000160593.19	0	0	0	1	0	0
ENSG00000160602.14	55	58	73	96	61	60
ENSG00000160606.11	122	126	127	52	55	76
ENSG00000160613.15	461	526	504	563	421	603
ENSG00000160633.13	3516	3929	3712	2992	2809	3581
ENSG00000160654.11	0	0	0	0	0	0
ENSG00000160678.12	24	20	25	10	12	10
ENSG00000160679.13	552	584	636	663	575	708
ENSG00000160683.5	0	0	0	0	0	0
ENSG00000160685.14	746	985	845	717	546	784
ENSG00000160688.19	462	728	598	519	394	552
ENSG00000160691.19	676	886	808	643	512	718
ENSG00000160695.16	674	854	828	799	605	752
ENSG00000160703.16	111	107	148	105	93	114
ENSG00000160710.18	6843	8630	8085	7064	5926	7784
ENSG00000160712.13	17	20	19	15	7	18
ENSG00000160714.10	1280	1705	1565	1396	1159	1451
ENSG00000160716.6	1	3	3	6	0	1
ENSG00000160741.17	394	449	463	476	360	457
ENSG00000160746.13	421	476	478	321	340	457
ENSG00000160752.15	2896	3057	3275	2914	2553	3008
ENSG00000160753.17	1169	1592	1463	1647	1182	1633
ENSG00000160767.22	32	57	29	33	29	48
ENSG00000160781.17	16	24	15	48	30	43
ENSG00000160783.19	94	108	82	100	55	109
ENSG00000160785.14	185	276	220	257	150	233
ENSG00000160789.24	10199	10321	10173	6617	7116	8940
ENSG00000160791.14	0	0	0	0	0	0
ENSG00000160796.18	1268	1793	1763	2228	1622	2039
ENSG00000160799.12	712	726	740	402	442	477
ENSG00000160801.14	2	0	0	2	1	3
ENSG00000160803.8	115	111	153	180	129	138
ENSG00000160808.11	0	0	0	1	0	0
ENSG00000160813.7	231	280	283	202	169	236
ENSG00000160818.17	6066	6955	6030	4229	3665	5100
ENSG00000160838.14	1	3	0	0	0	0
ENSG00000160856.21	0	0	0	1	0	0
ENSG00000160862.13	7	8	4	4	10	4
ENSG00000160867.15	969	1280	1194	1107	936	1172
ENSG00000160868.16	0	0	0	0	0	1
ENSG00000160870.15	0	0	0	0	0	0
ENSG00000160877.7	1379	1976	1828	1360	1089	1573
ENSG00000160882.13	0	0	0	0	0	0
ENSG00000160883.11	1	2	2	0	1	2
ENSG00000160886.13	0	0	0	0	0	0
ENSG00000160888.7	352	437	402	282	207	292
ENSG00000160908.15	251	317	320	378	235	315
ENSG00000160917.15	511	604	549	463	419	469
ENSG00000160932.11	65	77	83	55	35	37
ENSG00000160948.14	505	485	477	292	239	339
ENSG00000160949.18	1540	2298	2111	2236	1475	2059
ENSG00000160951.4	1	0	0	1	1	0
ENSG00000160953.17	463	670	577	712	470	669
ENSG00000160957.15	793	1128	1038	1080	751	1037
ENSG00000160959.8	14	33	30	45	19	46
ENSG00000160961.12	47	58	54	106	79	117
ENSG00000160963.14	1	0	0	3	0	0
ENSG00000160972.10	320	488	419	482	326	478
ENSG00000160973.8	0	0	0	0	0	0
ENSG00000160991.17	19	47	52	41	28	56
ENSG00000160993.4	203	208	212	193	127	184
ENSG00000160994.4	0	0	0	0	0	0
ENSG00000160999.11	66	109	112	110	46	94
ENSG00000161010.16	339	427	387	733	561	640
ENSG00000161011.20	3591	4174	4038	2492	2411	3089
ENSG00000161013.17	1317	1884	1707	1535	1105	1518
ENSG00000161016.18	13366	14771	15473	6081	6386	6699
ENSG00000161021.13	496	832	752	683	492	653
ENSG00000161031.13	0	0	0	0	0	0
ENSG00000161036.13	323	413	462	333	259	390
ENSG00000161040.18	2	3	4	5	4	5
ENSG00000161048.12	1	0	0	0	5	4
ENSG00000161055.4	0	0	0	0	0	0
ENSG00000161057.13	7424	7099	7254	4136	4256	5397
ENSG00000161082.13	4	8	7	5	7	1
ENSG00000161091.14	103	215	159	167	99	190
ENSG00000161179.14	211	238	268	203	184	204
ENSG00000161180.11	1	2	1	2	1	3
ENSG00000161202.20	1566	1847	1703	2161	1572	2187
ENSG00000161203.14	9148	11892	11347	6366	5986	7550
ENSG00000161204.12	2268	2612	2515	1870	1775	2304
ENSG00000161217.12	3002	3191	3255	2920	2585	3057
ENSG00000161243.9	119	99	168	175	137	200
ENSG00000161249.21	252	261	313	244	189	258
ENSG00000161265.15	130	118	105	119	89	139
ENSG00000161267.12	78	107	82	87	50	77
ENSG00000161270.20	0	0	0	0	1	0
ENSG00000161277.11	3	2	1	1	8	3
ENSG00000161281.11	0	1	0	0	0	0
ENSG00000161298.19	0	0	1	0	0	0
ENSG00000161328.11	3	0	0	2	0	2
ENSG00000161381.14	42	46	38	56	45	48
ENSG00000161395.14	23	45	54	59	45	55
ENSG00000161405.17	11	5	16	4	7	4
ENSG00000161509.14	7	26	21	21	15	16
ENSG00000161513.12	169	194	224	155	130	161
ENSG00000161526.15	1890	1893	1922	1472	1495	1809
ENSG00000161533.12	1966	2087	2179	1542	1593	1955
ENSG00000161542.17	795	817	847	556	602	759
ENSG00000161544.10	0	1	0	3	1	0
ENSG00000161547.17	220	347	318	286	184	278
ENSG00000161551.15	0	0	0	0	0	1
ENSG00000161558.11	44	56	56	47	35	43
ENSG00000161594.7	0	4	0	0	1	1
ENSG00000161609.10	0	0	0	0	0	0
ENSG00000161610.1	0	0	0	0	0	0
ENSG00000161618.10	407	463	523	417	348	456
ENSG00000161634.12	0	0	0	0	0	0
ENSG00000161638.11	68	97	119	75	55	82
ENSG00000161640.15	2	0	0	0	0	0
ENSG00000161642.18	410	437	420	292	284	399
ENSG00000161643.13	0	0	0	0	0	0
ENSG00000161647.19	334	370	367	459	322	400
ENSG00000161649.14	0	0	0	0	0	0
ENSG00000161652.13	0	0	0	0	0	0
ENSG00000161653.11	1	0	0	0	0	0
ENSG00000161654.10	4	1	1	0	2	1
ENSG00000161664.7	0	1	0	0	0	0
ENSG00000161671.17	327	391	413	264	324	333
ENSG00000161677.12	67	64	65	41	27	61
ENSG00000161681.17	2	5	8	12	4	2
ENSG00000161682.15	90	166	153	97	92	93
ENSG00000161692.18	67	106	76	117	71	129
ENSG00000161714.12	993	1705	1422	1443	898	1316
ENSG00000161791.14	493	623	521	626	493	667
ENSG00000161798.7	0	0	0	0	0	0
ENSG00000161800.13	2102	2343	2162	1670	1587	2096
ENSG00000161807.3	0	0	0	0	0	0
ENSG00000161813.23	1087	1196	1118	1113	1018	1288
ENSG00000161835.11	10	20	17	28	19	16
ENSG00000161847.14	377	517	503	380	295	439
ENSG00000161849.3	2	1	2	2	0	1
ENSG00000161850.3	0	0	0	0	0	0
ENSG00000161860.8	90	88	81	61	48	65
ENSG00000161888.12	1447	1469	1525	1001	1082	1223
ENSG00000161896.12	0	1	1	0	1	1
ENSG00000161904.12	1305	1512	1405	1556	1261	1736
ENSG00000161905.13	494	491	534	373	391	419
ENSG00000161911.12	0	0	0	0	0	0
ENSG00000161914.10	53	61	77	63	37	59
ENSG00000161920.11	75	78	85	39	36	59
ENSG00000161921.17	77	93	97	45	51	50
ENSG00000161929.15	0	0	0	0	0	0
ENSG00000161939.19	0	3	2	0	0	1
ENSG00000161940.11	1	1	0	0	0	0
ENSG00000161944.17	0	0	0	0	0	0
ENSG00000161955.17	43	36	44	39	14	23
ENSG00000161956.13	73	75	66	68	55	72
ENSG00000161958.11	5	3	8	20	12	17
ENSG00000161960.16	6426	5688	6284	4683	4924	5506
ENSG00000161970.15	3646	4581	4022	3169	3044	3948
ENSG00000161973.11	0	0	0	0	0	0
ENSG00000161980.6	1189	1329	1375	909	855	1052
ENSG00000161981.11	670	874	827	558	481	658
ENSG00000161992.6	1	0	0	0	0	0
ENSG00000161996.19	83	110	88	148	90	112
ENSG00000161999.13	80	74	81	83	50	80
ENSG00000162004.19	39	61	49	120	62	84
ENSG00000162006.9	0	1	0	0	0	0
ENSG00000162009.9	3	4	3	0	1	2
ENSG00000162032.16	227	258	269	202	185	213
ENSG00000162039.18	0	0	0	0	2	0
ENSG00000162040.7	0	0	0	0	0	0
ENSG00000162062.15	90	129	124	151	132	159
ENSG00000162063.13	1562	2147	2028	1689	1228	1653
ENSG00000162065.14	216	293	275	244	212	252
ENSG00000162066.16	266	331	354	350	272	367
ENSG00000162068.2	3	6	2	1	1	1
ENSG00000162069.16	399	527	530	594	442	626
ENSG00000162073.14	73	90	94	74	57	66
ENSG00000162076.13	156	210	170	131	123	155
ENSG00000162078.12	72	89	61	47	63	47
ENSG00000162086.16	363	443	424	541	453	540
ENSG00000162104.10	1300	1833	1717	1640	1140	1519
ENSG00000162105.21	562	862	798	788	532	752
ENSG00000162129.15	857	989	978	655	592	863
ENSG00000162139.10	356	348	412	377	319	432
ENSG00000162144.10	242	256	317	355	290	456
ENSG00000162148.11	3	1	0	2	2	1
ENSG00000162174.12	191	229	204	164	163	180
ENSG00000162188.6	0	2	0	0	1	0
ENSG00000162191.14	1068	1351	1190	770	728	976
ENSG00000162194.13	166	237	217	240	210	294
ENSG00000162222.14	224	240	281	183	160	224
ENSG00000162227.8	300	393	327	335	255	379
ENSG00000162231.14	1592	1641	1638	1557	1303	1715
ENSG00000162236.13	285	363	339	273	286	329
ENSG00000162241.13	35	29	32	40	33	63
ENSG00000162244.12	47	46	43	28	24	30
ENSG00000162267.14	0	0	0	0	0	0
ENSG00000162298.19	396	430	443	356	226	356
ENSG00000162300.13	101	107	103	59	67	82
ENSG00000162302.13	1582	2216	1986	1521	1205	1606
ENSG00000162337.12	1046	1517	1420	1262	940	1165
ENSG00000162341.18	59	43	61	67	37	40
ENSG00000162344.4	0	0	0	0	0	0
ENSG00000162365.13	0	0	0	0	0	0
ENSG00000162366.8	0	0	0	0	0	0
ENSG00000162367.12	0	0	1	0	0	0
ENSG00000162368.15	805	955	929	599	553	788
ENSG00000162373.13	0	0	0	0	0	0
ENSG00000162374.18	0	0	0	0	0	0
ENSG00000162377.6	564	630	651	353	363	408
ENSG00000162378.13	91	159	133	104	90	135
ENSG00000162383.13	0	0	0	0	0	0
ENSG00000162384.14	140	157	186	124	116	115
ENSG00000162385.11	322	290	334	246	257	310
ENSG00000162390.18	48	63	70	74	34	34
ENSG00000162391.12	0	0	0	0	0	0
ENSG00000162396.6	60	75	72	65	46	63
ENSG00000162398.12	0	0	2	0	0	1
ENSG00000162399.9	0	0	0	0	0	5
ENSG00000162402.15	2078	2346	2191	2267	1846	2626
ENSG00000162407.9	2	8	0	1	1	10
ENSG00000162408.11	600	855	846	682	529	695
ENSG00000162409.12	8	8	11	12	6	17
ENSG00000162413.17	92	141	127	101	78	103
ENSG00000162415.7	109	169	110	157	96	140
ENSG00000162419.13	399	466	438	362	317	387
ENSG00000162426.16	0	1	0	0	2	0
ENSG00000162430.18	285	398	397	356	215	393
ENSG00000162433.15	163	129	104	73	87	92
ENSG00000162434.14	2174	2478	2445	1996	1629	2367
ENSG00000162437.15	283	314	317	248	187	300
ENSG00000162438.12	0	2	0	1	1	1
ENSG00000162441.12	473	529	488	374	365	426
ENSG00000162444.12	3	5	10	1	2	4
ENSG00000162456.10	0	0	0	0	0	0
ENSG00000162458.13	2	6	4	9	4	2
ENSG00000162460.7	0	0	0	0	0	0
ENSG00000162461.8	0	3	1	1	1	1
ENSG00000162482.5	0	8	3	5	5	4
ENSG00000162490.7	1	1	0	0	1	0
ENSG00000162493.17	1	0	0	0	0	0
ENSG00000162494.6	0	0	0	0	1	0
ENSG00000162496.9	50	71	69	53	37	50
ENSG00000162510.6	2	4	0	2	4	0
ENSG00000162511.8	0	0	0	0	0	0
ENSG00000162512.16	117	157	144	157	88	128
ENSG00000162517.13	173	134	173	78	59	77
ENSG00000162520.15	15	15	10	6	12	18
ENSG00000162521.19	885	866	1014	809	736	920
ENSG00000162522.11	975	1381	1396	1367	943	1289
ENSG00000162526.7	4	2	1	0	0	0
ENSG00000162542.14	123	116	135	100	108	118
ENSG00000162543.6	0	0	0	0	0	0
ENSG00000162545.6	325	353	353	201	233	270
ENSG00000162551.14	0	1	0	0	0	0
ENSG00000162552.15	8	14	15	9	8	7
ENSG00000162571.14	0	5	0	0	3	0
ENSG00000162572.21	8	17	10	5	13	12
ENSG00000162576.17	0	0	0	0	1	0
ENSG00000162585.17	24	49	39	36	31	30
ENSG00000162591.17	72	100	86	112	78	87
ENSG00000162592.10	0	0	0	0	0	0
ENSG00000162594.17	0	0	0	0	0	0
ENSG00000162595.8	0	0	0	0	0	0
ENSG00000162598.13	0	0	0	0	0	0
ENSG00000162599.18	172	258	213	141	148	182
ENSG00000162600.12	227	294	255	277	241	375
ENSG00000162601.12	858	935	940	1425	1095	1372
ENSG00000162604.12	98	97	107	121	112	150
ENSG00000162607.13	1190	1410	1235	1333	1289	1665
ENSG00000162613.18	6343	5749	5806	5440	5426	6891
ENSG00000162614.19	0	8	9	8	1	10
ENSG00000162616.9	51	67	55	49	52	72
ENSG00000162618.15	0	0	0	0	0	0
ENSG00000162620.16	0	2	2	1	1	0
ENSG00000162621.7	0	0	0	0	0	0
ENSG00000162623.16	240	305	287	235	257	308
ENSG00000162624.16	0	0	0	0	0	1
ENSG00000162627.17	342	408	353	244	275	381
ENSG00000162630.6	43	14	4	8	9	19
ENSG00000162631.20	0	0	0	2	0	0
ENSG00000162636.16	696	848	852	661	673	866
ENSG00000162639.16	391	453	407	324	385	474
ENSG00000162641.20	0	2	0	0	0	0
ENSG00000162642.14	398	522	439	363	265	386
ENSG00000162643.13	0	3	1	4	1	1
ENSG00000162645.13	14	9	7	9	3	11
ENSG00000162650.17	126	147	151	134	95	122
ENSG00000162654.9	0	0	0	0	0	0
ENSG00000162664.17	2665	2997	2654	2409	2071	2923
ENSG00000162669.16	0	3	1	4	3	2
ENSG00000162670.11	3	5	0	6	1	2
ENSG00000162676.13	14	16	22	27	13	21
ENSG00000162687.19	0	0	0	0	0	0
ENSG00000162688.17	507	562	575	578	549	820
ENSG00000162692.12	0	0	0	0	1	0
ENSG00000162694.14	17	26	36	15	15	33
ENSG00000162695.12	120	135	132	85	89	109
ENSG00000162702.8	319	371	369	296	257	405
ENSG00000162704.16	1719	1719	1790	688	792	891
ENSG00000162706.13	0	0	0	0	0	0
ENSG00000162711.18	0	1	0	0	2	0
ENSG00000162714.13	460	621	583	607	447	529
ENSG00000162722.9	0	1	0	0	1	1
ENSG00000162723.10	0	0	1	0	0	1
ENSG00000162727.3	0	0	0	0	0	0
ENSG00000162728.5	0	0	0	0	0	0
ENSG00000162729.14	231	236	261	145	170	235
ENSG00000162733.19	5	7	12	8	12	5
ENSG00000162734.13	229	265	273	110	138	159
ENSG00000162735.19	256	315	255	154	151	190
ENSG00000162736.18	485	530	532	388	434	449
ENSG00000162738.7	0	2	0	1	0	0
ENSG00000162739.14	0	0	0	0	0	0
ENSG00000162745.11	0	1	0	1	0	1
ENSG00000162746.15	7	0	2	0	6	2
ENSG00000162747.13	0	0	3	0	0	0
ENSG00000162753.13	0	0	0	0	0	1
ENSG00000162755.14	29	18	29	23	15	38
ENSG00000162757.4	6	21	23	13	7	19
ENSG00000162761.14	0	0	0	0	0	0
ENSG00000162763.4	0	0	0	0	0	0
ENSG00000162769.13	191	184	177	193	174	241
ENSG00000162771.8	0	0	0	0	0	0
ENSG00000162772.17	14	11	10	11	9	13
ENSG00000162775.17	1806	2115	2035	1870	1679	2174
ENSG00000162777.17	305	436	396	357	279	337
ENSG00000162779.22	9	11	13	13	19	10
ENSG00000162782.16	392	431	425	543	447	596
ENSG00000162783.11	346	440	385	297	210	328
ENSG00000162804.14	12	9	8	13	8	8
ENSG00000162813.18	627	557	551	433	465	512
ENSG00000162814.11	180	281	257	214	180	221
ENSG00000162817.7	63	85	62	41	32	44
ENSG00000162819.12	366	369	390	305	299	412
ENSG00000162825.18	87	85	84	102	61	75
ENSG00000162836.12	325	388	363	361	298	376
ENSG00000162843.18	0	3	0	1	0	0
ENSG00000162849.16	0	0	0	0	0	0
ENSG00000162851.8	415	571	443	383	390	478
ENSG00000162852.14	179	291	260	263	206	250
ENSG00000162869.16	672	800	764	1095	772	1128
ENSG00000162873.15	0	0	1	0	0	1
ENSG00000162877.13	0	0	1	0	0	0
ENSG00000162878.13	6	9	12	9	7	5
ENSG00000162881.7	0	0	0	0	0	0
ENSG00000162882.15	2	3	0	1	1	1
ENSG00000162885.14	452	565	591	587	495	715
ENSG00000162889.11	1650	1717	1636	1478	1183	1499
ENSG00000162891.11	6	15	12	13	11	21
ENSG00000162892.16	0	0	0	0	0	0
ENSG00000162894.12	5	2	6	3	1	0
ENSG00000162896.6	0	0	0	0	0	0
ENSG00000162897.16	0	0	0	0	0	0
ENSG00000162909.18	355	360	364	324	252	387
ENSG00000162910.19	289	342	321	212	189	221
ENSG00000162923.18	587	646	678	605	568	735
ENSG00000162924.16	592	580	562	564	505	719
ENSG00000162927.14	98	94	117	107	133	140
ENSG00000162928.9	316	432	402	279	279	344
ENSG00000162929.14	113	156	167	190	147	173
ENSG00000162931.12	1	0	0	0	0	0
ENSG00000162944.11	9	16	12	12	4	5
ENSG00000162946.23	89	136	146	170	77	121
ENSG00000162949.16	26	14	40	48	22	36
ENSG00000162951.11	0	0	0	0	0	0
ENSG00000162959.14	72	66	72	75	59	89
ENSG00000162961.14	372	460	492	194	242	301
ENSG00000162971.11	225	216	231	290	290	378
ENSG00000162972.11	649	716	585	471	552	624
ENSG00000162975.5	11	15	8	12	10	15
ENSG00000162976.13	64	93	109	58	50	76
ENSG00000162980.17	100	95	93	75	64	53
ENSG00000162981.14	37	52	75	42	26	35
ENSG00000162989.5	1	0	0	2	0	0
ENSG00000162992.5	0	0	0	0	0	0
ENSG00000162994.16	32	31	26	47	28	46
ENSG00000162998.5	0	4	3	4	3	2
ENSG00000162999.13	56	38	34	23	17	36
ENSG00000163001.12	821	1004	835	902	694	1140
ENSG00000163002.13	176	197	207	212	163	251
ENSG00000163006.12	147	227	189	264	238	327
ENSG00000163012.4	0	0	0	0	0	0
ENSG00000163013.12	306	470	339	461	317	427
ENSG00000163017.14	172	119	226	74	93	104
ENSG00000163026.12	76	79	55	68	61	64
ENSG00000163029.16	2657	3134	2812	3070	2376	3398
ENSG00000163032.12	0	2	0	0	0	0
ENSG00000163040.15	10	7	10	10	2	7
ENSG00000163041.13	97	48	85	102	75	106
ENSG00000163046.16	0	0	0	0	0	0
ENSG00000163050.18	126	142	144	115	91	144
ENSG00000163053.11	99	133	98	89	65	98
ENSG00000163060.8	0	0	0	0	0	0
ENSG00000163064.7	4	8	5	3	13	4
ENSG00000163069.13	286	348	347	209	206	232
ENSG00000163071.11	70	63	64	80	63	98
ENSG00000163072.16	1	1	4	1	3	3
ENSG00000163075.13	4	0	0	1	1	0
ENSG00000163082.10	0	2	3	0	0	0
ENSG00000163083.6	151	209	176	123	120	162
ENSG00000163092.22	1	0	0	0	0	0
ENSG00000163093.12	20	10	12	26	15	18
ENSG00000163104.18	750	917	770	766	660	1013
ENSG00000163106.11	0	0	0	0	0	0
ENSG00000163110.15	647	689	704	645	537	731
ENSG00000163114.6	1	0	0	0	0	0
ENSG00000163116.10	1	0	2	1	0	0
ENSG00000163121.10	0	0	0	0	0	0
ENSG00000163125.16	1279	1775	1552	1373	1039	1490
ENSG00000163126.15	147	172	163	290	211	245
ENSG00000163131.12	1	8	5	4	7	12
ENSG00000163132.8	4	2	2	2	2	4
ENSG00000163138.19	55	55	72	67	59	66
ENSG00000163141.20	13	13	16	18	6	7
ENSG00000163145.13	0	0	0	0	0	0
ENSG00000163154.6	0	0	0	0	0	0
ENSG00000163155.12	208	202	179	146	111	167
ENSG00000163156.12	313	414	453	303	267	369
ENSG00000163157.15	17	11	18	17	11	27
ENSG00000163159.15	2326	2706	2511	1820	1649	1976
ENSG00000163161.14	2232	2437	2369	2459	1966	2578
ENSG00000163162.9	754	835	811	736	710	936
ENSG00000163166.15	3119	3396	3108	2919	2324	3067
ENSG00000163170.12	210	248	227	163	133	214
ENSG00000163171.8	3	5	0	2	1	2
ENSG00000163191.6	394	447	486	213	277	349
ENSG00000163202.5	0	0	0	0	0	0
ENSG00000163206.6	0	0	0	0	0	0
ENSG00000163207.7	0	1	0	2	0	1
ENSG00000163209.15	0	0	0	0	0	0
ENSG00000163214.21	923	1036	976	1029	890	1267
ENSG00000163216.7	0	0	0	0	0	0
ENSG00000163217.2	0	0	0	0	0	0
ENSG00000163218.15	0	0	0	0	0	0
ENSG00000163219.12	1	0	0	0	1	0
ENSG00000163220.11	7	7	6	4	12	5
ENSG00000163221.9	0	1	0	1	1	0
ENSG00000163235.16	1	3	6	2	3	2
ENSG00000163239.12	0	0	0	0	0	1
ENSG00000163249.13	96	155	112	106	100	111
ENSG00000163251.4	23	56	62	28	33	48
ENSG00000163254.5	0	0	0	0	0	0
ENSG00000163257.11	167	196	194	185	188	205
ENSG00000163263.7	0	0	0	0	0	0
ENSG00000163273.4	0	0	0	0	0	0
ENSG00000163281.12	35	32	35	38	20	43
ENSG00000163283.7	0	1	0	0	0	0
ENSG00000163285.8	0	0	0	0	0	0
ENSG00000163286.9	0	0	0	0	0	0
ENSG00000163288.14	0	0	0	0	0	0
ENSG00000163291.14	37	41	41	22	23	27
ENSG00000163293.12	40	36	21	18	16	32
ENSG00000163295.5	0	0	0	0	0	0
ENSG00000163297.18	1	1	5	3	1	3
ENSG00000163312.11	551	572	523	749	534	708
ENSG00000163319.11	1270	1149	1272	369	489	550
ENSG00000163320.12	957	1075	953	711	666	840
ENSG00000163322.14	139	156	126	125	106	152
ENSG00000163328.14	28	48	36	32	35	60
ENSG00000163331.12	0	0	0	0	0	0
ENSG00000163344.6	684	798	740	431	474	595
ENSG00000163346.17	143	175	156	128	99	134
ENSG00000163347.6	19	34	25	20	11	16
ENSG00000163348.4	117	163	157	116	91	135
ENSG00000163349.22	4861	6851	6125	5359	4490	5835
ENSG00000163352.6	0	0	0	0	2	0
ENSG00000163354.15	5	9	10	11	8	9
ENSG00000163357.11	0	2	6	1	0	3
ENSG00000163359.17	3	1	5	3	3	4
ENSG00000163362.11	10	14	11	3	8	5
ENSG00000163374.20	1126	1343	1231	1110	852	1149
ENSG00000163376.11	48	63	58	63	48	76
ENSG00000163377.16	0	0	0	0	0	0
ENSG00000163378.14	60	80	78	97	61	102
ENSG00000163380.16	0	0	0	1	0	1
ENSG00000163382.13	1201	1151	1084	687	685	892
ENSG00000163389.12	187	277	285	264	211	277
ENSG00000163393.13	131	180	159	178	130	211
ENSG00000163394.6	0	0	0	0	0	0
ENSG00000163395.17	4	2	2	2	11	7
ENSG00000163399.16	10493	11212	10891	6646	7067	9189
ENSG00000163406.11	15	24	22	33	24	32
ENSG00000163412.13	185	218	211	196	150	236
ENSG00000163421.9	0	0	0	0	0	0
ENSG00000163424.9	0	0	0	0	0	0
ENSG00000163428.4	503	529	518	456	561	790
ENSG00000163430.12	0	0	1	1	0	0
ENSG00000163431.13	3	5	4	4	2	2
ENSG00000163435.16	872	1003	1133	847	745	1048
ENSG00000163440.12	2	1	0	0	3	0
ENSG00000163444.12	233	301	271	258	225	229
ENSG00000163449.11	7	6	13	6	8	3
ENSG00000163453.11	0	0	0	0	0	0
ENSG00000163462.19	104	165	138	189	130	170
ENSG00000163463.13	7	7	6	1	3	1
ENSG00000163464.8	0	0	0	0	0	0
ENSG00000163466.16	2395	2479	2499	1466	1427	1876
ENSG00000163467.12	0	0	0	0	1	0
ENSG00000163468.15	17578	19127	18793	11491	12041	14729
ENSG00000163472.19	34	39	38	44	26	38
ENSG00000163479.14	494	579	621	185	213	248
ENSG00000163481.8	239	278	263	171	148	206
ENSG00000163482.12	364	520	428	555	392	580
ENSG00000163485.17	31	39	34	26	28	23
ENSG00000163491.17	19	11	8	7	16	15
ENSG00000163492.16	0	0	0	0	0	0
ENSG00000163497.3	0	0	0	1	0	0
ENSG00000163499.12	0	2	1	1	1	1
ENSG00000163501.7	2	1	0	0	0	0
ENSG00000163507.15	2211	2434	2219	2430	2141	2648
ENSG00000163508.13	16	21	14	11	12	19
ENSG00000163510.14	1592	1733	1636	1412	1263	1760
ENSG00000163512.14	226	359	307	278	262	313
ENSG00000163513.19	5	15	5	6	6	8
ENSG00000163515.7	0	0	0	0	0	0
ENSG00000163516.14	537	562	534	614	500	633
ENSG00000163517.15	158	165	174	153	102	139
ENSG00000163518.11	0	0	0	0	0	2
ENSG00000163519.14	0	0	0	0	0	0
ENSG00000163520.14	0	1	0	0	0	0
ENSG00000163521.16	13	12	10	11	17	12
ENSG00000163527.10	2938	3512	3465	3369	3324	4307
ENSG00000163528.13	212	193	214	110	111	123
ENSG00000163530.4	0	0	0	0	0	0
ENSG00000163531.17	4	0	2	1	1	1
ENSG00000163534.15	1	0	0	0	0	0
ENSG00000163535.18	1190	1694	1267	1508	1390	1948
ENSG00000163536.13	6	2	3	4	3	4
ENSG00000163539.18	1335	1485	1425	1590	1292	1715
ENSG00000163541.12	2700	2695	2664	1296	1486	1729
ENSG00000163545.11	87	79	82	77	59	74
ENSG00000163554.15	2	4	6	1	3	7
ENSG00000163558.13	1233	1264	1259	1038	1080	1398
ENSG00000163563.8	0	0	0	0	0	0
ENSG00000163564.15	0	0	0	0	0	0
ENSG00000163565.20	0	0	0	0	0	0
ENSG00000163568.16	0	0	0	0	0	0
ENSG00000163576.18	12	20	7	14	7	14
ENSG00000163577.8	66	72	77	49	37	64
ENSG00000163581.14	0	0	0	0	0	0
ENSG00000163584.18	1297	1267	1290	631	778	907
ENSG00000163586.10	0	0	0	0	0	0
ENSG00000163590.14	301	310	265	213	240	320
ENSG00000163596.17	74	66	72	71	89	102
ENSG00000163599.18	0	0	0	0	0	0
ENSG00000163600.13	0	0	0	0	0	0
ENSG00000163602.12	187	248	205	116	135	168
ENSG00000163605.15	1162	1113	984	877	843	1117
ENSG00000163606.11	0	0	0	0	0	0
ENSG00000163607.18	32	46	52	30	41	68
ENSG00000163608.15	593	701	653	538	476	610
ENSG00000163611.11	0	0	0	0	0	0
ENSG00000163617.11	215	291	195	397	241	351
ENSG00000163618.18	1	4	1	0	6	1
ENSG00000163623.10	0	0	0	0	0	0
ENSG00000163624.6	65	98	88	92	104	130
ENSG00000163625.17	2195	2892	2621	3028	2324	2997
ENSG00000163626.17	22	31	43	22	52	57
ENSG00000163629.13	779	937	840	983	781	1102
ENSG00000163630.11	0	0	0	0	0	0
ENSG00000163631.17	0	1	0	0	1	0
ENSG00000163632.15	0	0	0	0	2	0
ENSG00000163633.12	0	0	0	0	0	0
ENSG00000163634.12	8086	8623	8200	4409	4551	5757
ENSG00000163635.20	1750	2248	2147	2227	1709	2233
ENSG00000163636.11	57475	59842	56290	38168	37816	48917
ENSG00000163637.13	101	213	139	104	92	131
ENSG00000163638.13	268	313	318	270	229	282
ENSG00000163644.15	92	88	90	110	91	121
ENSG00000163645.15	11	19	8	10	10	11
ENSG00000163646.12	0	0	0	0	0	0
ENSG00000163655.16	2615	3002	2691	2209	2196	3041
ENSG00000163659.13	114	132	113	86	100	128
ENSG00000163660.12	978	988	1030	1301	1043	1415
ENSG00000163661.4	0	0	0	0	2	0
ENSG00000163666.10	6	4	3	9	1	4
ENSG00000163673.8	0	0	0	0	0	0
ENSG00000163681.17	565	641	564	605	514	636
ENSG00000163682.17	296	207	304	140	209	177
ENSG00000163683.12	90	114	133	67	106	109
ENSG00000163684.12	11	22	26	20	25	15
ENSG00000163686.15	15	26	9	8	6	16
ENSG00000163687.14	0	0	0	0	0	0
ENSG00000163689.21	28	23	45	37	29	25
ENSG00000163694.15	849	912	905	675	523	682
ENSG00000163697.17	193	217	191	181	164	214
ENSG00000163701.19	10	25	25	22	17	30
ENSG00000163702.21	33	51	55	44	36	45
ENSG00000163703.20	243	232	261	262	188	319
ENSG00000163704.12	210	253	272	244	187	267
ENSG00000163705.13	0	0	0	0	0	0
ENSG00000163710.9	27	35	36	22	25	34
ENSG00000163714.18	3838	4128	3846	4549	3942	5108
ENSG00000163719.20	1549	1948	1870	1500	1265	1812
ENSG00000163728.11	1428	1198	1197	2184	1619	2061
ENSG00000163734.4	0	0	0	0	0	0
ENSG00000163735.7	0	0	0	0	0	0
ENSG00000163736.4	0	0	0	0	0	0
ENSG00000163737.5	0	0	0	0	0	0
ENSG00000163738.19	169	150	188	155	122	134
ENSG00000163739.5	0	0	0	0	0	0
ENSG00000163743.14	127	179	163	121	124	137
ENSG00000163746.13	0	0	0	0	0	0
ENSG00000163749.18	6	3	3	4	2	8
ENSG00000163751.4	0	0	0	0	0	0
ENSG00000163754.18	1025	1029	1158	641	640	783
ENSG00000163755.9	805	1023	933	851	777	1021
ENSG00000163762.7	0	0	0	0	0	2
ENSG00000163781.14	2462	2814	2589	3244	2571	3619
ENSG00000163785.13	289	370	303	346	277	336
ENSG00000163788.14	234	295	285	227	197	275
ENSG00000163792.6	0	0	0	0	0	0
ENSG00000163793.13	0	2	0	1	3	3
ENSG00000163794.6	0	0	3	0	0	2
ENSG00000163795.14	29	48	47	73	38	55
ENSG00000163798.14	1866	1996	1996	1707	1522	1969
ENSG00000163803.13	0	0	0	0	0	0
ENSG00000163806.16	0	2	3	0	1	0
ENSG00000163807.6	10	11	7	8	10	13
ENSG00000163808.17	888	969	811	998	779	1002
ENSG00000163810.13	0	0	0	1	0	0
ENSG00000163811.12	6832	8042	7347	5693	5269	6957
ENSG00000163812.16	164	199	153	148	103	173
ENSG00000163814.8	0	0	0	0	0	1
ENSG00000163815.6	0	0	0	1	1	0
ENSG00000163817.17	0	0	1	0	0	1
ENSG00000163818.20	9	12	18	11	7	14
ENSG00000163820.16	899	1072	1050	1033	781	992
ENSG00000163823.4	5	6	2	2	7	8
ENSG00000163825.5	0	0	0	0	0	0
ENSG00000163827.14	0	0	1	0	0	0
ENSG00000163832.16	305	318	352	290	269	289
ENSG00000163833.8	0	0	0	0	0	0
ENSG00000163840.10	900	1020	971	707	721	989
ENSG00000163848.21	779	811	844	764	731	989
ENSG00000163864.18	3	4	1	4	5	3
ENSG00000163866.9	140	131	140	86	105	82
ENSG00000163867.17	79	78	75	121	95	119
ENSG00000163870.16	48	103	81	69	76	81
ENSG00000163872.16	454	565	549	583	439	593
ENSG00000163873.10	15	35	28	28	18	22
ENSG00000163874.11	88	132	117	109	77	80
ENSG00000163875.16	231	288	328	150	196	223
ENSG00000163877.11	284	352	312	249	241	350
ENSG00000163879.11	0	0	0	1	0	0
ENSG00000163882.10	1426	1303	1436	1014	1087	1230
ENSG00000163884.4	4	3	1	3	6	0
ENSG00000163885.12	0	0	0	1	0	0
ENSG00000163888.4	84	88	82	57	57	61
ENSG00000163898.10	107	86	101	73	99	113
ENSG00000163900.11	101	115	126	85	77	114
ENSG00000163902.12	6897	7555	7108	4534	4912	6091
ENSG00000163904.13	721	811	829	794	633	888
ENSG00000163909.8	10	21	15	10	5	9
ENSG00000163913.14	602	695	745	810	609	898
ENSG00000163914.5	0	0	0	0	0	0
ENSG00000163918.12	1046	1138	1035	873	897	1142
ENSG00000163923.10	31	60	34	14	19	30
ENSG00000163930.10	675	897	765	628	496	688
ENSG00000163931.17	7033	8602	8449	5141	5126	6343
ENSG00000163932.16	2327	2750	2755	1965	1631	2245
ENSG00000163933.10	403	514	447	360	363	492
ENSG00000163935.14	690	779	729	708	605	774
ENSG00000163938.17	1583	1842	1809	1306	1155	1444
ENSG00000163939.18	1708	2154	1950	2042	1630	2323
ENSG00000163945.19	277	359	321	411	297	404
ENSG00000163946.14	1508	1831	1712	1815	1498	1976
ENSG00000163947.12	92	94	93	78	59	69
ENSG00000163950.13	1538	1513	1583	1238	1029	1398
ENSG00000163956.13	1179	1375	1280	812	759	950
ENSG00000163958.14	0	0	0	0	0	0
ENSG00000163959.10	0	0	0	3	0	0
ENSG00000163960.12	934	942	993	894	796	1124
ENSG00000163961.4	1616	1996	1794	1627	1274	1701
ENSG00000163964.18	336	402	421	319	383	414
ENSG00000163975.14	107	114	129	136	91	168
ENSG00000163982.6	0	0	0	0	0	0
ENSG00000163993.7	377	401	433	129	162	181
ENSG00000163995.21	46	53	47	40	38	55
ENSG00000164002.12	216	227	193	196	141	176
ENSG00000164007.11	0	0	0	0	0	0
ENSG00000164008.17	46	60	32	46	35	52
ENSG00000164010.15	55	62	59	82	62	68
ENSG00000164011.18	46	75	56	67	59	78
ENSG00000164022.18	3154	3833	3338	2457	2377	2920
ENSG00000164023.15	7	11	9	6	21	26
ENSG00000164024.12	780	775	834	663	631	832
ENSG00000164031.17	585	554	599	715	591	807
ENSG00000164032.12	346	339	451	237	267	292
ENSG00000164035.10	2	6	1	3	2	6
ENSG00000164037.17	1	0	0	0	1	1
ENSG00000164038.16	37	56	43	60	38	59
ENSG00000164039.15	0	2	3	4	3	5
ENSG00000164040.18	1083	1107	1117	947	936	1158
ENSG00000164045.12	431	489	480	405	325	445
ENSG00000164047.6	0	0	0	0	0	0
ENSG00000164048.14	80	74	93	112	68	125
ENSG00000164049.14	0	0	0	0	0	0
ENSG00000164050.13	456	608	580	749	482	633
ENSG00000164051.14	300	356	375	199	230	309
ENSG00000164053.22	225	253	267	230	178	264
ENSG00000164054.17	622	597	716	331	463	388
ENSG00000164056.11	7	10	7	5	11	15
ENSG00000164061.5	116	201	162	137	120	160
ENSG00000164062.13	1361	1482	1479	1282	1288	1696
ENSG00000164066.13	158	159	151	177	170	208
ENSG00000164068.16	248	328	352	294	234	301
ENSG00000164070.12	454	464	468	441	429	499
ENSG00000164073.11	281	263	314	275	290	359
ENSG00000164074.16	192	236	239	300	220	306
ENSG00000164076.17	0	0	0	0	0	2
ENSG00000164077.15	69	110	81	85	72	105
ENSG00000164078.14	27	34	40	30	38	42
ENSG00000164080.14	1021	1457	1220	1322	1032	1391
ENSG00000164081.13	206	256	243	156	155	193
ENSG00000164082.15	2	0	0	2	0	1
ENSG00000164086.10	15	30	21	12	8	12
ENSG00000164087.8	214	253	288	205	205	302
ENSG00000164088.18	80	100	111	137	67	101
ENSG00000164089.9	0	0	0	0	0	0
ENSG00000164091.12	927	947	960	604	606	715
ENSG00000164093.18	4	12	12	6	2	7
ENSG00000164096.13	942	1077	1013	772	885	1188
ENSG00000164099.3	1	0	1	1	1	1
ENSG00000164100.9	0	0	0	0	0	0
ENSG00000164104.12	8182	8392	7533	4665	5291	6368
ENSG00000164105.4	388	374	432	270	294	334
ENSG00000164106.8	0	0	0	0	0	0
ENSG00000164107.9	0	0	0	0	0	0
ENSG00000164109.14	261	219	266	128	200	155
ENSG00000164111.15	2363	2581	2594	1650	1845	2232
ENSG00000164112.14	0	0	0	0	0	0
ENSG00000164113.11	0	0	0	0	1	0
ENSG00000164114.19	65	111	53	74	92	123
ENSG00000164116.17	0	0	0	0	0	0
ENSG00000164117.14	69	84	89	53	49	77
ENSG00000164118.13	53	97	57	80	72	74
ENSG00000164120.14	2	2	1	0	0	0
ENSG00000164122.9	0	1	0	0	0	0
ENSG00000164123.7	0	0	0	0	0	0
ENSG00000164124.11	16	16	23	20	27	26
ENSG00000164125.16	2	0	2	8	2	1
ENSG00000164128.7	10	19	23	15	18	31
ENSG00000164129.12	2	0	0	4	0	0
ENSG00000164134.14	5492	5980	5557	4828	4611	6175
ENSG00000164136.17	0	0	0	6	0	4
ENSG00000164142.16	156	206	190	186	147	228
ENSG00000164144.16	104	167	149	101	120	161
ENSG00000164151.12	2790	3269	2985	3496	2707	3566
ENSG00000164161.10	0	0	0	0	0	0
ENSG00000164162.14	28	20	21	18	25	22
ENSG00000164163.11	1669	1707	1786	1302	1195	1395
ENSG00000164164.17	686	854	759	867	711	896
ENSG00000164167.12	262	244	243	144	167	181
ENSG00000164168.8	133	173	213	177	159	239
ENSG00000164169.13	602	586	681	817	677	854
ENSG00000164171.11	843	895	924	1060	1007	1323
ENSG00000164172.20	491	542	545	383	379	572
ENSG00000164175.15	1	0	0	0	0	0
ENSG00000164176.13	0	0	0	0	0	0
ENSG00000164180.14	127	154	163	244	167	274
ENSG00000164181.14	84	74	91	67	66	82
ENSG00000164182.12	184	157	191	142	149	179
ENSG00000164185.7	0	0	0	0	0	0
ENSG00000164187.7	894	1043	903	1155	986	1378
ENSG00000164188.9	0	0	0	0	0	0
ENSG00000164190.19	4291	4992	4421	4662	3682	5062
ENSG00000164197.12	9	15	10	13	7	10
ENSG00000164199.18	1076	1201	1146	1560	1307	1699
ENSG00000164209.17	1247	1377	1260	823	838	1185
ENSG00000164211.13	48	43	36	63	67	84
ENSG00000164219.10	304	285	301	290	240	303
ENSG00000164220.7	0	0	0	0	0	0
ENSG00000164221.13	501	645	620	724	523	702
ENSG00000164236.12	5	5	6	2	4	3
ENSG00000164237.9	819	849	815	363	419	511
ENSG00000164241.14	14	19	21	9	12	17
ENSG00000164244.21	932	999	1022	826	783	1093
ENSG00000164251.5	83	116	112	48	54	68
ENSG00000164252.13	149	255	224	206	152	229
ENSG00000164253.14	898	990	991	880	833	1078
ENSG00000164256.11	0	0	0	0	0	0
ENSG00000164258.12	1009	1191	1162	569	625	713
ENSG00000164265.9	0	0	0	0	0	0
ENSG00000164266.11	1	0	0	0	0	0
ENSG00000164270.18	0	0	0	0	0	0
ENSG00000164283.13	0	0	0	0	0	0
ENSG00000164284.15	332	353	345	327	353	431
ENSG00000164287.13	0	0	0	3	0	0
ENSG00000164291.17	39	41	55	45	31	48
ENSG00000164292.13	893	883	967	1161	1047	1287
ENSG00000164294.14	88	83	64	78	93	105
ENSG00000164296.7	137	153	157	121	117	156
ENSG00000164299.7	0	0	0	0	0	0
ENSG00000164300.17	208	223	195	160	152	178
ENSG00000164303.11	0	0	0	0	0	0
ENSG00000164304.16	4	7	1	2	5	5
ENSG00000164305.20	9	20	19	17	10	14
ENSG00000164306.11	232	285	243	373	291	376
ENSG00000164307.13	203	281	247	265	233	288
ENSG00000164308.17	9	8	0	3	2	4
ENSG00000164309.15	474	541	482	650	482	641
ENSG00000164318.18	0	0	0	0	0	0
ENSG00000164323.15	436	616	562	398	404	539
ENSG00000164325.8	0	0	0	0	0	0
ENSG00000164326.5	0	0	0	0	0	0
ENSG00000164327.13	461	626	645	571	502	620
ENSG00000164329.14	425	408	396	450	354	455
ENSG00000164330.17	0	0	0	0	0	0
ENSG00000164331.10	21	62	45	76	54	68
ENSG00000164332.8	383	379	383	323	350	388
ENSG00000164334.16	2	1	3	4	1	5
ENSG00000164338.10	1450	1477	1528	1225	1075	1381
ENSG00000164342.14	2	0	0	0	1	0
ENSG00000164344.17	0	0	0	0	0	0
ENSG00000164346.10	2642	2244	2200	1795	1877	2346
ENSG00000164347.18	717	816	786	740	689	847
ENSG00000164362.21	165	255	209	299	178	254
ENSG00000164363.10	2	0	0	0	1	3
ENSG00000164366.4	302	342	318	220	188	242
ENSG00000164379.7	0	1	0	0	0	0
ENSG00000164398.15	0	0	1	0	0	0
ENSG00000164399.5	0	0	0	0	0	0
ENSG00000164400.6	0	0	0	0	0	0
ENSG00000164402.14	1903	2180	1987	1849	1529	2078
ENSG00000164403.15	135	155	190	232	156	197
ENSG00000164404.9	2	3	0	0	2	9
ENSG00000164405.11	1400	1556	1612	763	980	1047
ENSG00000164406.8	13	10	13	17	15	13
ENSG00000164411.12	25	28	13	25	18	29
ENSG00000164414.19	247	325	263	288	310	436
ENSG00000164418.22	0	0	0	0	0	0
ENSG00000164430.17	117	161	149	147	136	197
ENSG00000164434.12	0	0	0	0	0	0
ENSG00000164438.6	1	0	1	0	0	0
ENSG00000164440.15	40	54	61	37	29	36
ENSG00000164442.10	36	34	32	29	24	26
ENSG00000164451.14	2	0	1	0	2	2
ENSG00000164458.10	0	0	0	0	0	0
ENSG00000164463.12	103	146	126	132	126	146
ENSG00000164465.19	250	293	254	273	197	281
ENSG00000164466.13	1303	1540	1591	1222	1230	1600
ENSG00000164483.17	2	2	5	4	0	10
ENSG00000164484.12	0	0	2	0	0	0
ENSG00000164485.15	0	0	0	0	0	0
ENSG00000164488.12	0	0	0	0	0	0
ENSG00000164494.12	316	431	396	312	286	352
ENSG00000164500.7	0	0	0	0	0	0
ENSG00000164506.15	420	600	512	562	446	582
ENSG00000164508.6	0	0	1	0	0	0
ENSG00000164509.16	0	0	0	0	0	0
ENSG00000164512.18	0	0	0	0	0	0
ENSG00000164520.12	0	0	0	0	0	0
ENSG00000164530.15	0	0	0	0	0	0
ENSG00000164532.11	0	1	0	0	0	0
ENSG00000164535.15	635	631	640	682	538	739
ENSG00000164542.13	24	29	30	29	36	38
ENSG00000164543.7	129	90	143	116	104	112
ENSG00000164548.12	1911	1710	1817	1638	1529	2031
ENSG00000164574.16	1200	1377	1345	1358	1144	1490
ENSG00000164576.12	270	350	291	306	228	261
ENSG00000164587.13	17471	18678	17845	7596	7913	8923
ENSG00000164588.8	0	0	0	0	0	0
ENSG00000164591.14	0	0	0	0	0	0
ENSG00000164597.15	1032	1091	1137	1191	1000	1428
ENSG00000164600.7	0	0	0	1	0	0
ENSG00000164603.12	93	90	109	79	64	78
ENSG00000164604.14	0	0	0	0	0	0
ENSG00000164609.10	1687	1707	1602	1377	1395	1597
ENSG00000164610.10	85	129	101	77	70	106
ENSG00000164611.13	316	367	398	146	178	192
ENSG00000164615.6	414	479	411	329	271	357
ENSG00000164619.10	1	0	0	3	0	0
ENSG00000164620.9	47	61	56	73	60	74
ENSG00000164626.9	195	269	228	191	163	233
ENSG00000164627.18	4	5	0	7	6	5
ENSG00000164631.19	1093	1277	1164	1055	859	1144
ENSG00000164638.11	19	29	16	31	10	16
ENSG00000164645.3	0	0	0	0	0	0
ENSG00000164647.9	1	1	1	1	1	0
ENSG00000164649.20	792	929	870	714	583	818
ENSG00000164651.18	0	0	0	0	0	0
ENSG00000164654.16	655	809	756	874	749	978
ENSG00000164659.15	720	811	840	852	706	915
ENSG00000164663.15	26	50	58	57	41	54
ENSG00000164674.17	4	4	6	5	1	5
ENSG00000164675.11	2	2	6	1	1	0
ENSG00000164683.19	6	12	7	0	0	7
ENSG00000164684.13	104	158	136	123	85	121
ENSG00000164687.11	23	7	23	14	8	13
ENSG00000164690.8	586	714	699	677	592	854
ENSG00000164691.18	0	0	0	0	0	0
ENSG00000164692.19	2	2	0	1	0	0
ENSG00000164694.17	1	2	1	0	0	0
ENSG00000164695.5	324	298	304	213	192	250
ENSG00000164707.16	0	0	0	0	0	0
ENSG00000164708.6	1	1	0	0	0	0
ENSG00000164713.10	113	109	107	38	53	65
ENSG00000164715.6	1148	1574	1448	1398	1091	1541
ENSG00000164729.8	0	0	0	0	0	0
ENSG00000164733.22	136	150	150	114	100	139
ENSG00000164736.6	0	0	0	0	0	0
ENSG00000164741.15	176	193	227	208	125	227
ENSG00000164742.16	135	238	194	247	170	214
ENSG00000164743.5	0	0	0	0	0	0
ENSG00000164744.14	0	0	1	0	0	0
ENSG00000164746.14	0	0	2	0	0	0
ENSG00000164749.13	1	0	0	0	2	1
ENSG00000164751.15	127	149	125	106	135	155
ENSG00000164754.16	14153	16789	14840	12038	10929	15011
ENSG00000164756.13	0	0	0	0	0	0
ENSG00000164758.7	28	56	33	30	36	39
ENSG00000164761.9	2	6	5	3	1	1
ENSG00000164764.11	0	0	0	0	0	0
ENSG00000164776.11	7	6	10	6	18	10
ENSG00000164778.4	11	12	22	7	5	15
ENSG00000164794.9	0	0	0	0	1	0
ENSG00000164796.18	0	0	0	0	0	0
ENSG00000164808.17	1724	2117	2060	2387	1850	2441
ENSG00000164815.11	483	556	553	463	418	623
ENSG00000164816.8	0	0	0	0	0	0
ENSG00000164818.16	959	1251	1194	895	753	1009
ENSG00000164821.5	0	0	0	0	0	0
ENSG00000164822.5	0	0	0	0	0	0
ENSG00000164823.11	457	446	500	394	356	509
ENSG00000164825.4	0	0	1	0	0	0
ENSG00000164828.18	2016	2314	2278	2474	2111	2664
ENSG00000164830.19	904	1076	1004	1034	868	1106
ENSG00000164841.5	0	1	0	0	0	0
ENSG00000164849.10	0	1	1	0	0	0
ENSG00000164850.16	6	3	4	4	1	0
ENSG00000164853.9	1	0	3	0	0	0
ENSG00000164855.16	306	470	452	377	275	355
ENSG00000164867.11	3	2	0	2	2	1
ENSG00000164871.18	0	0	0	0	0	0
ENSG00000164877.19	521	831	735	718	470	671
ENSG00000164879.7	0	0	0	0	0	0
ENSG00000164880.16	5002	6449	6058	5589	4139	5759
ENSG00000164885.13	393	395	410	165	199	228
ENSG00000164889.15	2337	2968	2940	2903	2165	3060
ENSG00000164893.9	2	1	1	0	0	0
ENSG00000164896.21	276	346	359	378	332	377
ENSG00000164897.14	42	93	99	56	56	55
ENSG00000164898.13	380	292	361	198	230	239
ENSG00000164900.5	0	0	0	0	0	0
ENSG00000164902.14	1717	1933	1779	1304	1220	1770
ENSG00000164904.18	2289	2120	2138	1808	1788	2153
ENSG00000164916.11	243	373	353	324	211	258
ENSG00000164919.11	6083	5103	5317	2736	3836	3716
ENSG00000164920.10	58	62	70	69	64	73
ENSG00000164924.18	4758	4700	5214	2468	2669	2891
ENSG00000164929.17	0	0	0	0	0	0
ENSG00000164930.12	765	797	886	698	640	831
ENSG00000164932.13	11	23	27	14	17	32
ENSG00000164933.12	56	79	67	55	47	60
ENSG00000164934.14	3828	4170	3969	3328	3295	4545
ENSG00000164935.6	0	0	0	0	0	0
ENSG00000164938.14	64	80	85	71	58	91
ENSG00000164941.14	762	957	912	1096	1000	1213
ENSG00000164944.12	5737	6627	6057	5235	4779	6712
ENSG00000164946.20	0	0	2	4	0	0
ENSG00000164949.8	4	3	4	0	1	2
ENSG00000164951.16	426	516	512	391	350	478
ENSG00000164953.17	194	192	195	285	184	281
ENSG00000164961.16	3029	3724	3409	3136	2789	3704
ENSG00000164967.10	64	54	67	50	28	41
ENSG00000164970.15	34	34	27	39	30	41
ENSG00000164972.14	0	1	1	0	0	0
ENSG00000164975.16	81	103	68	116	84	113
ENSG00000164976.9	43	110	99	73	50	68
ENSG00000164978.18	85	106	121	65	52	52
ENSG00000164983.9	133	177	178	129	132	168
ENSG00000164985.15	848	942	844	811	780	946
ENSG00000164989.17	75	60	77	79	57	75
ENSG00000165006.14	375	456	445	452	333	513
ENSG00000165023.7	0	0	1	0	2	3
ENSG00000165025.15	263	331	279	246	237	320
ENSG00000165028.12	13	10	15	21	21	19
ENSG00000165029.17	20	11	14	5	11	5
ENSG00000165030.4	112	130	102	60	60	113
ENSG00000165046.13	44	48	37	41	45	44
ENSG00000165055.16	240	216	235	282	203	266
ENSG00000165059.8	0	0	2	0	0	1
ENSG00000165060.15	2	1	1	1	6	4
ENSG00000165061.15	0	5	1	4	0	2
ENSG00000165066.13	0	0	0	0	0	0
ENSG00000165071.15	0	0	0	0	0	0
ENSG00000165072.10	0	0	0	1	0	0
ENSG00000165076.14	0	0	0	0	0	0
ENSG00000165078.13	0	0	0	0	0	2
ENSG00000165084.16	1	0	1	1	0	0
ENSG00000165091.18	0	0	2	1	0	1
ENSG00000165092.13	0	0	1	2	0	0
ENSG00000165097.16	864	942	939	651	603	895
ENSG00000165102.15	246	252	277	363	260	396
ENSG00000165105.10	642	671	636	680	588	787
ENSG00000165113.13	105	137	139	175	137	155
ENSG00000165115.15	171	191	166	228	175	260
ENSG00000165118.15	706	732	703	424	483	623
ENSG00000165119.22	7748	5909	6846	4841	4979	6155
ENSG00000165120.5	1	0	2	1	0	2
ENSG00000165124.19	0	0	0	0	1	0
ENSG00000165125.22	0	0	0	1	0	0
ENSG00000165131.8	0	0	0	0	0	0
ENSG00000165138.18	266	402	441	433	295	431
ENSG00000165140.12	1259	1280	1328	858	927	1126
ENSG00000165152.9	0	0	0	0	0	0
ENSG00000165156.15	3092	3434	3322	3179	2563	3389
ENSG00000165164.14	1	0	0	0	1	0
ENSG00000165168.9	12	8	9	7	8	8
ENSG00000165169.11	344	319	338	126	193	148
ENSG00000165171.11	2	3	3	7	3	8
ENSG00000165175.17	197	193	235	170	117	185
ENSG00000165181.17	0	0	1	1	2	2
ENSG00000165182.12	0	0	0	0	0	0
ENSG00000165185.15	170	271	210	205	168	256
ENSG00000165186.12	0	0	0	0	0	0
ENSG00000165188.14	0	0	0	0	0	0
ENSG00000165192.14	0	0	0	0	0	0
ENSG00000165194.15	1	2	3	0	6	0
ENSG00000165195.16	95	124	130	118	86	94
ENSG00000165197.5	1	0	0	1	1	3
ENSG00000165202.3	2	1	2	0	2	1
ENSG00000165204.3	0	0	0	0	0	0
ENSG00000165209.19	918	962	959	891	782	1079
ENSG00000165215.6	1081	929	1155	480	637	660
ENSG00000165219.23	2491	2893	2794	2415	2207	2887
ENSG00000165233.18	140	121	137	71	77	81
ENSG00000165238.17	415	593	596	606	450	672
ENSG00000165240.22	320	312	383	377	315	402
ENSG00000165244.7	183	310	211	191	188	219
ENSG00000165246.15	0	0	0	0	0	0
ENSG00000165259.14	1	0	0	0	0	1
ENSG00000165264.11	370	346	409	199	250	284
ENSG00000165269.13	2	2	1	3	2	4
ENSG00000165271.17	933	1260	1168	862	787	949
ENSG00000165272.16	410	525	479	315	274	336
ENSG00000165275.10	114	115	122	135	126	162
ENSG00000165280.18	6057	6258	6450	3958	4394	5229
ENSG00000165282.15	432	539	512	445	357	529
ENSG00000165283.16	1175	1623	1586	764	727	971
ENSG00000165288.11	775	932	881	982	771	931
ENSG00000165300.8	0	1	0	0	1	0
ENSG00000165304.8	1085	1257	1223	1286	1144	1552
ENSG00000165309.14	1	2	1	3	1	5
ENSG00000165312.7	31	45	51	59	39	42
ENSG00000165322.18	1565	1672	1611	1677	1348	1762
ENSG00000165323.16	1	0	1	0	0	0
ENSG00000165325.15	0	0	0	1	0	0
ENSG00000165338.17	121	153	155	193	180	234
ENSG00000165349.12	0	0	0	0	0	0
ENSG00000165355.8	121	103	102	115	92	144
ENSG00000165359.16	175	211	226	282	235	333
ENSG00000165370.3	0	0	0	0	0	0
ENSG00000165376.12	0	0	0	0	0	0
ENSG00000165379.14	8	7	5	6	5	9
ENSG00000165383.12	0	0	0	0	1	0
ENSG00000165389.7	218	191	218	86	93	111
ENSG00000165392.11	726	733	721	942	752	1019
ENSG00000165406.16	25	42	26	22	20	26
ENSG00000165409.18	0	0	0	0	0	0
ENSG00000165410.15	807	663	679	400	379	471
ENSG00000165416.15	465	496	431	390	374	475
ENSG00000165417.12	2090	2235	2068	1560	1572	1990
ENSG00000165424.7	8	22	10	18	14	17
ENSG00000165434.8	32	37	43	28	16	31
ENSG00000165443.12	0	0	0	0	0	0
ENSG00000165449.12	108	117	138	113	100	138
ENSG00000165457.15	0	0	0	0	0	0
ENSG00000165458.15	1691	2557	2262	2460	1684	2462
ENSG00000165462.5	0	0	0	0	0	0
ENSG00000165471.7	0	0	0	0	0	0
ENSG00000165474.8	47	33	56	33	39	46
ENSG00000165475.15	316	439	345	198	185	231
ENSG00000165476.14	826	965	911	606	586	848
ENSG00000165478.8	0	0	0	0	0	0
ENSG00000165480.16	508	521	522	548	516	687
ENSG00000165487.14	2369	2676	2458	2527	2404	3228
ENSG00000165490.13	87	90	97	114	83	104
ENSG00000165494.12	3615	4245	3806	4649	3549	4779
ENSG00000165495.16	2	1	0	0	0	0
ENSG00000165496.5	0	0	0	0	0	0
ENSG00000165501.17	240	269	291	183	165	201
ENSG00000165502.7	5660	4684	5176	3373	3555	4175
ENSG00000165506.15	911	958	1015	734	744	1038
ENSG00000165507.9	0	2	0	0	0	0
ENSG00000165509.13	0	0	0	0	0	0
ENSG00000165512.5	176	207	170	100	110	144
ENSG00000165516.11	712	718	755	612	579	750
ENSG00000165521.16	170	195	162	234	179	230
ENSG00000165525.18	3413	3909	3684	3317	2704	3703
ENSG00000165526.9	341	389	393	377	244	366
ENSG00000165527.8	334	442	465	235	197	270
ENSG00000165533.19	1235	1365	1365	1237	1089	1549
ENSG00000165548.11	120	170	149	147	101	165
ENSG00000165553.5	0	0	0	0	0	0
ENSG00000165555.10	12	16	18	13	17	33
ENSG00000165556.10	0	0	1	0	0	0
ENSG00000165566.13	0	1	0	0	0	0
ENSG00000165568.18	214	253	236	321	200	311
ENSG00000165572.8	175	197	206	152	156	219
ENSG00000165583.16	0	0	0	0	0	0
ENSG00000165584.16	0	0	2	1	0	1
ENSG00000165588.19	0	0	0	0	0	0
ENSG00000165591.7	67	61	54	54	56	61
ENSG00000165606.10	0	0	0	0	0	0
ENSG00000165609.13	865	969	956	558	563	656
ENSG00000165617.15	0	0	1	1	2	1
ENSG00000165621.9	0	0	0	0	0	0
ENSG00000165623.10	0	0	0	0	0	0
ENSG00000165626.19	144	250	189	189	116	191
ENSG00000165629.20	1509	1876	1885	1278	1384	1647
ENSG00000165630.15	622	734	676	569	470	674
ENSG00000165632.9	1883	2446	1953	1922	1596	2200
ENSG00000165633.13	0	0	0	0	0	0
ENSG00000165637.14	1897	2043	1934	1000	981	1401
ENSG00000165643.11	0	0	0	0	0	0
ENSG00000165644.11	101	126	115	97	61	108
ENSG00000165646.14	0	0	0	0	2	0
ENSG00000165650.12	542	665	603	665	512	682
ENSG00000165655.17	34	41	45	31	25	22
ENSG00000165660.8	733	758	737	733	654	791
ENSG00000165661.17	609	715	688	702	548	658
ENSG00000165669.14	632	701	650	655	566	745
ENSG00000165671.22	5735	7902	6964	6819	5260	7234
ENSG00000165672.7	569	764	785	344	407	476
ENSG00000165675.19	254	294	268	236	197	233
ENSG00000165678.22	5227	5016	5484	3055	3878	4711
ENSG00000165682.15	0	0	0	0	0	0
ENSG00000165684.6	652	843	868	798	554	740
ENSG00000165685.9	0	0	0	0	0	0
ENSG00000165688.13	1017	1168	1193	873	837	1031
ENSG00000165689.17	559	585	671	705	532	725
ENSG00000165694.11	1	0	0	0	0	0
ENSG00000165695.10	4	4	9	5	1	4
ENSG00000165698.16	10	11	11	8	4	6
ENSG00000165699.15	597	851	790	844	623	781
ENSG00000165702.15	0	0	0	0	0	0
ENSG00000165704.15	1283	1171	1306	784	876	969
ENSG00000165714.11	4	20	23	14	14	22
ENSG00000165716.11	3	11	8	5	6	8
ENSG00000165724.6	1063	1132	1082	899	784	1116
ENSG00000165730.16	60	87	85	82	63	91
ENSG00000165731.21	3485	4336	4233	4542	3260	4577
ENSG00000165732.14	7360	7876	7617	6357	6566	8672
ENSG00000165733.8	8057	9922	8869	7078	6214	8386
ENSG00000165752.17	326	390	392	279	262	293
ENSG00000165757.9	35	45	58	35	29	26
ENSG00000165762.3	0	0	0	0	0	0
ENSG00000165775.18	326	333	340	266	297	355
ENSG00000165782.11	94	128	130	89	81	110
ENSG00000165792.18	283	363	381	336	273	329
ENSG00000165794.10	0	0	0	1	0	1
ENSG00000165795.25	120	168	137	89	75	142
ENSG00000165799.5	0	0	1	0	0	0
ENSG00000165801.10	79	121	148	125	116	151
ENSG00000165802.23	662	1137	973	991	589	877
ENSG00000165804.16	911	1396	1220	1147	716	1028
ENSG00000165805.10	0	0	0	1	0	0
ENSG00000165806.21	525	502	522	298	315	384
ENSG00000165807.8	13	13	14	17	18	10
ENSG00000165810.17	7	12	9	11	9	15
ENSG00000165813.20	789	872	769	783	673	810
ENSG00000165816.13	0	2	4	0	0	0
ENSG00000165819.12	1010	1257	1275	1411	1013	1417
ENSG00000165821.12	584	840	643	519	430	590
ENSG00000165828.15	0	0	0	0	0	0
ENSG00000165832.6	219	288	342	277	245	374
ENSG00000165837.12	0	0	0	0	0	0
ENSG00000165841.11	1	0	0	0	0	0
ENSG00000165861.14	289	402	376	365	282	397
ENSG00000165863.17	2	5	3	1	2	0
ENSG00000165868.16	126	131	126	194	107	199
ENSG00000165879.9	18	5	9	8	3	2
ENSG00000165886.5	34	29	22	16	19	25
ENSG00000165887.12	0	8	0	2	1	2
ENSG00000165891.16	443	579	587	600	426	611
ENSG00000165895.19	17	19	19	20	9	19
ENSG00000165898.14	300	244	302	143	182	181
ENSG00000165899.12	4	4	2	9	4	7
ENSG00000165905.18	32	36	51	36	24	49
ENSG00000165912.16	1363	1533	1444	1130	1016	1338
ENSG00000165914.15	308	472	429	371	305	364
ENSG00000165915.14	33	27	38	53	25	39
ENSG00000165916.9	6987	7229	7256	4897	4958	6357
ENSG00000165917.10	1	1	0	5	0	1
ENSG00000165923.17	30	26	29	23	19	26
ENSG00000165929.13	380	265	342	333	294	409
ENSG00000165934.13	5579	6178	5922	4989	4951	6725
ENSG00000165935.10	1	1	0	0	0	4
ENSG00000165943.5	0	0	0	0	0	0
ENSG00000165948.11	50	43	45	28	28	32
ENSG00000165949.13	1	4	0	1	0	1
ENSG00000165953.10	0	0	1	0	0	1
ENSG00000165959.12	819	1003	981	969	781	1010
ENSG00000165966.16	0	1	0	0	0	1
ENSG00000165970.12	0	0	0	0	0	0
ENSG00000165972.13	1	1	0	2	0	2
ENSG00000165973.19	0	0	0	0	0	0
ENSG00000165983.15	189	226	214	116	107	169
ENSG00000165985.10	3	7	4	1	3	2
ENSG00000165995.24	61	59	83	76	60	87
ENSG00000165996.14	266	271	270	222	204	259
ENSG00000165997.5	350	349	399	215	232	244
ENSG00000166002.7	13	17	22	10	6	12
ENSG00000166004.15	1202	1292	1246	1563	1157	1581
ENSG00000166006.14	0	0	0	0	0	0
ENSG00000166012.17	637	775	741	1075	742	1010
ENSG00000166016.6	213	313	288	284	183	246
ENSG00000166024.14	487	530	539	549	496	602
ENSG00000166025.18	3093	3712	3496	2935	2503	3261
ENSG00000166033.13	247	290	330	175	221	235
ENSG00000166035.11	0	0	0	0	0	0
ENSG00000166037.11	307	333	331	389	367	439
ENSG00000166046.11	17	18	23	13	10	15
ENSG00000166049.11	2	0	0	0	0	1
ENSG00000166068.13	54	70	70	93	44	84
ENSG00000166069.14	0	0	0	0	0	0
ENSG00000166073.11	18	46	28	36	20	44
ENSG00000166086.13	0	0	0	0	0	0
ENSG00000166090.8	0	0	0	0	0	0
ENSG00000166091.21	0	0	0	0	0	0
ENSG00000166105.16	0	0	0	0	0	0
ENSG00000166106.4	5	8	8	6	4	6
ENSG00000166111.10	0	1	0	0	0	0
ENSG00000166118.8	0	0	0	0	0	0
ENSG00000166123.14	302	374	375	272	240	331
ENSG00000166126.11	0	1	0	0	0	0
ENSG00000166128.13	208	256	278	119	155	188
ENSG00000166130.15	194	261	228	160	173	209
ENSG00000166133.18	231	272	274	238	201	224
ENSG00000166135.14	626	792	683	607	504	742
ENSG00000166136.16	15	24	30	17	9	17
ENSG00000166140.17	487	489	441	469	357	509
ENSG00000166143.10	0	1	0	0	0	0
ENSG00000166145.15	1324	1461	1438	1290	1181	1646
ENSG00000166147.15	11	11	22	22	15	21
ENSG00000166148.4	0	0	0	0	0	0
ENSG00000166152.4	0	0	0	0	0	0
ENSG00000166153.17	30	40	17	24	18	40
ENSG00000166159.11	0	1	0	1	0	1
ENSG00000166160.9	0	0	0	0	0	0
ENSG00000166164.16	217	235	208	225	155	219
ENSG00000166165.14	149	197	151	69	111	105
ENSG00000166166.13	384	422	439	273	228	328
ENSG00000166167.18	256	289	291	313	285	415
ENSG00000166169.17	331	437	374	465	327	439
ENSG00000166170.12	2639	3263	2956	2468	2199	2804
ENSG00000166171.13	249	270	279	189	155	175
ENSG00000166173.11	41	47	49	33	30	56
ENSG00000166181.13	1722	1611	1613	1386	1319	1769
ENSG00000166183.16	0	1	3	0	0	0
ENSG00000166188.3	14	22	23	14	18	19
ENSG00000166189.8	539	611	668	399	380	524
ENSG00000166192.15	35	33	26	25	17	33
ENSG00000166197.17	12542	13915	12421	8815	8346	11505
ENSG00000166199.13	102	124	169	100	91	92
ENSG00000166200.15	2147	2327	2157	1583	1518	1860
ENSG00000166206.15	0	0	0	0	0	0
ENSG00000166211.8	0	0	0	0	1	0
ENSG00000166220.14	1	0	1	0	0	0
ENSG00000166224.18	939	964	966	939	797	960
ENSG00000166225.9	908	1137	1043	860	715	972
ENSG00000166226.13	10086	10766	10575	7206	7795	9829
ENSG00000166228.9	361	545	497	151	180	194
ENSG00000166233.15	1521	1851	1803	1537	1349	1936
ENSG00000166246.14	10	14	15	8	6	7
ENSG00000166250.12	1	2	1	1	0	3
ENSG00000166257.10	0	0	0	0	0	0
ENSG00000166260.13	935	1061	1086	566	655	792
ENSG00000166261.11	272	291	292	339	230	356
ENSG00000166262.16	26	39	47	25	19	25
ENSG00000166263.13	121	136	133	171	179	208
ENSG00000166265.13	0	0	0	0	0	0
ENSG00000166266.14	458	472	465	529	455	592
ENSG00000166268.11	0	0	2	1	1	0
ENSG00000166272.18	145	154	182	102	110	135
ENSG00000166275.16	0	0	0	0	0	0
ENSG00000166278.16	2	1	0	3	2	1
ENSG00000166289.6	16	33	23	23	18	23
ENSG00000166292.12	0	0	0	0	0	0
ENSG00000166295.9	788	825	795	413	456	522
ENSG00000166311.10	77	100	98	71	69	99
ENSG00000166313.20	4	5	5	2	0	0
ENSG00000166317.12	0	1	1	1	2	2
ENSG00000166321.14	48	74	75	132	80	116
ENSG00000166323.13	9	21	18	19	20	21
ENSG00000166326.7	1419	1784	1527	1180	1042	1406
ENSG00000166329.3	1	0	0	0	0	1
ENSG00000166333.14	1002	1009	1094	657	631	864
ENSG00000166337.11	45	62	60	38	29	40
ENSG00000166340.18	94	102	106	96	76	74
ENSG00000166341.9	4	2	2	3	1	3
ENSG00000166342.19	0	0	0	0	0	0
ENSG00000166343.10	19	18	18	34	20	23
ENSG00000166347.19	615	580	592	284	293	334
ENSG00000166348.20	583	760	740	780	646	846
ENSG00000166349.11	0	1	1	0	3	3
ENSG00000166351.11	0	0	0	0	0	0
ENSG00000166352.18	111	137	130	100	95	112
ENSG00000166359.11	2	0	0	0	0	0
ENSG00000166363.6	0	0	0	0	0	0
ENSG00000166368.3	0	0	0	0	0	0
ENSG00000166377.21	134	140	123	150	118	177
ENSG00000166387.14	299	372	333	371	300	348
ENSG00000166391.15	0	0	0	0	0	0
ENSG00000166394.15	0	0	0	0	0	0
ENSG00000166396.13	0	0	0	0	0	0
ENSG00000166398.14	89	124	115	134	91	107
ENSG00000166401.15	21	17	20	14	6	20
ENSG00000166402.9	7	12	7	9	10	11
ENSG00000166405.16	0	0	0	0	0	1
ENSG00000166407.14	0	0	1	0	0	0
ENSG00000166411.14	3879	4067	4020	3722	3329	4375
ENSG00000166415.15	26	16	21	19	13	19
ENSG00000166426.8	351	289	318	127	171	196
ENSG00000166428.14	0	0	1	0	0	0
ENSG00000166432.16	62	81	53	144	89	138
ENSG00000166435.17	80	85	94	111	79	108
ENSG00000166436.18	212	271	248	405	289	340
ENSG00000166439.6	600	825	735	558	524	699
ENSG00000166441.13	402	427	417	345	338	331
ENSG00000166444.19	54	92	81	62	50	81
ENSG00000166446.15	2009	2608	2313	1962	1627	2167
ENSG00000166448.15	0	0	0	0	1	0
ENSG00000166450.13	238	274	255	245	208	258
ENSG00000166451.14	600	684	664	483	443	567
ENSG00000166452.12	75	78	69	46	44	51
ENSG00000166454.10	122	161	182	140	115	161
ENSG00000166455.14	49	76	65	53	35	52
ENSG00000166471.11	209	244	250	262	220	253
ENSG00000166473.18	26	29	30	46	30	56
ENSG00000166477.13	4983	5702	5325	4280	3675	4986
ENSG00000166478.10	428	467	410	452	412	530
ENSG00000166479.10	151	169	199	182	186	245
ENSG00000166482.12	0	0	0	0	0	0
ENSG00000166483.12	573	594	537	665	575	642
ENSG00000166484.20	94	177	141	140	108	142
ENSG00000166501.14	7	3	3	1	2	4
ENSG00000166503.9	1872	2080	1742	1442	1263	1650
ENSG00000166507.19	7	13	11	12	18	12
ENSG00000166508.18	24237	25212	25614	17238	17268	21414
ENSG00000166509.12	4	5	0	0	0	1
ENSG00000166510.14	18	47	31	41	21	35
ENSG00000166523.8	0	0	0	0	0	0
ENSG00000166526.18	653	822	816	905	768	940
ENSG00000166527.8	0	0	0	0	0	0
ENSG00000166529.16	317	327	344	333	252	307
ENSG00000166532.16	291	310	307	421	324	473
ENSG00000166535.20	0	0	1	0	0	0
ENSG00000166546.15	1	0	3	1	0	0
ENSG00000166548.17	25	36	40	29	23	37
ENSG00000166557.14	720	1083	1009	502	550	665
ENSG00000166558.11	0	0	0	0	0	0
ENSG00000166562.9	700	837	749	490	486	618
ENSG00000166569.8	0	0	0	2	0	0
ENSG00000166573.6	0	0	0	0	0	0
ENSG00000166575.17	89	122	125	92	103	150
ENSG00000166578.10	122	107	114	102	90	98
ENSG00000166579.16	891	933	786	797	705	880
ENSG00000166582.11	10	32	30	22	17	15
ENSG00000166589.13	0	0	0	0	0	0
ENSG00000166592.12	0	1	0	1	0	0
ENSG00000166595.12	429	548	556	194	251	286
ENSG00000166596.15	0	1	0	0	0	1
ENSG00000166598.16	20496	20712	20257	15966	15868	20606
ENSG00000166603.5	0	0	0	0	0	0
ENSG00000166619.15	7	12	14	3	2	5
ENSG00000166634.7	0	0	0	0	0	0
ENSG00000166664.15	0	0	0	0	0	0
ENSG00000166669.14	33	24	26	55	46	49
ENSG00000166670.10	0	0	0	0	0	0
ENSG00000166676.17	0	0	0	0	0	2
ENSG00000166681.14	5435	5646	5431	2970	3323	4279
ENSG00000166682.13	0	1	0	4	2	3
ENSG00000166685.13	920	1233	1145	898	798	1012
ENSG00000166689.18	1088	1278	1245	1644	1207	1523
ENSG00000166704.13	19	17	9	15	21	25
ENSG00000166707.12	8	2	5	0	5	4
ENSG00000166710.23	17	23	14	5	13	10
ENSG00000166716.10	1009	1437	1282	1298	815	1137
ENSG00000166734.20	854	974	857	648	552	733
ENSG00000166736.12	0	0	0	0	0	0
ENSG00000166741.8	0	0	0	0	0	0
ENSG00000166743.10	1	1	0	0	0	0
ENSG00000166747.13	4776	5779	5526	4157	3686	5169
ENSG00000166750.10	188	227	238	195	184	214
ENSG00000166762.19	18	8	10	6	14	17
ENSG00000166780.11	8	5	9	8	6	8
ENSG00000166783.22	60	81	84	73	46	68
ENSG00000166788.10	860	959	913	711	667	814
ENSG00000166793.13	0	0	0	0	0	0
ENSG00000166794.6	15709	16104	16126	7904	8934	9841
ENSG00000166796.12	0	0	4	0	0	4
ENSG00000166797.11	1449	1345	1335	1145	1209	1378
ENSG00000166800.11	1	0	2	0	0	1
ENSG00000166801.17	909	934	853	1226	1025	1327
ENSG00000166803.14	0	0	0	0	0	0
ENSG00000166813.17	84	93	83	84	65	83
ENSG00000166816.15	58	70	75	67	42	39
ENSG00000166819.12	7	7	9	8	7	4
ENSG00000166821.9	68	60	83	61	66	60
ENSG00000166822.13	95	111	103	65	77	98
ENSG00000166823.6	3	0	6	3	2	4
ENSG00000166825.15	8	0	7	6	2	10
ENSG00000166828.3	14	11	19	19	18	17
ENSG00000166831.9	1	11	4	1	2	5
ENSG00000166833.23	213	287	253	252	198	265
ENSG00000166839.18	5	4	10	4	8	8
ENSG00000166840.14	0	0	0	0	0	0
ENSG00000166845.15	25	24	25	22	19	12
ENSG00000166847.10	697	749	828	633	735	953
ENSG00000166848.7	1412	1544	1483	1159	1144	1466
ENSG00000166851.15	3153	4048	3807	2519	2549	3207
ENSG00000166855.9	1947	2151	2086	1697	1588	2098
ENSG00000166856.3	0	0	0	0	0	0
ENSG00000166860.3	277	407	350	335	262	436
ENSG00000166862.7	0	0	0	0	0	1
ENSG00000166863.13	0	1	0	0	2	0
ENSG00000166866.13	6	4	0	5	1	6
ENSG00000166869.3	10	4	7	2	2	1
ENSG00000166881.10	676	899	787	718	715	1018
ENSG00000166884.3	0	0	0	0	0	0
ENSG00000166886.13	1134	1305	1273	1050	889	1115
ENSG00000166887.16	1046	1302	1244	1350	1031	1408
ENSG00000166888.12	565	720	698	821	573	824
ENSG00000166889.14	1057	1272	1150	1065	1007	1228
ENSG00000166896.9	9	4	7	3	3	3
ENSG00000166897.16	24	57	68	51	33	45
ENSG00000166900.17	637	748	746	588	468	697
ENSG00000166902.5	1305	1431	1339	832	936	1106
ENSG00000166908.18	1209	1361	1286	1032	1040	1320
ENSG00000166912.17	65	80	44	71	63	72
ENSG00000166913.13	6817	7490	7398	4344	4729	5406
ENSG00000166920.13	2	0	0	0	0	2
ENSG00000166922.9	0	0	0	0	0	0
ENSG00000166923.12	0	0	0	0	0	0
ENSG00000166924.9	15	23	25	23	10	21
ENSG00000166925.9	360	478	440	348	296	386
ENSG00000166926.9	0	0	0	1	0	0
ENSG00000166927.13	0	0	0	0	0	0
ENSG00000166928.11	0	0	0	0	0	1
ENSG00000166930.7	0	0	0	0	0	0
ENSG00000166938.13	2569	2822	2609	2972	2539	3152
ENSG00000166946.14	296	322	340	239	222	287
ENSG00000166947.15	0	1	0	0	0	0
ENSG00000166948.10	0	1	1	0	0	0
ENSG00000166949.17	470	606	584	543	422	517
ENSG00000166959.8	0	0	0	0	0	0
ENSG00000166960.17	0	0	0	0	0	0
ENSG00000166961.15	0	0	0	0	0	0
ENSG00000166963.13	96	138	133	84	88	89
ENSG00000166965.13	390	500	468	535	349	488
ENSG00000166971.17	267	321	296	223	200	258
ENSG00000166974.13	17	22	11	9	9	18
ENSG00000166979.13	9	15	9	11	16	24
ENSG00000166986.15	5524	6404	6205	4743	4611	5652
ENSG00000166987.15	133	270	266	244	146	294
ENSG00000166997.8	545	572	503	539	465	639
ENSG00000167004.14	7372	6943	7097	4721	5545	6885
ENSG00000167005.14	1026	1003	1050	529	726	937
ENSG00000167011.9	0	0	0	0	0	0
ENSG00000167014.11	0	0	0	0	0	0
ENSG00000167034.10	3	2	3	5	2	5
ENSG00000167037.19	19	21	28	26	27	32
ENSG00000167065.14	1	1	4	2	2	8
ENSG00000167074.15	146	150	152	148	143	108
ENSG00000167077.13	0	0	0	1	2	0
ENSG00000167080.9	3	3	5	7	3	3
ENSG00000167081.18	130	180	144	119	93	125
ENSG00000167083.7	0	0	0	0	0	0
ENSG00000167085.14	2099	2083	2152	1168	1226	1326
ENSG00000167088.11	1675	2005	1854	1110	1029	1244
ENSG00000167094.16	2	0	1	0	2	2
ENSG00000167098.12	0	0	0	0	0	0
ENSG00000167100.15	4	1	1	0	0	1
ENSG00000167103.12	6	20	4	11	6	9
ENSG00000167104.11	0	0	0	0	0	0
ENSG00000167105.8	0	1	1	0	0	0
ENSG00000167106.12	1687	2356	2236	2201	1581	2062
ENSG00000167107.13	250	317	296	333	248	346
ENSG00000167110.19	4073	4406	4401	3836	3188	4091
ENSG00000167112.10	647	831	819	413	448	488
ENSG00000167113.11	262	253	289	301	275	340
ENSG00000167114.13	546	690	675	482	359	521
ENSG00000167117.10	0	0	0	0	0	0
ENSG00000167118.11	361	422	394	212	236	196
ENSG00000167123.20	614	746	774	762	681	852
ENSG00000167130.18	11	25	28	20	10	7
ENSG00000167131.17	24	34	26	19	22	20
ENSG00000167136.7	69	65	67	50	30	67
ENSG00000167139.9	0	0	0	0	0	0
ENSG00000167157.11	3	6	7	3	3	2
ENSG00000167165.19	156	165	213	109	101	163
ENSG00000167173.19	388	647	560	398	288	458
ENSG00000167178.17	2	3	1	0	3	1
ENSG00000167182.16	329	372	376	352	296	375
ENSG00000167183.3	247	256	192	149	139	194
ENSG00000167186.11	290	377	367	221	215	263
ENSG00000167191.12	7	9	8	6	8	9
ENSG00000167193.8	899	840	887	428	445	539
ENSG00000167194.8	0	0	0	0	0	0
ENSG00000167195.8	0	0	0	0	0	0
ENSG00000167196.14	1676	1859	1870	1593	1408	1864
ENSG00000167202.12	1269	1626	1491	1626	1332	1820
ENSG00000167207.15	2	5	9	2	3	6
ENSG00000167208.16	0	0	0	0	0	0
ENSG00000167210.17	0	0	1	0	0	0
ENSG00000167216.19	38	49	71	81	52	64
ENSG00000167220.12	217	211	219	182	170	258
ENSG00000167232.14	407	423	383	417	327	416
ENSG00000167244.22	1	3	2	1	1	0
ENSG00000167257.11	464	533	516	530	445	574
ENSG00000167258.15	2222	3045	2832	2650	2051	2767
ENSG00000167261.14	0	0	0	2	0	0
ENSG00000167264.18	485	584	631	486	398	567
ENSG00000167272.11	404	549	405	328	307	400
ENSG00000167280.17	256	295	289	327	253	346
ENSG00000167281.20	0	0	0	0	0	0
ENSG00000167283.9	5170	3803	4544	1903	2798	2791
ENSG00000167286.11	0	0	0	0	0	0
ENSG00000167291.16	320	525	498	487	307	453
ENSG00000167302.11	65	90	79	113	71	97
ENSG00000167306.21	1382	1805	1669	1335	1004	1301
ENSG00000167311.14	0	0	0	0	0	0
ENSG00000167315.18	819	726	829	515	601	644
ENSG00000167323.13	172	253	257	186	177	247
ENSG00000167325.15	4227	4873	4565	3351	3383	4542
ENSG00000167332.9	0	0	0	0	0	0
ENSG00000167333.13	42	39	54	40	34	39
ENSG00000167346.9	0	0	0	0	0	0
ENSG00000167355.8	0	0	0	0	0	0
ENSG00000167359.8	0	0	0	0	0	0
ENSG00000167360.6	0	0	0	0	0	0
ENSG00000167363.14	36	25	26	33	22	40
ENSG00000167371.21	2	4	6	3	3	9
ENSG00000167377.19	312	428	447	443	314	446
ENSG00000167378.10	341	337	367	307	322	448
ENSG00000167380.17	208	181	207	241	149	184
ENSG00000167384.11	217	223	212	210	153	198
ENSG00000167393.18	0	0	0	0	0	0
ENSG00000167393.18_PAR_Y	0	0	0	0	0	0
ENSG00000167394.13	172	242	212	161	143	199
ENSG00000167395.10	1039	1567	1452	1520	1086	1408
ENSG00000167397.15	14	24	23	23	9	14
ENSG00000167414.5	0	2	4	0	0	2
ENSG00000167419.11	0	0	0	0	0	1
ENSG00000167434.10	117	187	129	260	233	227
ENSG00000167447.13	1912	2410	2112	1825	1594	2253
ENSG00000167460.17	4539	4090	4543	3799	3290	4387
ENSG00000167461.12	851	1065	1044	821	684	926
ENSG00000167468.19	882	1212	1139	748	640	913
ENSG00000167470.14	426	648	586	361	279	359
ENSG00000167476.10	6	5	4	14	10	10
ENSG00000167483.19	1	0	1	3	1	1
ENSG00000167487.12	76	117	103	105	78	69
ENSG00000167491.18	2625	3197	3053	2433	1958	2608
ENSG00000167508.12	632	668	731	575	505	604
ENSG00000167513.9	1286	1820	1598	1202	997	1378
ENSG00000167515.11	368	439	442	223	241	296
ENSG00000167522.17	7762	10692	9261	9517	6441	8421
ENSG00000167523.15	101	135	104	84	60	118
ENSG00000167524.17	25	14	18	38	27	24
ENSG00000167525.15	148	199	151	327	203	261
ENSG00000167526.14	7424	8055	8010	4419	4962	5825
ENSG00000167528.13	203	242	194	201	168	203
ENSG00000167531.6	0	0	0	0	0	0
ENSG00000167535.8	258	314	297	339	228	278
ENSG00000167536.14	41	52	52	33	30	66
ENSG00000167543.16	261	267	270	289	240	300
ENSG00000167548.18	9735	15545	13677	13024	9244	12417
ENSG00000167549.19	0	0	0	1	1	0
ENSG00000167550.11	15	25	15	20	17	12
ENSG00000167552.15	356	316	441	310	303	398
ENSG00000167553.17	8561	9589	8835	6105	5839	8327
ENSG00000167554.15	15	13	6	7	7	6
ENSG00000167555.14	0	0	0	0	0	0
ENSG00000167562.14	19	19	21	31	27	17
ENSG00000167565.13	400	355	375	275	303	461
ENSG00000167566.17	422	630	581	488	355	506
ENSG00000167578.18	0	0	0	0	0	0
ENSG00000167580.8	0	0	0	0	0	0
ENSG00000167588.13	5	10	11	15	3	13
ENSG00000167595.16	136	207	217	192	129	174
ENSG00000167600.14	12	3	5	7	4	6
ENSG00000167601.12	0	1	0	2	1	2
ENSG00000167604.15	81	72	107	133	57	70
ENSG00000167608.12	63	85	71	75	56	87
ENSG00000167612.13	0	0	0	0	0	0
ENSG00000167613.16	0	0	0	0	0	0
ENSG00000167614.14	2	1	0	0	0	0
ENSG00000167615.17	33	50	58	137	67	97
ENSG00000167617.3	0	0	0	0	0	0
ENSG00000167618.10	0	0	0	0	0	0
ENSG00000167619.13	0	0	1	2	0	6
ENSG00000167625.11	402	552	451	426	294	424
ENSG00000167632.18	772	1005	937	834	708	924
ENSG00000167633.18	0	0	0	0	0	0
ENSG00000167634.12	0	0	0	0	0	0
ENSG00000167635.12	304	341	317	249	225	277
ENSG00000167637.18	115	122	120	140	126	127
ENSG00000167641.11	0	2	3	4	0	1
ENSG00000167642.13	3440	3910	4016	2184	2453	3286
ENSG00000167644.12	394	513	388	281	304	367
ENSG00000167645.17	85	93	120	62	70	70
ENSG00000167646.14	39	43	31	38	37	63
ENSG00000167653.5	11	5	8	8	7	7
ENSG00000167654.18	0	0	0	0	0	0
ENSG00000167656.5	0	2	3	0	0	0
ENSG00000167657.14	519	495	517	427	347	463
ENSG00000167658.16	33820	39524	38621	26738	25291	32426
ENSG00000167664.9	0	0	0	0	0	0
ENSG00000167670.16	2844	3387	3039	2643	2210	3014
ENSG00000167671.12	209	309	271	264	190	261
ENSG00000167674.15	1160	1419	1317	923	926	1180
ENSG00000167676.5	6	8	6	9	6	12
ENSG00000167680.17	34	49	37	44	26	40
ENSG00000167685.15	161	147	178	183	154	203
ENSG00000167693.17	38	45	38	22	23	21
ENSG00000167695.15	21	21	16	22	11	16
ENSG00000167699.14	1225	1209	1230	862	896	991
ENSG00000167700.9	33	60	56	40	33	40
ENSG00000167701.14	5	3	3	0	3	0
ENSG00000167702.13	145	221	224	441	253	344
ENSG00000167703.15	76	87	75	76	39	55
ENSG00000167705.12	8	11	19	6	15	8
ENSG00000167711.14	0	0	0	0	0	0
ENSG00000167716.19	26	45	48	62	43	49
ENSG00000167720.13	275	317	298	272	255	275
ENSG00000167721.11	6733	7915	7307	6240	5600	7612
ENSG00000167723.15	63	81	73	109	76	92
ENSG00000167733.14	5	1	11	7	3	3
ENSG00000167740.10	162	172	165	143	107	158
ENSG00000167741.11	39	30	31	31	19	20
ENSG00000167748.11	0	1	0	0	0	0
ENSG00000167749.12	0	0	0	0	0	0
ENSG00000167751.13	0	0	0	0	1	0
ENSG00000167754.13	0	0	0	0	0	0
ENSG00000167755.15	2	1	0	1	0	2
ENSG00000167757.14	0	0	0	0	0	0
ENSG00000167759.13	0	0	0	0	0	0
ENSG00000167766.21	255	301	306	378	303	366
ENSG00000167767.14	8436	10592	10413	7945	6871	8959
ENSG00000167768.4	0	3	2	1	1	0
ENSG00000167769.5	0	0	0	0	0	0
ENSG00000167770.13	1158	1279	1197	829	733	915
ENSG00000167771.6	8	15	13	12	7	16
ENSG00000167772.12	23	16	29	19	9	28
ENSG00000167774.2	0	0	0	0	0	0
ENSG00000167775.11	392	375	430	239	198	236
ENSG00000167778.9	1417	1659	1533	1043	973	1312
ENSG00000167779.9	10	15	14	9	13	6
ENSG00000167780.12	0	0	1	0	0	0
ENSG00000167785.9	78	104	108	133	86	103
ENSG00000167791.14	0	0	0	0	0	0
ENSG00000167792.13	2380	2812	2809	1983	1866	2366
ENSG00000167797.8	201	227	243	105	117	96
ENSG00000167799.10	65	60	67	35	44	51
ENSG00000167800.10	0	0	0	0	0	0
ENSG00000167807.15	0	0	0	0	0	0
ENSG00000167815.12	3550	3927	4275	1934	2243	2609
ENSG00000167822.3	0	0	0	0	0	0
ENSG00000167825.3	0	0	0	0	0	0
ENSG00000167840.14	253	283	264	263	181	289
ENSG00000167842.16	265	180	213	196	162	208
ENSG00000167850.4	0	0	0	0	0	0
ENSG00000167851.15	0	0	0	0	1	0
ENSG00000167858.13	0	0	0	0	0	0
ENSG00000167861.16	1064	1291	1271	1011	804	1067
ENSG00000167862.10	430	482	480	300	337	382
ENSG00000167863.12	972	1078	1078	638	821	848
ENSG00000167874.7	1	0	0	1	2	0
ENSG00000167880.8	2613	3149	2923	3127	2418	3198
ENSG00000167881.15	1742	2093	2113	1450	1363	1773
ENSG00000167889.13	10	17	10	16	9	6
ENSG00000167895.16	8	10	6	11	4	9
ENSG00000167900.12	2358	2283	2437	1094	1231	1283
ENSG00000167904.16	257	255	206	165	152	193
ENSG00000167910.4	0	0	0	0	0	0
ENSG00000167914.12	0	0	0	0	0	0
ENSG00000167916.5	3	5	2	1	1	0
ENSG00000167925.16	6	9	15	5	7	11
ENSG00000167930.17	176	315	269	230	191	303
ENSG00000167941.3	0	0	0	0	0	0
ENSG00000167962.15	1619	2274	2002	1981	1409	1925
ENSG00000167964.13	136	139	158	158	97	169
ENSG00000167965.18	348	448	444	274	225	308
ENSG00000167967.16	552	762	722	740	588	712
ENSG00000167968.13	9	22	17	16	11	11
ENSG00000167969.13	836	1113	987	694	642	770
ENSG00000167971.16	112	199	176	176	98	162
ENSG00000167972.14	1754	2782	2361	1834	1205	1759
ENSG00000167977.9	703	859	786	456	447	595
ENSG00000167978.18	10827	14971	13711	13042	9158	12204
ENSG00000167981.7	16	43	23	24	50	35
ENSG00000167984.18	0	0	4	0	4	1
ENSG00000167985.7	2	4	9	5	3	1
ENSG00000167986.15	5471	6125	6411	4435	4556	5834
ENSG00000167987.11	434	547	540	473	365	431
ENSG00000167992.14	22	25	15	25	32	40
ENSG00000167994.13	96	119	116	81	57	86
ENSG00000167995.17	5	8	2	17	10	19
ENSG00000167996.16	13746	13097	13876	10280	11132	14460
ENSG00000168000.16	514	676	666	499	400	545
ENSG00000168002.12	1954	1791	1909	984	1223	1273
ENSG00000168003.19	6934	7323	7076	3988	4209	5127
ENSG00000168004.10	0	0	0	0	0	0
ENSG00000168005.9	682	748	766	604	512	698
ENSG00000168010.11	175	203	223	396	256	373
ENSG00000168014.18	767	1107	1067	1255	969	1242
ENSG00000168016.15	81	111	127	115	88	116
ENSG00000168026.19	33	31	38	45	30	41
ENSG00000168028.15	2507	2258	2511	2249	2400	2552
ENSG00000168032.10	3	2	2	3	1	5
ENSG00000168036.18	2707	3377	3328	1872	1928	2455
ENSG00000168038.11	219	249	236	256	136	205
ENSG00000168040.5	566	638	660	378	387	433
ENSG00000168056.18	825	876	926	683	588	714
ENSG00000168060.16	0	0	0	0	0	0
ENSG00000168061.17	585	672	637	555	524	710
ENSG00000168062.10	0	1	0	0	0	0
ENSG00000168065.16	0	0	0	0	0	0
ENSG00000168066.21	3462	4196	4153	3777	3011	3937
ENSG00000168067.12	239	348	326	292	207	302
ENSG00000168070.12	0	0	0	0	0	0
ENSG00000168071.22	10	13	16	13	9	10
ENSG00000168077.14	291	431	350	292	233	258
ENSG00000168078.10	918	864	829	536	636	714
ENSG00000168079.17	6	5	1	2	3	6
ENSG00000168081.9	2	1	2	0	0	0
ENSG00000168090.10	5611	6070	5876	3518	3655	4597
ENSG00000168092.14	1123	1217	1232	856	868	1122
ENSG00000168096.15	240	328	275	350	241	333
ENSG00000168101.15	129	153	157	88	74	113
ENSG00000168116.14	84	103	108	119	90	141
ENSG00000168118.12	454	545	497	298	321	408
ENSG00000168124.2	1	0	0	0	0	0
ENSG00000168131.4	0	0	0	0	0	0
ENSG00000168135.4	9	15	14	8	3	5
ENSG00000168137.20	6263	7434	7193	7372	4993	6904
ENSG00000168140.5	0	0	0	0	0	0
ENSG00000168143.9	321	402	368	326	296	408
ENSG00000168148.4	2	1	0	2	0	0
ENSG00000168152.13	69	76	63	71	70	98
ENSG00000168158.4	0	0	0	0	0	0
ENSG00000168159.15	1347	1284	1351	858	943	1044
ENSG00000168172.9	421	429	410	434	399	579
ENSG00000168175.15	73	54	63	56	45	64
ENSG00000168209.6	41	38	60	56	55	52
ENSG00000168214.22	483	538	574	444	425	524
ENSG00000168216.13	187	227	198	178	188	294
ENSG00000168228.16	192	188	185	235	181	203
ENSG00000168229.4	0	0	0	0	0	0
ENSG00000168234.13	317	340	407	286	238	308
ENSG00000168237.18	7	19	19	27	20	25
ENSG00000168243.11	0	0	0	3	0	0
ENSG00000168246.6	290	357	369	285	258	331
ENSG00000168255.20	0	0	0	0	0	0
ENSG00000168256.18	283	284	259	231	188	196
ENSG00000168259.17	1686	1818	1646	1388	1385	1726
ENSG00000168263.9	0	1	0	0	0	0
ENSG00000168264.11	403	537	400	362	276	428
ENSG00000168267.7	0	0	0	0	0	0
ENSG00000168268.11	673	897	851	758	555	740
ENSG00000168269.10	0	1	0	0	0	0
ENSG00000168273.8	614	646	628	324	361	500
ENSG00000168275.16	303	270	298	193	164	218
ENSG00000168280.18	137	117	97	125	107	118
ENSG00000168282.6	206	299	250	163	149	221
ENSG00000168283.14	0	0	0	0	0	0
ENSG00000168286.3	210	244	255	184	152	227
ENSG00000168288.13	431	564	538	377	547	581
ENSG00000168291.13	1270	1289	1328	874	983	1156
ENSG00000168297.16	29	44	56	51	44	43
ENSG00000168298.7	1884	2648	2453	1217	1123	1273
ENSG00000168300.14	218	206	205	180	172	217
ENSG00000168301.13	18	13	15	12	19	16
ENSG00000168303.9	94	137	135	111	116	147
ENSG00000168306.13	0	3	2	0	1	0
ENSG00000168309.18	0	0	1	0	0	0
ENSG00000168310.12	81	80	73	55	55	88
ENSG00000168314.19	0	0	0	0	0	0
ENSG00000168329.14	0	0	0	0	0	0
ENSG00000168333.14	0	0	0	0	0	0
ENSG00000168334.9	0	0	0	0	0	2
ENSG00000168348.4	0	0	0	0	0	0
ENSG00000168350.8	19	17	25	16	5	24
ENSG00000168356.13	1	0	0	0	0	0
ENSG00000168374.11	1589	1598	1774	1077	1190	1385
ENSG00000168384.11	0	0	0	0	0	0
ENSG00000168385.18	2670	3143	2991	2222	2175	2562
ENSG00000168386.19	41	44	34	34	41	34
ENSG00000168389.18	2	4	2	4	5	4
ENSG00000168393.13	388	428	475	254	256	310
ENSG00000168394.13	55	50	54	25	30	46
ENSG00000168395.16	253	289	250	279	210	282
ENSG00000168397.17	356	476	451	367	293	355
ENSG00000168398.7	102	107	103	66	63	100
ENSG00000168404.13	374	429	434	345	316	412
ENSG00000168411.14	1346	1695	1703	1543	1244	1727
ENSG00000168412.7	0	0	0	0	0	0
ENSG00000168418.8	0	0	0	1	1	0
ENSG00000168421.14	6	6	1	4	0	3
ENSG00000168427.9	0	2	0	0	0	0
ENSG00000168434.13	511	638	600	812	639	780
ENSG00000168438.15	1176	1220	1201	1106	1040	1444
ENSG00000168439.17	5392	6196	5741	3190	3384	4365
ENSG00000168447.11	11	19	21	15	12	25
ENSG00000168452.21	0	0	0	0	0	0
ENSG00000168453.16	592	1011	927	839	685	878
ENSG00000168454.13	0	0	0	4	0	0
ENSG00000168461.13	88	64	71	46	44	51
ENSG00000168468.12	0	0	0	0	0	0
ENSG00000168476.12	636	695	671	410	458	507
ENSG00000168477.19	0	3	4	4	2	5
ENSG00000168481.9	0	0	1	2	0	0
ENSG00000168484.13	0	0	0	0	0	0
ENSG00000168487.20	69	92	84	82	59	77
ENSG00000168488.19	2291	3167	2936	2743	2217	3125
ENSG00000168490.14	0	0	0	0	0	0
ENSG00000168491.10	9	5	7	13	11	19
ENSG00000168495.13	688	822	727	584	477	645
ENSG00000168496.4	1824	1939	1919	1143	1244	1622
ENSG00000168497.5	5	0	0	1	0	0
ENSG00000168502.18	663	861	853	1078	725	945
ENSG00000168505.7	15	16	17	11	7	10
ENSG00000168509.20	0	0	0	0	0	0
ENSG00000168515.3	0	0	0	0	0	0
ENSG00000168517.11	57	61	76	57	58	56
ENSG00000168522.13	69	86	105	118	70	140
ENSG00000168528.12	52	116	87	65	55	53
ENSG00000168530.16	1	0	0	0	0	0
ENSG00000168538.16	646	632	671	805	674	899
ENSG00000168539.4	20	34	28	19	11	20
ENSG00000168542.16	14	9	7	8	9	9
ENSG00000168546.11	12	2	6	8	6	5
ENSG00000168556.7	101	135	108	101	88	122
ENSG00000168564.6	103	144	122	120	82	123
ENSG00000168566.13	822	948	921	900	795	945
ENSG00000168569.8	59	73	79	25	25	57
ENSG00000168575.10	325	379	351	288	264	379
ENSG00000168582.5	0	0	0	0	0	0
ENSG00000168589.15	6	4	5	9	12	6
ENSG00000168591.16	50	47	41	74	58	100
ENSG00000168594.15	0	1	0	0	0	0
ENSG00000168610.16	1044	1093	1122	969	883	1073
ENSG00000168612.5	206	205	207	146	135	214
ENSG00000168615.13	1652	1792	1838	1403	1294	1515
ENSG00000168619.16	0	0	0	0	0	0
ENSG00000168621.15	0	0	0	0	0	0
ENSG00000168631.13	0	0	0	0	0	0
ENSG00000168634.5	0	0	0	0	0	0
ENSG00000168646.14	27	38	35	51	36	37
ENSG00000168653.11	1929	1868	1785	1061	1115	1113
ENSG00000168658.19	0	1	1	0	0	0
ENSG00000168661.15	169	150	206	176	143	176
ENSG00000168671.10	15	11	13	7	12	16
ENSG00000168672.4	511	730	683	493	319	440
ENSG00000168675.19	34	42	30	31	26	22
ENSG00000168676.11	0	0	0	0	0	0
ENSG00000168679.18	6	11	7	12	11	12
ENSG00000168685.15	0	0	0	0	0	0
ENSG00000168701.19	1086	1273	1240	517	602	720
ENSG00000168702.18	789	809	807	900	765	991
ENSG00000168703.5	0	2	0	0	0	0
ENSG00000168710.18	1279	1386	1425	1212	1019	1282
ENSG00000168724.18	3281	3634	3548	3001	2814	3588
ENSG00000168734.14	2	4	2	3	1	5
ENSG00000168743.13	1528	1656	1699	1330	1199	1520
ENSG00000168748.14	0	0	0	0	0	0
ENSG00000168754.15	3	1	1	6	0	1
ENSG00000168757.13	0	0	0	0	0	0
ENSG00000168758.11	1119	1387	1396	1495	1110	1368
ENSG00000168763.16	500	589	562	567	399	503
ENSG00000168765.19	78	105	120	83	73	92
ENSG00000168769.14	1856	2206	1990	2006	1624	2098
ENSG00000168772.12	12	2	3	7	2	7
ENSG00000168778.13	133	194	162	174	149	171
ENSG00000168779.21	35	57	53	64	39	55
ENSG00000168781.23	120	128	139	161	165	195
ENSG00000168785.8	34	59	51	31	37	52
ENSG00000168792.5	74	108	107	90	65	112
ENSG00000168795.5	263	340	287	236	206	305
ENSG00000168802.14	151	157	166	101	112	111
ENSG00000168803.16	110	119	127	174	123	160
ENSG00000168806.8	444	543	534	350	323	458
ENSG00000168807.17	721	909	767	631	564	778
ENSG00000168811.8	0	1	1	0	0	0
ENSG00000168813.17	535	742	726	681	520	814
ENSG00000168818.10	182	201	199	138	149	186
ENSG00000168824.15	0	0	0	0	0	0
ENSG00000168826.16	121	140	134	135	117	140
ENSG00000168827.15	3654	4015	3862	3064	3071	3940
ENSG00000168828.6	1	0	0	0	0	0
ENSG00000168830.8	0	1	1	0	0	0
ENSG00000168843.14	1	0	0	0	0	0
ENSG00000168872.17	587	700	607	484	393	510
ENSG00000168874.13	7	4	6	0	5	2
ENSG00000168875.3	0	0	0	0	0	0
ENSG00000168876.9	153	168	148	161	122	160
ENSG00000168878.19	0	0	0	0	0	0
ENSG00000168883.20	1283	1499	1459	1156	1027	1489
ENSG00000168884.15	690	900	825	849	594	874
ENSG00000168887.11	584	717	619	646	475	688
ENSG00000168890.14	6	18	15	12	11	5
ENSG00000168894.10	879	1116	1124	522	566	645
ENSG00000168899.5	33	41	55	37	25	36
ENSG00000168903.9	0	0	0	0	0	0
ENSG00000168904.15	38	52	34	46	37	48
ENSG00000168906.13	6210	6630	6683	7137	5991	8118
ENSG00000168907.13	71	106	104	74	64	105
ENSG00000168913.7	0	0	0	0	0	0
ENSG00000168916.16	11	16	9	9	11	15
ENSG00000168917.9	0	0	0	0	2	0
ENSG00000168918.14	1	1	2	2	1	1
ENSG00000168924.15	4314	5699	5070	4024	3241	4492
ENSG00000168925.12	0	0	0	0	0	0
ENSG00000168928.13	0	0	0	0	0	0
ENSG00000168930.13	0	0	0	0	0	0
ENSG00000168936.11	51	67	66	35	36	35
ENSG00000168938.6	3040	2911	2892	1793	2164	2628
ENSG00000168939.13	0	0	0	0	0	0
ENSG00000168944.17	619	775	699	848	677	840
ENSG00000168952.16	0	2	1	0	0	2
ENSG00000168955.4	0	0	0	0	0	0
ENSG00000168958.20	395	405	370	301	267	355
ENSG00000168959.15	0	0	1	0	0	0
ENSG00000168961.17	0	0	0	0	0	2
ENSG00000168970.22	0	0	0	0	0	1
ENSG00000168993.15	44	65	65	39	33	55
ENSG00000168994.14	3	7	15	4	3	4
ENSG00000168995.13	0	0	0	0	0	0
ENSG00000169006.7	0	0	0	0	0	1
ENSG00000169016.17	91	137	129	92	86	141
ENSG00000169018.6	470	701	611	467	440	635
ENSG00000169019.11	118	142	124	72	75	82
ENSG00000169020.10	6864	7155	6226	3564	3363	4111
ENSG00000169021.6	489	524	487	313	324	415
ENSG00000169026.13	0	0	0	0	1	0
ENSG00000169031.21	12	19	12	16	20	15
ENSG00000169032.11	1391	1582	1460	776	862	1135
ENSG00000169035.12	0	0	0	0	0	0
ENSG00000169045.17	17712	15048	16615	20635	17668	21656
ENSG00000169047.6	1244	2088	1835	1516	1097	1529
ENSG00000169057.25	1072	1433	1311	1201	806	1080
ENSG00000169059.13	0	0	0	0	0	0
ENSG00000169062.15	233	213	219	245	195	221
ENSG00000169064.13	1	2	0	2	0	0
ENSG00000169067.4	0	0	0	0	0	0
ENSG00000169071.15	1	1	0	0	1	0
ENSG00000169083.18	778	986	950	1056	792	1016
ENSG00000169084.15	0	0	0	0	0	0
ENSG00000169084.15_PAR_Y	0	0	0	0	0	0
ENSG00000169085.14	1	6	6	0	3	3
ENSG00000169087.11	100	136	114	150	128	151
ENSG00000169093.16	0	0	0	0	0	0
ENSG00000169093.16_PAR_Y	0	0	0	0	0	0
ENSG00000169100.14	0	0	0	0	0	0
ENSG00000169100.14_PAR_Y	0	0	0	0	0	0
ENSG00000169105.8	157	187	233	151	109	169
ENSG00000169116.11	0	1	4	3	2	1
ENSG00000169118.18	459	653	605	511	426	560
ENSG00000169122.12	27	26	31	16	9	13
ENSG00000169126.16	2	1	4	2	1	1
ENSG00000169129.16	69	94	85	61	54	76
ENSG00000169131.13	211	221	206	311	234	266
ENSG00000169136.13	155	236	207	217	137	237
ENSG00000169139.12	604	622	660	329	332	424
ENSG00000169154.7	0	0	0	0	0	0
ENSG00000169155.10	373	424	386	357	276	376
ENSG00000169169.15	8	3	14	3	6	10
ENSG00000169174.11	0	1	3	0	0	0
ENSG00000169180.12	2826	3835	3468	3440	2569	3305
ENSG00000169181.13	11	11	14	7	6	15
ENSG00000169184.7	0	0	0	3	0	1
ENSG00000169188.5	387	500	495	322	297	412
ENSG00000169189.17	2086	2394	2136	1214	1449	1685
ENSG00000169193.12	31	37	38	22	13	8
ENSG00000169194.10	0	0	0	0	0	0
ENSG00000169203.17	0	0	0	0	0	0
ENSG00000169208.3	0	0	0	0	0	0
ENSG00000169213.7	10	11	3	6	8	4
ENSG00000169214.5	0	0	0	0	0	0
ENSG00000169217.9	2054	2059	1980	1247	1324	1760
ENSG00000169218.14	3	0	1	0	2	1
ENSG00000169220.18	5	5	5	9	8	2
ENSG00000169221.14	1815	2388	2116	1737	1401	2130
ENSG00000169223.16	2245	3013	2993	1710	1492	2078
ENSG00000169224.13	0	0	0	0	0	0
ENSG00000169228.14	598	641	690	760	524	711
ENSG00000169230.10	348	390	408	292	276	288
ENSG00000169231.13	222	249	226	289	195	333
ENSG00000169239.13	39	22	23	25	19	21
ENSG00000169241.19	199	228	217	107	120	132
ENSG00000169242.12	138	180	235	121	142	166
ENSG00000169245.6	0	0	0	0	0	0
ENSG00000169246.17	0	0	0	1	1	1
ENSG00000169247.14	28	31	48	31	37	48
ENSG00000169248.13	0	0	0	0	0	0
ENSG00000169249.14	808	897	800	1033	726	1029
ENSG00000169251.13	21323	21839	21658	17447	16921	20962
ENSG00000169252.6	0	0	0	0	0	0
ENSG00000169255.15	637	701	635	516	572	665
ENSG00000169258.7	377	556	481	398	339	407
ENSG00000169260.11	0	0	0	0	0	0
ENSG00000169271.3	0	0	0	0	0	0
ENSG00000169282.18	0	1	1	0	0	2
ENSG00000169288.18	794	950	882	585	655	842
ENSG00000169291.10	0	0	0	0	0	0
ENSG00000169297.8	0	0	0	0	0	0
ENSG00000169299.14	526	620	566	396	409	526
ENSG00000169302.16	0	0	0	0	0	0
ENSG00000169306.10	0	0	0	0	0	0
ENSG00000169313.10	0	0	0	0	0	0
ENSG00000169314.15	0	0	0	0	0	0
ENSG00000169327.5	0	0	0	0	0	0
ENSG00000169330.9	5	9	9	9	12	9
ENSG00000169340.10	0	0	0	0	0	0
ENSG00000169344.16	0	0	0	0	0	0
ENSG00000169347.17	0	0	0	0	0	0
ENSG00000169359.16	89	128	110	132	89	139
ENSG00000169371.14	224	286	272	228	217	269
ENSG00000169372.13	65	79	68	53	35	55
ENSG00000169375.17	6762	7975	7223	6223	5402	6968
ENSG00000169379.17	234	240	217	258	215	276
ENSG00000169385.3	0	0	0	0	0	0
ENSG00000169393.10	0	0	0	0	0	0
ENSG00000169397.4	0	0	0	0	0	0
ENSG00000169398.20	2859	3206	3249	3116	2525	3228
ENSG00000169402.16	0	1	0	5	2	1
ENSG00000169403.12	1	0	1	0	0	4
ENSG00000169410.11	412	531	448	520	306	495
ENSG00000169413.3	0	0	0	0	0	0
ENSG00000169418.10	0	1	0	0	2	1
ENSG00000169427.8	0	0	1	0	0	1
ENSG00000169429.12	0	0	1	0	1	0
ENSG00000169432.19	0	0	0	0	2	0
ENSG00000169435.14	0	0	0	0	0	0
ENSG00000169436.17	0	0	0	0	0	0
ENSG00000169439.12	70	73	88	44	35	42
ENSG00000169442.9	0	0	0	0	0	0
ENSG00000169446.6	111	121	91	71	141	139
ENSG00000169469.9	0	0	0	0	0	0
ENSG00000169474.5	0	0	0	0	0	0
ENSG00000169484.4	0	0	0	0	0	0
ENSG00000169488.7	0	3	0	0	0	0
ENSG00000169490.17	285	206	256	236	213	281
ENSG00000169495.5	2	1	6	9	6	3
ENSG00000169499.15	141	159	159	123	100	115
ENSG00000169504.15	252	299	276	124	161	146
ENSG00000169507.10	0	0	0	0	0	0
ENSG00000169508.7	0	1	0	0	0	0
ENSG00000169509.6	0	0	0	0	0	0
ENSG00000169515.9	1	0	0	0	1	0
ENSG00000169519.21	40	65	81	44	38	42
ENSG00000169548.3	0	0	0	0	0	0
ENSG00000169550.14	0	0	0	0	0	0
ENSG00000169551.13	0	0	0	0	1	0
ENSG00000169554.23	3	1	0	3	1	3
ENSG00000169562.13	0	0	0	0	1	0
ENSG00000169564.7	6255	6234	6215	2634	2873	3616
ENSG00000169567.13	2196	2248	2352	885	1140	1337
ENSG00000169570.10	46	80	75	66	44	67
ENSG00000169575.5	0	0	0	0	0	0
ENSG00000169583.13	722	778	808	350	352	399
ENSG00000169592.15	797	854	772	467	442	541
ENSG00000169594.14	6	8	5	14	4	9
ENSG00000169598.17	141	127	108	153	116	184
ENSG00000169599.13	573	605	516	380	423	494
ENSG00000169604.21	103	197	153	100	85	138
ENSG00000169605.7	0	0	0	0	0	0
ENSG00000169607.13	486	575	585	502	409	540
ENSG00000169609.14	436	389	396	293	321	433
ENSG00000169612.4	74	59	71	44	62	72
ENSG00000169618.7	0	0	0	0	0	0
ENSG00000169621.11	3	7	1	4	3	7
ENSG00000169627.9	0	0	0	0	0	0
ENSG00000169629.12	79	53	56	93	85	92
ENSG00000169635.10	71	125	104	117	56	110
ENSG00000169641.14	406	585	475	359	375	459
ENSG00000169660.17	57	108	79	139	98	172
ENSG00000169676.6	0	0	0	0	0	0
ENSG00000169679.15	1998	2584	2354	2022	1744	2481
ENSG00000169682.18	218	282	262	224	203	229
ENSG00000169683.8	759	988	862	938	731	893
ENSG00000169684.13	1150	1270	1280	1042	1110	1519
ENSG00000169688.11	0	0	0	0	0	0
ENSG00000169689.15	658	768	852	319	329	339
ENSG00000169692.13	196	259	238	141	179	213
ENSG00000169696.16	315	411	389	405	295	421
ENSG00000169704.5	0	0	0	0	0	0
ENSG00000169710.9	31509	36655	36004	28702	24160	31416
ENSG00000169714.17	4964	4611	4829	2440	2681	3103
ENSG00000169715.15	0	0	0	0	0	1
ENSG00000169717.7	0	0	0	0	0	0
ENSG00000169718.18	1012	1295	1350	1326	867	1231
ENSG00000169727.13	660	831	820	534	428	653
ENSG00000169733.12	27	35	45	25	23	35
ENSG00000169738.8	774	1110	876	552	469	598
ENSG00000169740.14	181	204	195	193	125	154
ENSG00000169744.13	0	0	0	0	0	0
ENSG00000169750.9	90	74	69	35	33	37
ENSG00000169752.17	0	0	0	0	0	0
ENSG00000169756.17	307	314	311	211	186	238
ENSG00000169758.13	0	0	0	1	0	0
ENSG00000169760.18	0	0	0	0	0	0
ENSG00000169762.17	99	133	136	116	110	187
ENSG00000169764.16	632	736	781	544	590	725
ENSG00000169777.7	0	0	0	0	0	0
ENSG00000169783.13	11	26	20	18	9	17
ENSG00000169789.10	0	0	0	0	0	0
ENSG00000169800.14	0	0	0	0	0	0
ENSG00000169807.10	0	0	0	0	0	0
ENSG00000169813.17	12086	11847	11930	7233	7784	9843
ENSG00000169814.17	43	76	97	54	55	67
ENSG00000169826.8	458	441	457	466	374	482
ENSG00000169836.5	0	0	1	0	0	0
ENSG00000169840.5	0	0	0	0	0	1
ENSG00000169851.16	3	1	1	2	1	0
ENSG00000169855.21	11	19	8	11	6	3
ENSG00000169856.9	49	62	66	69	53	64
ENSG00000169857.9	743	958	838	725	661	937
ENSG00000169860.7	0	3	0	0	0	0
ENSG00000169862.21	426	562	524	476	384	462
ENSG00000169871.13	838	1180	1147	1200	809	1176
ENSG00000169876.14	0	0	0	0	0	0
ENSG00000169877.10	0	1	0	0	0	0
ENSG00000169884.14	16	14	13	21	22	19
ENSG00000169885.10	11	4	5	20	14	24
ENSG00000169891.18	8	11	20	8	9	13
ENSG00000169894.18	16	24	17	11	13	9
ENSG00000169895.6	2983	3431	3172	2609	2414	3367
ENSG00000169896.18	1	2	1	2	0	3
ENSG00000169900.8	0	0	1	0	0	0
ENSG00000169902.15	93	125	120	81	79	118
ENSG00000169903.7	0	0	0	0	2	1
ENSG00000169905.13	1591	2046	1802	1536	1197	1738
ENSG00000169906.5	0	0	0	0	0	0
ENSG00000169908.12	0	1	0	3	1	4
ENSG00000169914.6	194	235	192	250	188	252
ENSG00000169918.10	3	1	1	1	5	4
ENSG00000169919.17	1102	1187	1255	1575	1178	1659
ENSG00000169925.17	1520	2035	1742	1467	1165	1569
ENSG00000169926.11	0	0	0	0	0	0
ENSG00000169933.17	0	0	1	0	0	0
ENSG00000169946.14	3	0	0	0	0	4
ENSG00000169951.10	41	69	84	70	59	52
ENSG00000169953.12	0	0	0	0	0	0
ENSG00000169955.8	13	9	13	14	4	8
ENSG00000169957.10	670	798	740	644	511	644
ENSG00000169962.5	0	4	0	4	3	1
ENSG00000169964.8	16	24	26	10	10	12
ENSG00000169967.17	521	769	627	786	594	820
ENSG00000169972.12	83	82	95	71	82	91
ENSG00000169976.7	58	66	43	24	42	39
ENSG00000169981.11	80	84	70	55	57	80
ENSG00000169989.3	9	17	16	17	9	11
ENSG00000169991.11	138	197	185	123	107	194
ENSG00000169992.10	267	417	382	407	281	380
ENSG00000169994.20	0	0	0	0	0	0
ENSG00000170004.19	11470	15485	13161	13780	9751	13100
ENSG00000170006.13	42	30	45	79	40	62
ENSG00000170011.14	21	23	22	28	21	25
ENSG00000170017.12	572	736	677	601	565	790
ENSG00000170027.7	2952	3214	3268	1993	1966	2506
ENSG00000170035.16	23	28	28	24	20	20
ENSG00000170037.14	818	1023	1010	1224	883	1156
ENSG00000170043.12	1094	1095	1134	523	556	709
ENSG00000170044.9	0	0	0	0	0	0
ENSG00000170049.10	19	29	21	50	23	27
ENSG00000170054.16	0	0	0	0	0	0
ENSG00000170074.20	0	0	0	0	0	0
ENSG00000170075.10	7	15	7	15	9	12
ENSG00000170085.18	221	260	259	230	186	210
ENSG00000170088.14	57	69	65	50	52	71
ENSG00000170091.11	0	0	0	2	0	0
ENSG00000170092.15	0	0	0	0	0	0
ENSG00000170099.6	0	0	0	0	0	0
ENSG00000170100.14	292	445	419	417	334	436
ENSG00000170113.16	136	170	144	145	118	168
ENSG00000170122.6	7	14	20	29	17	30
ENSG00000170128.5	0	0	0	0	0	1
ENSG00000170142.12	353	413	364	228	255	381
ENSG00000170144.22	3632	1747	2094	3482	2932	3480
ENSG00000170145.5	124	228	253	174	146	192
ENSG00000170153.11	10	5	5	3	3	13
ENSG00000170160.19	0	0	0	0	0	0
ENSG00000170162.14	0	0	0	0	0	0
ENSG00000170166.6	0	0	0	0	0	0
ENSG00000170175.11	6	14	8	14	14	13
ENSG00000170178.7	0	0	0	0	0	0
ENSG00000170180.22	0	0	1	1	0	0
ENSG00000170185.11	327	439	358	310	290	344
ENSG00000170190.16	8	5	4	11	5	4
ENSG00000170191.5	199	202	154	146	114	191
ENSG00000170209.5	0	1	0	1	0	0
ENSG00000170214.5	0	0	0	0	0	0
ENSG00000170222.12	20	18	25	11	11	13
ENSG00000170231.16	27	53	29	34	19	23
ENSG00000170234.13	120	224	178	192	156	223
ENSG00000170236.16	2	2	4	1	0	2
ENSG00000170242.19	1714	1736	1787	1619	1354	1827
ENSG00000170248.15	1123	1481	1431	1419	1295	1694
ENSG00000170255.8	0	0	0	0	0	0
ENSG00000170260.9	663	696	738	987	728	884
ENSG00000170262.13	0	0	0	0	0	0
ENSG00000170264.13	221	253	212	340	291	325
ENSG00000170265.12	1083	1223	1229	1165	945	1206
ENSG00000170266.16	502	509	526	415	452	564
ENSG00000170270.5	578	456	481	253	230	296
ENSG00000170271.11	0	0	0	0	0	0
ENSG00000170275.15	2827	2720	2923	1942	1934	2612
ENSG00000170276.6	0	0	0	0	0	0
ENSG00000170279.3	0	0	0	0	0	0
ENSG00000170289.13	51	60	50	40	31	41
ENSG00000170290.4	0	0	0	0	0	0
ENSG00000170291.16	866	772	792	562	581	672
ENSG00000170293.9	18	13	11	17	7	23
ENSG00000170296.10	171	204	184	63	90	83
ENSG00000170298.16	0	0	0	0	0	0
ENSG00000170310.15	46	65	28	41	26	47
ENSG00000170312.17	753	859	878	490	528	606
ENSG00000170315.14	566	526	606	299	310	295
ENSG00000170322.15	392	552	524	548	389	502
ENSG00000170323.9	0	0	0	0	0	0
ENSG00000170324.21	2	0	2	1	2	4
ENSG00000170325.16	198	283	242	246	222	251
ENSG00000170340.11	92	129	133	108	115	137
ENSG00000170345.10	12	25	16	14	11	14
ENSG00000170348.9	6989	7807	7218	4663	4691	6112
ENSG00000170364.13	162	221	227	249	199	275
ENSG00000170365.10	136	118	149	100	93	102
ENSG00000170367.5	0	0	0	0	0	0
ENSG00000170369.4	0	0	1	0	0	0
ENSG00000170370.12	0	0	0	0	0	0
ENSG00000170373.9	0	0	0	0	0	0
ENSG00000170374.6	0	0	0	0	0	0
ENSG00000170379.21	11	11	19	5	9	1
ENSG00000170381.15	483	555	497	378	368	469
ENSG00000170382.12	19	43	40	34	25	27
ENSG00000170385.10	260	362	367	286	253	386
ENSG00000170390.16	22	27	32	20	23	32
ENSG00000170396.9	0	0	0	0	0	0
ENSG00000170412.18	50	68	59	43	37	47
ENSG00000170417.16	76	68	82	59	41	95
ENSG00000170419.11	0	0	0	0	0	0
ENSG00000170421.13	96520	92208	92298	60587	63550	73893
ENSG00000170423.13	0	1	3	1	1	0
ENSG00000170425.4	5	11	13	5	4	6
ENSG00000170426.2	0	0	0	0	0	0
ENSG00000170430.10	635	665	573	313	407	494
ENSG00000170439.8	198	223	247	140	142	176
ENSG00000170442.12	26	25	44	21	20	20
ENSG00000170445.16	4374	4417	4457	3106	3107	3901
ENSG00000170448.12	766	821	737	765	717	848
ENSG00000170454.6	0	0	0	0	2	0
ENSG00000170456.16	29	43	45	26	11	31
ENSG00000170458.15	2	2	0	0	1	1
ENSG00000170464.10	18	33	37	24	20	27
ENSG00000170465.10	0	0	0	0	0	0
ENSG00000170468.8	671	918	876	611	500	736
ENSG00000170469.11	32	23	37	28	21	38
ENSG00000170471.15	2320	2747	2549	2588	2332	2852
ENSG00000170473.17	1070	1376	1201	734	681	919
ENSG00000170476.16	0	8	4	1	0	4
ENSG00000170477.13	10	28	20	8	13	21
ENSG00000170482.17	1	1	1	1	2	1
ENSG00000170484.10	0	0	0	0	0	0
ENSG00000170485.17	80	91	83	72	47	73
ENSG00000170486.11	0	0	0	0	0	0
ENSG00000170498.10	0	4	1	1	1	0
ENSG00000170500.13	651	795	790	991	839	1146
ENSG00000170502.13	624	674	613	499	492	624
ENSG00000170509.12	0	0	0	2	0	0
ENSG00000170515.14	2712	2691	2501	1979	2005	2480
ENSG00000170516.17	0	0	0	0	0	0
ENSG00000170522.10	125	128	120	81	77	76
ENSG00000170523.3	45	40	44	30	28	56
ENSG00000170525.21	549	767	724	483	395	615
ENSG00000170537.13	117	124	114	136	101	108
ENSG00000170540.15	714	750	818	465	554	636
ENSG00000170542.6	64	80	50	31	40	52
ENSG00000170545.17	143	117	148	73	75	78
ENSG00000170549.4	0	0	0	0	0	0
ENSG00000170558.10	0	1	0	0	0	0
ENSG00000170561.13	114	163	139	115	109	135
ENSG00000170571.12	227	296	219	258	207	292
ENSG00000170577.8	14	25	13	13	11	14
ENSG00000170579.17	0	0	0	0	0	0
ENSG00000170581.15	448	524	506	532	439	542
ENSG00000170584.11	623	615	625	276	348	408
ENSG00000170604.5	125	160	163	100	81	121
ENSG00000170605.7	0	0	0	0	0	0
ENSG00000170606.16	11055	12199	11147	8543	8410	11413
ENSG00000170608.3	1	1	2	0	0	0
ENSG00000170613.4	0	0	0	0	0	0
ENSG00000170615.15	0	2	4	2	5	0
ENSG00000170619.10	198	235	207	172	145	186
ENSG00000170624.14	0	0	0	0	0	0
ENSG00000170627.11	2	0	0	1	0	1
ENSG00000170631.15	68	105	91	78	55	94
ENSG00000170632.14	61	107	99	62	57	72
ENSG00000170633.17	910	1010	978	871	818	988
ENSG00000170634.13	125	131	108	49	55	81
ENSG00000170638.10	248	313	308	285	251	328
ENSG00000170653.19	97	102	112	56	59	68
ENSG00000170667.15	0	1	0	0	0	0
ENSG00000170677.6	55	60	66	42	35	60
ENSG00000170681.7	16	16	18	30	24	29
ENSG00000170683.7	0	0	0	0	0	0
ENSG00000170684.10	19	37	27	19	8	16
ENSG00000170689.10	6	11	7	2	2	4
ENSG00000170703.16	4	1	0	0	0	4
ENSG00000170734.12	416	488	457	488	401	537
ENSG00000170743.17	1	0	0	0	0	0
ENSG00000170745.12	239	300	259	270	200	287
ENSG00000170748.7	0	0	0	0	0	0
ENSG00000170759.11	8028	9331	8233	6875	6222	8095
ENSG00000170775.3	11	18	7	11	5	5
ENSG00000170776.22	5789	6773	6241	6346	5104	6794
ENSG00000170777.11	0	0	0	0	0	0
ENSG00000170779.11	1559	1687	1633	1074	968	1103
ENSG00000170782.3	0	0	0	0	0	0
ENSG00000170786.13	4	3	4	4	4	5
ENSG00000170788.14	0	0	0	0	0	0
ENSG00000170790.6	0	0	0	0	0	0
ENSG00000170791.18	115	143	115	77	86	95
ENSG00000170801.10	0	0	0	0	0	0
ENSG00000170802.17	209	203	171	225	189	261
ENSG00000170807.12	0	0	0	0	0	0
ENSG00000170819.5	1	0	0	0	1	3
ENSG00000170820.12	0	0	0	0	0	0
ENSG00000170832.13	11026	13233	12575	11583	9476	12133
ENSG00000170835.17	5	0	6	7	4	4
ENSG00000170836.13	3435	3554	3645	2383	2355	3016
ENSG00000170837.3	80	121	104	83	48	90
ENSG00000170846.17	93	109	99	89	59	82
ENSG00000170848.16	0	0	0	0	0	0
ENSG00000170852.12	1186	1304	1300	1246	1058	1449
ENSG00000170854.18	725	832	791	762	658	844
ENSG00000170855.4	262	270	281	155	203	237
ENSG00000170860.4	1913	1778	1809	1223	1240	1528
ENSG00000170871.12	1166	1434	1264	1330	1054	1339
ENSG00000170873.19	33	50	43	41	30	52
ENSG00000170876.8	562	539	558	420	390	498
ENSG00000170881.5	829	1145	1033	905	847	1202
ENSG00000170889.14	525	528	620	313	313	398
ENSG00000170890.14	0	0	0	0	0	0
ENSG00000170891.11	0	0	1	0	0	0
ENSG00000170892.13	253	278	273	148	161	187
ENSG00000170893.4	0	0	0	0	0	0
ENSG00000170899.11	7	7	5	9	5	11
ENSG00000170903.12	266	300	217	225	218	269
ENSG00000170906.16	19	21	12	9	8	10
ENSG00000170909.14	0	0	2	1	0	0
ENSG00000170915.9	7	3	9	3	2	7
ENSG00000170917.14	113	108	117	105	90	116
ENSG00000170920.2	0	0	0	0	0	0
ENSG00000170921.16	5358	7373	6800	6160	4779	6391
ENSG00000170923.4	0	0	0	0	0	0
ENSG00000170925.3	0	0	0	0	1	0
ENSG00000170927.15	0	1	2	2	0	0
ENSG00000170929.6	0	0	0	0	0	0
ENSG00000170935.8	1	8	2	2	4	4
ENSG00000170946.15	79	94	107	89	68	107
ENSG00000170948.4	2	0	0	0	0	0
ENSG00000170949.18	537	643	662	609	570	588
ENSG00000170950.6	0	2	4	3	0	2
ENSG00000170953.4	0	0	0	0	0	0
ENSG00000170954.12	0	0	0	0	0	0
ENSG00000170955.10	1	0	0	0	0	0
ENSG00000170956.17	1	0	0	0	0	0
ENSG00000170959.15	1	0	1	0	2	0
ENSG00000170961.7	3	2	4	0	0	0
ENSG00000170962.13	0	0	0	0	1	0
ENSG00000170965.10	0	1	2	1	0	0
ENSG00000170967.5	0	0	0	0	0	0
ENSG00000170989.10	0	0	0	0	0	0
ENSG00000171004.19	171	239	203	114	103	134
ENSG00000171014.3	0	0	0	0	0	0
ENSG00000171016.13	5	7	5	1	2	6
ENSG00000171017.11	168	233	233	149	170	220
ENSG00000171033.13	64	64	62	39	55	68
ENSG00000171044.11	12	22	20	12	19	31
ENSG00000171045.16	52	57	50	59	54	55
ENSG00000171049.9	0	0	0	0	0	0
ENSG00000171051.10	0	0	0	0	0	0
ENSG00000171053.10	0	0	0	0	0	0
ENSG00000171054.9	0	1	0	0	0	0
ENSG00000171055.15	220	219	265	196	227	264
ENSG00000171056.8	0	0	0	0	0	0
ENSG00000171060.11	0	0	0	0	0	0
ENSG00000171067.11	262	364	299	324	238	342
ENSG00000171094.18	1	0	1	0	0	0
ENSG00000171097.14	0	1	0	0	0	0
ENSG00000171100.16	277	286	291	237	250	293
ENSG00000171102.16	0	0	0	0	0	0
ENSG00000171103.11	510	617	597	674	652	837
ENSG00000171105.14	136	120	111	165	123	132
ENSG00000171109.19	1246	1360	1401	1480	1360	1811
ENSG00000171115.4	1	0	0	0	0	0
ENSG00000171116.7	0	2	0	1	0	5
ENSG00000171119.3	1	1	3	0	1	2
ENSG00000171121.17	236	428	339	400	266	366
ENSG00000171124.14	0	0	0	0	0	0
ENSG00000171126.8	19	14	4	11	8	14
ENSG00000171130.19	81	110	104	81	74	103
ENSG00000171132.14	255	311	303	243	171	261
ENSG00000171133.4	0	0	0	0	0	0
ENSG00000171135.15	202	242	237	81	112	136
ENSG00000171136.7	0	0	0	0	0	0
ENSG00000171148.14	930	1373	1216	1026	736	1064
ENSG00000171150.9	270	316	261	222	191	286
ENSG00000171155.8	575	636	616	408	462	618
ENSG00000171159.5	263	276	316	138	159	232
ENSG00000171160.18	26	30	30	16	18	24
ENSG00000171161.13	33	66	67	47	34	48
ENSG00000171163.16	247	292	257	397	313	406
ENSG00000171169.9	92	117	134	89	94	107
ENSG00000171174.15	51	63	59	29	27	36
ENSG00000171180.3	0	0	0	0	0	0
ENSG00000171189.18	0	0	0	0	0	0
ENSG00000171195.11	1	0	0	0	0	0
ENSG00000171199.11	0	0	0	0	0	0
ENSG00000171201.12	0	0	0	0	0	0
ENSG00000171202.7	33	79	56	39	61	56
ENSG00000171204.13	164	227	227	118	137	179
ENSG00000171206.15	357	530	494	371	292	422
ENSG00000171208.10	343	357	366	328	261	384
ENSG00000171209.4	0	0	0	0	0	0
ENSG00000171217.5	0	0	0	0	0	0
ENSG00000171219.9	1311	1895	1816	1870	1282	1805
ENSG00000171222.11	389	481	429	156	188	224
ENSG00000171223.6	232	324	339	270	155	296
ENSG00000171224.9	53	52	66	34	28	56
ENSG00000171227.7	0	5	0	0	0	0
ENSG00000171234.14	0	0	0	0	0	0
ENSG00000171236.10	10	14	16	4	12	7
ENSG00000171241.9	2651	2693	2628	1944	1794	2629
ENSG00000171243.8	0	0	0	0	0	0
ENSG00000171246.7	9	5	1	1	1	3
ENSG00000171262.11	547	532	479	334	443	555
ENSG00000171291.9	1	1	0	0	0	0
ENSG00000171295.13	106	132	147	139	144	157
ENSG00000171298.13	507	689	620	600	561	716
ENSG00000171302.17	1485	1768	1614	1350	1132	1420
ENSG00000171303.8	1	1	1	1	0	1
ENSG00000171307.19	367	491	497	361	338	394
ENSG00000171310.11	79	84	108	62	65	53
ENSG00000171311.13	197	239	272	113	137	149
ENSG00000171314.9	12	7	16	7	8	4
ENSG00000171316.14	3587	4752	4100	4499	3389	4341
ENSG00000171320.15	787	907	936	782	756	893
ENSG00000171345.13	15603	19047	18026	11586	9597	11517
ENSG00000171346.16	29	25	20	27	32	50
ENSG00000171357.6	3	2	0	3	0	4
ENSG00000171360.4	0	0	0	0	0	0
ENSG00000171365.17	145	156	162	177	127	163
ENSG00000171368.12	7	6	4	1	1	7
ENSG00000171385.11	13	20	27	17	17	14
ENSG00000171388.12	0	0	0	0	0	0
ENSG00000171396.12	0	0	0	0	0	0
ENSG00000171401.15	2	6	8	1	4	9
ENSG00000171402.15	1	0	0	0	0	0
ENSG00000171403.10	1	2	4	1	0	1
ENSG00000171405.13	0	0	0	0	0	0
ENSG00000171408.14	2	0	1	0	1	0
ENSG00000171421.13	255	254	284	133	175	201
ENSG00000171425.10	6	25	16	14	13	22
ENSG00000171428.15	71	118	83	84	67	115
ENSG00000171431.4	1	0	2	1	0	0
ENSG00000171433.12	10	2	2	2	2	2
ENSG00000171435.14	197	322	270	278	173	253
ENSG00000171443.7	25	29	27	16	21	26
ENSG00000171444.19	299	399	381	377	262	327
ENSG00000171446.7	0	0	0	0	0	0
ENSG00000171448.9	44	35	40	57	36	51
ENSG00000171450.6	0	0	1	1	0	0
ENSG00000171451.15	0	0	0	0	0	0
ENSG00000171453.20	715	816	772	651	588	686
ENSG00000171456.21	1670	2170	2081	2149	1608	2174
ENSG00000171459.4	0	0	0	0	0	0
ENSG00000171462.15	4	3	6	5	4	8
ENSG00000171466.10	239	241	234	202	207	246
ENSG00000171467.16	1343	1701	1586	1662	1322	1747
ENSG00000171469.11	180	242	182	204	164	225
ENSG00000171475.14	200	220	201	191	165	195
ENSG00000171476.22	0	2	0	0	1	0
ENSG00000171478.8	0	0	0	0	0	0
ENSG00000171481.5	0	0	0	0	0	0
ENSG00000171487.16	0	0	0	0	1	0
ENSG00000171488.15	5	15	29	10	21	11
ENSG00000171489.11	0	0	0	0	0	0
ENSG00000171490.13	5582	6862	5560	4548	3917	5380
ENSG00000171492.14	122	179	151	103	129	158
ENSG00000171495.17	1	0	0	0	0	0
ENSG00000171496.5	0	0	0	0	0	0
ENSG00000171497.5	1936	1800	1755	1330	1384	1910
ENSG00000171501.10	0	0	0	0	0	0
ENSG00000171502.15	9	4	2	6	5	6
ENSG00000171503.13	653	706	693	550	500	688
ENSG00000171505.5	0	0	0	0	0	0
ENSG00000171509.16	0	0	0	0	0	0
ENSG00000171517.6	1	1	0	0	0	0
ENSG00000171522.6	20	25	20	20	17	23
ENSG00000171530.15	4456	4765	4079	3355	3666	4324
ENSG00000171532.5	0	0	0	0	0	0
ENSG00000171533.12	3	2	1	1	2	2
ENSG00000171540.8	2	1	1	3	1	2
ENSG00000171551.12	3	15	5	9	3	4
ENSG00000171552.14	729	1100	889	730	559	804
ENSG00000171557.17	0	0	0	0	0	0
ENSG00000171560.17	0	0	0	0	0	0
ENSG00000171561.4	0	0	0	0	0	0
ENSG00000171564.12	3	2	0	0	0	0
ENSG00000171566.12	504	551	557	524	472	611
ENSG00000171570.11	0	0	0	0	0	0
ENSG00000171574.19	174	204	232	204	198	226
ENSG00000171587.15	1268	1638	1601	1567	1116	1469
ENSG00000171595.14	1	0	0	0	0	0
ENSG00000171596.7	0	0	0	0	1	0
ENSG00000171603.18	2116	2501	2507	2078	1727	2396
ENSG00000171604.12	419	590	484	380	278	394
ENSG00000171606.18	354	426	372	424	335	388
ENSG00000171608.18	15	15	17	17	9	16
ENSG00000171611.10	0	0	0	0	0	0
ENSG00000171612.7	17	16	5	10	8	11
ENSG00000171617.15	127	132	162	148	117	121
ENSG00000171621.14	16	26	23	7	11	12
ENSG00000171631.16	19	29	15	20	24	17
ENSG00000171634.19	22866	27645	24280	23839	18095	24256
ENSG00000171643.14	0	0	0	0	0	0
ENSG00000171649.12	0	0	0	0	0	0
ENSG00000171657.6	0	0	0	0	0	0
ENSG00000171659.16	0	0	0	0	0	0
ENSG00000171680.23	210	267	290	290	238	320
ENSG00000171681.13	1131	1313	1164	1196	912	1378
ENSG00000171695.11	11	21	16	17	14	10
ENSG00000171700.14	264	322	247	184	188	252
ENSG00000171703.17	514	639	605	366	302	429
ENSG00000171711.3	0	0	0	0	0	0
ENSG00000171714.13	0	0	0	0	0	0
ENSG00000171720.10	669	817	785	614	500	695
ENSG00000171722.13	0	0	0	0	0	0
ENSG00000171723.16	1061	1152	1154	854	832	1074
ENSG00000171724.3	229	256	249	211	161	274
ENSG00000171729.14	107	112	138	98	92	110
ENSG00000171735.20	354	408	446	194	201	212
ENSG00000171747.9	1	3	2	5	0	6
ENSG00000171757.17	0	0	0	0	2	0
ENSG00000171759.10	1	0	3	0	2	0
ENSG00000171763.20	300	347	327	320	276	397
ENSG00000171766.17	5	1	5	5	3	5
ENSG00000171772.17	0	0	0	0	0	0
ENSG00000171773.3	0	0	1	0	0	0
ENSG00000171777.16	0	0	0	0	0	0
ENSG00000171786.6	0	0	0	0	0	0
ENSG00000171790.16	1	2	1	2	0	2
ENSG00000171791.14	15	21	14	16	6	16
ENSG00000171792.11	93	92	110	63	62	97
ENSG00000171793.17	2835	2924	2923	2914	2501	3421
ENSG00000171794.4	0	0	0	0	0	1
ENSG00000171798.19	47	77	65	57	58	71
ENSG00000171804.11	3	5	6	4	2	9
ENSG00000171806.12	144	163	175	130	117	173
ENSG00000171811.14	0	3	2	2	4	2
ENSG00000171812.13	0	0	0	0	0	0
ENSG00000171813.14	548	743	635	562	431	588
ENSG00000171815.6	0	5	2	0	0	1
ENSG00000171817.17	0	1	5	1	2	4
ENSG00000171819.5	0	0	0	0	0	0
ENSG00000171823.7	75	75	70	69	56	65
ENSG00000171824.14	664	774	767	780	606	752
ENSG00000171827.11	8	6	7	9	2	5
ENSG00000171840.13	0	1	0	0	0	0
ENSG00000171843.17	71	87	87	67	54	65
ENSG00000171847.11	0	8	0	0	2	1
ENSG00000171848.16	6545	6670	6780	5015	5043	6118
ENSG00000171853.16	324	480	416	444	298	431
ENSG00000171855.7	0	0	0	1	0	0
ENSG00000171858.18	1427	1504	1590	518	678	683
ENSG00000171860.5	0	0	0	0	0	0
ENSG00000171861.11	689	805	801	469	490	603
ENSG00000171862.13	260	330	284	238	180	239
ENSG00000171863.15	5739	3858	4130	1744	2298	2139
ENSG00000171864.5	0	0	0	0	0	0
ENSG00000171865.10	0	0	0	0	0	0
ENSG00000171867.18	354	302	335	189	233	270
ENSG00000171872.5	0	0	0	0	0	0
ENSG00000171873.8	0	0	0	0	0	0
ENSG00000171877.21	53	53	60	46	48	50
ENSG00000171885.18	0	0	0	1	0	0
ENSG00000171903.17	158	171	198	151	135	202
ENSG00000171914.17	505	729	613	622	517	642
ENSG00000171916.17	0	0	0	0	0	0
ENSG00000171928.14	82	63	83	36	43	58
ENSG00000171931.13	0	1	2	1	2	1
ENSG00000171936.3	0	0	0	0	0	0
ENSG00000171940.14	3226	3893	3846	3350	2992	3759
ENSG00000171942.5	0	0	0	0	0	0
ENSG00000171943.12	19	50	30	24	18	22
ENSG00000171944.2	0	0	0	0	0	0
ENSG00000171951.5	3	1	2	4	1	1
ENSG00000171953.16	104	159	129	105	82	110
ENSG00000171954.13	7	7	17	6	2	10
ENSG00000171956.7	0	0	0	0	0	0
ENSG00000171960.12	414	354	378	280	261	373
ENSG00000171962.18	4	7	4	9	6	12
ENSG00000171970.14	94	130	102	92	103	106
ENSG00000171984.15	10	13	14	11	7	4
ENSG00000171988.20	1861	2211	2003	2473	2018	2753
ENSG00000171989.6	0	0	0	0	0	0
ENSG00000171992.13	19	30	28	18	23	25
ENSG00000172000.7	0	0	3	0	0	0
ENSG00000172005.11	0	0	0	0	0	0
ENSG00000172006.12	82	113	68	101	75	109
ENSG00000172007.7	107	175	160	109	105	155
ENSG00000172009.15	876	1106	1006	898	680	985
ENSG00000172016.16	0	0	0	0	0	0
ENSG00000172020.13	0	0	0	0	0	0
ENSG00000172023.8	0	0	0	0	0	0
ENSG00000172031.7	8	5	6	5	3	2
ENSG00000172037.14	997	1185	1235	1391	1069	1447
ENSG00000172046.21	1291	1628	1466	1298	1236	1532
ENSG00000172053.18	1617	2018	1770	1647	1249	1723
ENSG00000172057.10	34	28	31	17	19	13
ENSG00000172058.16	0	0	0	0	0	0
ENSG00000172059.11	81	161	102	93	71	86
ENSG00000172061.9	0	0	0	0	0	0
ENSG00000172062.17	29	11	14	19	11	16
ENSG00000172071.15	943	1126	1108	1070	872	1289
ENSG00000172073.4	0	0	0	0	0	0
ENSG00000172081.14	9	20	14	10	12	20
ENSG00000172086.9	420	471	433	308	267	385
ENSG00000172113.10	303	331	299	278	245	286
ENSG00000172115.9	779	794	821	427	532	583
ENSG00000172116.23	0	0	0	0	0	0
ENSG00000172123.13	0	0	0	0	0	0
ENSG00000172137.19	5	2	3	1	0	2
ENSG00000172139.15	0	0	0	2	0	0
ENSG00000172146.4	0	0	0	0	0	0
ENSG00000172150.4	0	0	0	0	0	0
ENSG00000172154.11	0	0	0	0	0	0
ENSG00000172155.10	0	0	0	0	0	0
ENSG00000172156.4	0	0	0	0	0	0
ENSG00000172159.16	111	133	114	90	63	112
ENSG00000172164.15	16	19	14	20	10	8
ENSG00000172167.8	362	397	387	575	453	545
ENSG00000172171.11	129	158	168	106	119	123
ENSG00000172172.8	65	68	58	33	47	56
ENSG00000172175.16	405	401	417	372	382	490
ENSG00000172179.13	0	0	0	0	0	0
ENSG00000172183.16	116	116	123	66	70	64
ENSG00000172188.6	0	0	0	0	0	0
ENSG00000172197.11	46	62	66	67	38	57
ENSG00000172199.1	0	0	0	0	0	0
ENSG00000172201.12	1	1	7	1	1	3
ENSG00000172208.7	0	0	0	0	0	0
ENSG00000172209.6	0	0	0	0	0	0
ENSG00000172215.6	0	0	0	0	0	0
ENSG00000172216.6	292	402	409	234	201	290
ENSG00000172232.10	0	0	0	0	0	0
ENSG00000172236.18	0	0	0	0	0	0
ENSG00000172238.6	0	0	0	0	0	0
ENSG00000172239.14	249	167	181	135	178	205
ENSG00000172243.18	0	0	1	0	0	0
ENSG00000172244.9	305	345	363	417	392	554
ENSG00000172247.4	0	0	2	0	0	0
ENSG00000172260.15	0	2	1	0	1	2
ENSG00000172262.12	929	1139	1070	1159	904	1186
ENSG00000172264.19	130	137	132	149	101	145
ENSG00000172269.20	741	749	743	541	525	609
ENSG00000172270.22	633	727	852	442	530	567
ENSG00000172273.13	168	196	172	239	180	271
ENSG00000172288.8	0	0	0	0	0	0
ENSG00000172289.3	0	0	0	0	0	0
ENSG00000172292.15	1113	1397	1324	1070	1154	1786
ENSG00000172296.13	0	1	1	2	0	0
ENSG00000172301.11	231	255	246	168	140	238
ENSG00000172315.6	152	219	195	148	139	174
ENSG00000172318.6	0	0	0	0	0	0
ENSG00000172320.4	0	0	0	0	0	0
ENSG00000172322.14	0	0	0	0	0	0
ENSG00000172324.6	0	0	0	0	0	0
ENSG00000172331.12	200	205	199	144	121	155
ENSG00000172336.5	143	160	167	61	89	123
ENSG00000172339.10	12	6	18	4	11	13
ENSG00000172340.15	454	360	388	326	274	366
ENSG00000172345.14	89	100	147	68	83	107
ENSG00000172346.15	0	0	0	0	0	0
ENSG00000172348.16	1	0	2	0	0	0
ENSG00000172349.18	13	28	37	27	22	32
ENSG00000172350.10	0	0	0	2	1	1
ENSG00000172352.5	0	0	0	0	0	0
ENSG00000172354.10	860	1093	1215	598	556	755
ENSG00000172361.6	27	27	28	29	26	40
ENSG00000172362.4	0	0	0	0	0	0
ENSG00000172365.4	0	0	0	0	0	0
ENSG00000172366.20	91	97	110	65	50	59
ENSG00000172367.16	0	0	0	0	0	0
ENSG00000172375.14	106	159	140	156	109	167
ENSG00000172377.3	0	0	0	0	0	0
ENSG00000172379.22	314	530	438	365	290	383
ENSG00000172380.6	52	55	62	34	34	28
ENSG00000172382.10	8	31	19	18	8	11
ENSG00000172399.6	0	0	0	0	0	0
ENSG00000172403.11	71	90	69	50	44	46
ENSG00000172404.5	0	0	0	0	0	0
ENSG00000172409.7	419	468	450	312	282	423
ENSG00000172410.5	0	0	0	0	0	0
ENSG00000172421.10	0	0	0	1	0	2
ENSG00000172425.12	3	3	3	1	3	5
ENSG00000172426.16	0	0	0	0	0	0
ENSG00000172428.11	42	52	62	34	15	33
ENSG00000172432.19	347	415	436	472	379	476
ENSG00000172456.18	60	67	95	67	66	101
ENSG00000172457.7	0	0	0	0	0	0
ENSG00000172458.5	3	0	4	3	2	1
ENSG00000172459.5	0	0	0	0	0	0
ENSG00000172461.11	73	77	71	84	105	150
ENSG00000172464.4	0	0	0	0	0	0
ENSG00000172465.14	448	536	513	340	322	414
ENSG00000172466.16	803	901	856	810	802	956
ENSG00000172468.14	0	0	0	0	0	0
ENSG00000172469.17	40	78	63	54	60	63
ENSG00000172476.4	3	0	0	5	1	2
ENSG00000172478.18	8	22	10	3	10	11
ENSG00000172482.5	0	0	0	0	0	0
ENSG00000172487.4	0	0	0	0	0	0
ENSG00000172489.7	0	0	0	0	0	0
ENSG00000172493.23	468	661	613	657	474	626
ENSG00000172497.9	0	0	0	0	0	1
ENSG00000172500.13	341	460	455	289	271	375
ENSG00000172508.11	1	7	5	8	4	4
ENSG00000172519.10	0	0	0	0	0	0
ENSG00000172524.12	0	0	0	0	0	0
ENSG00000172530.22	222	238	242	280	163	234
ENSG00000172531.16	658	861	882	461	458	543
ENSG00000172534.14	2021	3096	2705	1984	1654	2144
ENSG00000172538.7	0	0	0	0	0	0
ENSG00000172543.9	2	2	0	0	0	0
ENSG00000172548.15	0	0	0	0	0	0
ENSG00000172551.12	31	41	46	21	14	19
ENSG00000172554.12	0	0	0	0	0	1
ENSG00000172568.5	0	0	0	0	0	0
ENSG00000172572.7	0	0	0	0	0	0
ENSG00000172575.14	112	154	131	145	84	115
ENSG00000172578.12	0	0	0	0	0	0
ENSG00000172586.8	1210	1077	1170	553	706	805
ENSG00000172590.18	2208	2390	2185	954	1128	1287
ENSG00000172594.13	85	108	87	87	80	96
ENSG00000172602.11	20	13	25	14	8	17
ENSG00000172613.8	175	296	227	317	193	294
ENSG00000172638.13	9	9	10	20	7	17
ENSG00000172640.4	0	0	0	0	0	0
ENSG00000172650.15	24	19	22	53	32	37
ENSG00000172661.20	191	179	206	254	209	274
ENSG00000172663.9	59	85	72	58	64	73
ENSG00000172667.11	203	225	267	176	158	234
ENSG00000172671.20	45	52	52	50	62	81
ENSG00000172673.12	0	0	0	0	0	0
ENSG00000172680.1	0	0	0	0	0	0
ENSG00000172687.14	55	43	43	51	32	63
ENSG00000172689.2	0	0	0	0	0	0
ENSG00000172716.17	0	1	1	1	0	0
ENSG00000172717.17	0	1	0	0	1	0
ENSG00000172724.12	0	0	0	0	0	0
ENSG00000172725.14	2793	3175	3202	2088	1966	2595
ENSG00000172728.16	59	63	69	70	38	79
ENSG00000172731.15	129	142	105	78	61	84
ENSG00000172732.12	409	531	488	497	349	489
ENSG00000172733.12	0	1	0	0	0	0
ENSG00000172738.13	0	1	0	0	0	1
ENSG00000172742.6	0	0	0	0	0	0
ENSG00000172748.14	45	47	52	51	46	68
ENSG00000172752.16	0	0	0	0	0	0
ENSG00000172757.13	30963	29283	29404	14448	16564	18654
ENSG00000172765.19	644	809	647	617	430	685
ENSG00000172766.19	727	892	828	1082	833	1024
ENSG00000172769.4	0	0	0	0	0	0
ENSG00000172771.12	0	4	1	2	3	1
ENSG00000172772.3	0	0	0	0	0	0
ENSG00000172775.17	795	1015	838	855	629	807
ENSG00000172780.17	39	44	38	27	29	38
ENSG00000172782.13	0	0	0	0	0	0
ENSG00000172785.19	101	75	119	221	137	176
ENSG00000172789.4	6	9	8	6	4	6
ENSG00000172794.20	8	4	6	10	8	9
ENSG00000172795.17	686	658	655	825	684	894
ENSG00000172803.18	0	0	0	0	3	1
ENSG00000172809.13	366	463	451	263	292	313
ENSG00000172817.4	0	0	0	0	0	0
ENSG00000172818.10	37	49	54	38	37	45
ENSG00000172819.17	545	908	797	619	528	662
ENSG00000172824.17	5	3	4	8	5	3
ENSG00000172828.13	1	4	6	6	11	4
ENSG00000172830.13	1352	1701	1597	1588	1229	1611
ENSG00000172831.14	180	289	253	231	157	242
ENSG00000172840.7	188	253	283	194	169	212
ENSG00000172845.18	3118	3650	3395	2393	2143	2849
ENSG00000172850.11	0	0	0	0	0	0
ENSG00000172867.4	2	0	1	0	2	1
ENSG00000172869.15	1428	1595	1524	1734	1378	1984
ENSG00000172878.14	217	241	197	299	239	292
ENSG00000172888.12	650	719	680	896	695	797
ENSG00000172889.16	418	453	433	296	282	362
ENSG00000172890.13	1102	1322	1465	1805	1403	1778
ENSG00000172893.18	743	1045	1083	623	599	868
ENSG00000172901.21	0	7	5	4	1	3
ENSG00000172915.20	593	732	681	649	550	764
ENSG00000172922.11	651	663	668	498	492	602
ENSG00000172927.9	2	4	4	9	2	0
ENSG00000172932.16	410	565	546	802	512	654
ENSG00000172935.9	0	0	0	0	0	0
ENSG00000172936.17	282	325	359	196	175	264
ENSG00000172938.3	0	1	0	0	0	0
ENSG00000172939.9	1024	1124	963	923	835	1221
ENSG00000172940.13	0	2	0	1	0	0
ENSG00000172943.21	1381	1763	1584	1475	1141	1735
ENSG00000172954.14	647	639	691	392	400	496
ENSG00000172955.17	0	0	0	0	0	0
ENSG00000172967.8	0	4	1	1	0	0
ENSG00000172969.8	0	0	0	0	0	0
ENSG00000172977.13	391	449	455	358	276	360
ENSG00000172985.11	0	0	0	0	0	0
ENSG00000172986.13	30	39	57	26	15	25
ENSG00000172987.13	0	0	0	1	0	0
ENSG00000172992.13	137	179	174	203	146	216
ENSG00000172995.17	0	0	1	0	0	0
ENSG00000173011.12	400	449	395	352	217	328
ENSG00000173013.6	38	62	49	45	38	62
ENSG00000173020.11	2900	4109	3599	3030	2130	3172
ENSG00000173039.20	541	692	711	481	395	457
ENSG00000173040.13	0	0	1	0	0	0
ENSG00000173041.12	485	620	554	730	601	902
ENSG00000173064.14	4164	5347	4987	6582	4968	6647
ENSG00000173065.14	25	46	42	37	29	25
ENSG00000173068.19	0	0	0	0	0	0
ENSG00000173080.6	0	0	0	0	0	0
ENSG00000173083.16	166	213	180	135	132	185
ENSG00000173085.15	316	350	377	269	289	382
ENSG00000173093.13	220	279	306	516	337	416
ENSG00000173110.8	2	3	1	2	0	0
ENSG00000173113.7	2870	2429	2744	1319	1528	1700
ENSG00000173114.13	0	1	0	0	0	0
ENSG00000173120.15	3150	3696	3588	3140	2480	3342
ENSG00000173124.15	0	0	0	0	0	0
ENSG00000173137.12	170	208	193	289	234	265
ENSG00000173141.5	747	900	881	327	412	416
ENSG00000173145.11	1283	1411	1191	1186	1042	1400
ENSG00000173153.17	227	275	308	296	209	280
ENSG00000173156.7	314	427	458	256	242	328
ENSG00000173157.18	19	39	21	29	23	24
ENSG00000173163.11	82	90	107	49	60	91
ENSG00000173166.18	937	1114	1063	825	813	983
ENSG00000173171.15	134	172	173	70	78	83
ENSG00000173175.16	649	919	824	736	580	677
ENSG00000173193.15	1064	1264	1117	1312	1157	1514
ENSG00000173198.6	0	0	0	0	0	0
ENSG00000173200.13	2	1	0	0	0	1
ENSG00000173207.13	3	4	8	0	4	3
ENSG00000173208.4	0	1	0	0	0	0
ENSG00000173210.20	86	115	85	101	78	88
ENSG00000173212.5	0	2	0	0	0	0
ENSG00000173213.11	0	0	0	0	0	1
ENSG00000173214.7	209	220	204	280	226	290
ENSG00000173218.15	1636	1890	1717	1062	975	1211
ENSG00000173221.14	1	1	6	0	1	1
ENSG00000173226.17	1282	1351	1337	1419	1174	1681
ENSG00000173227.14	1284	1544	1499	1580	1222	1518
ENSG00000173230.17	12307	13954	12548	12329	9830	12808
ENSG00000173237.5	0	0	0	0	0	1
ENSG00000173239.14	0	0	0	0	0	0
ENSG00000173250.3	1	0	0	0	0	0
ENSG00000173253.16	4	2	6	1	5	3
ENSG00000173258.13	181	197	189	188	171	192
ENSG00000173261.9	2	5	4	4	6	1
ENSG00000173262.12	0	0	0	0	0	0
ENSG00000173264.15	134	176	166	166	129	158
ENSG00000173267.14	1	4	5	2	1	5
ENSG00000173269.14	6	5	8	11	2	8
ENSG00000173272.16	114	105	104	54	67	80
ENSG00000173273.16	580	782	712	832	737	1023
ENSG00000173275.13	51	52	66	85	59	96
ENSG00000173276.14	576	796	662	665	537	782
ENSG00000173281.5	162	208	187	179	132	184
ENSG00000173285.5	0	0	0	0	0	0
ENSG00000173302.5	0	0	0	0	0	0
ENSG00000173320.12	28	69	41	47	40	27
ENSG00000173327.8	892	1420	1228	1011	754	1124
ENSG00000173334.4	82	99	96	63	48	78
ENSG00000173335.5	0	0	0	0	0	0
ENSG00000173338.13	2	1	1	2	0	0
ENSG00000173349.6	20	15	16	10	9	6
ENSG00000173366.11	0	0	0	0	0	0
ENSG00000173369.18	0	1	0	0	0	0
ENSG00000173372.18	0	0	0	0	0	0
ENSG00000173376.14	0	0	0	0	0	0
ENSG00000173389.16	0	0	0	0	0	0
ENSG00000173391.9	0	0	1	0	0	0
ENSG00000173401.10	0	0	0	0	0	0
ENSG00000173402.13	1023	1341	1306	801	820	1014
ENSG00000173404.5	0	1	0	0	0	0
ENSG00000173406.16	0	0	0	0	0	0
ENSG00000173409.14	151	197	186	153	115	140
ENSG00000173418.12	1053	973	1061	815	951	1204
ENSG00000173421.17	0	2	0	0	0	0
ENSG00000173431.2	0	0	0	0	0	0
ENSG00000173432.13	0	0	0	0	0	0
ENSG00000173436.15	526	594	524	235	254	318
ENSG00000173442.13	1655	1980	1917	1727	1332	1965
ENSG00000173451.7	4	3	0	6	2	10
ENSG00000173452.14	0	0	0	0	0	0
ENSG00000173456.5	654	983	817	689	532	762
ENSG00000173457.11	467	404	545	486	410	494
ENSG00000173464.15	0	0	0	0	0	0
ENSG00000173465.8	96	118	104	43	55	43
ENSG00000173467.9	0	0	0	0	0	0
ENSG00000173473.11	4496	4919	4581	4073	3607	4580
ENSG00000173480.11	76	45	53	72	87	90
ENSG00000173482.17	0	0	0	0	0	0
ENSG00000173486.14	425	504	493	257	269	320
ENSG00000173503.12	0	0	0	0	0	0
ENSG00000173511.10	49	77	82	69	59	85
ENSG00000173517.11	860	1178	1031	1038	783	1056
ENSG00000173530.6	0	0	0	0	0	0
ENSG00000173531.16	9	11	10	24	13	13
ENSG00000173535.15	13	10	8	9	6	4
ENSG00000173540.14	342	433	413	326	276	320
ENSG00000173542.9	89	101	108	113	109	127
ENSG00000173545.5	2897	2631	2747	1966	2087	2552
ENSG00000173546.7	0	6	0	2	0	0
ENSG00000173548.9	418	472	458	393	392	484
ENSG00000173557.15	0	0	0	0	1	0
ENSG00000173559.15	156	148	156	112	121	169
ENSG00000173567.16	0	4	4	2	0	2
ENSG00000173572.12	0	0	0	0	0	0
ENSG00000173575.24	6432	7696	6863	7163	5631	7041
ENSG00000173578.9	0	0	0	0	0	0
ENSG00000173581.8	24	33	40	48	23	31
ENSG00000173585.17	0	0	0	0	0	0
ENSG00000173588.16	805	879	730	976	753	926
ENSG00000173597.9	0	0	0	0	0	0
ENSG00000173598.14	227	113	148	162	154	155
ENSG00000173599.15	713	827	773	676	522	673
ENSG00000173610.13	0	0	0	0	0	0
ENSG00000173611.18	128	126	145	160	123	178
ENSG00000173612.10	0	0	0	0	0	0
ENSG00000173614.14	117	138	151	104	98	126
ENSG00000173621.9	155	300	295	252	185	263
ENSG00000173626.10	0	0	0	0	0	0
ENSG00000173627.8	0	0	0	0	0	0
ENSG00000173638.19	374	435	451	339	272	357
ENSG00000173641.18	0	0	0	0	0	0
ENSG00000173653.8	78	90	82	63	52	61
ENSG00000173660.12	1399	1346	1398	869	1038	1208
ENSG00000173662.21	0	4	1	0	0	0
ENSG00000173673.8	2	0	0	3	0	0
ENSG00000173674.11	388	405	320	195	178	292
ENSG00000173678.15	0	0	0	0	0	0
ENSG00000173679.2	0	0	0	0	0	0
ENSG00000173681.17	318	404	433	465	358	463
ENSG00000173692.14	3785	3956	3768	2846	2934	3993
ENSG00000173698.18	3	14	8	11	9	11
ENSG00000173699.17	0	0	0	0	0	0
ENSG00000173702.7	0	0	0	0	0	0
ENSG00000173705.9	2	2	1	1	0	2
ENSG00000173706.15	41	63	72	52	24	35
ENSG00000173714.8	0	0	0	0	0	0
ENSG00000173715.18	251	292	332	397	314	447
ENSG00000173726.11	321	303	327	177	171	193
ENSG00000173728.11	0	0	0	0	0	0
ENSG00000173744.18	383	459	446	313	320	363
ENSG00000173757.11	156	147	161	145	129	142
ENSG00000173762.8	0	0	0	0	0	0
ENSG00000173769.4	0	0	0	0	0	0
ENSG00000173786.17	193	261	220	146	114	160
ENSG00000173801.17	4270	5211	5068	3106	2793	3674
ENSG00000173805.16	38	80	55	85	51	73
ENSG00000173809.18	9	14	9	12	15	15
ENSG00000173812.11	609	881	818	507	628	729
ENSG00000173818.17	111	161	126	92	94	122
ENSG00000173821.20	5615	7978	7094	7937	5807	7997
ENSG00000173825.7	37	73	56	50	41	59
ENSG00000173826.15	3	7	2	3	2	2
ENSG00000173838.12	9	8	5	14	7	16
ENSG00000173846.13	38	41	27	55	27	38
ENSG00000173848.19	2937	3737	3712	2553	2264	2918
ENSG00000173852.16	239	278	282	326	258	333
ENSG00000173867.10	0	0	0	0	0	0
ENSG00000173868.12	0	0	0	0	0	0
ENSG00000173875.14	267	320	330	259	241	311
ENSG00000173889.16	2874	3322	3208	3649	2822	3689
ENSG00000173890.17	6	17	11	7	8	30
ENSG00000173894.11	735	1059	897	786	612	801
ENSG00000173898.15	2091	2858	2556	3054	2094	2997
ENSG00000173905.9	4101	5332	4437	3120	2567	3628
ENSG00000173908.9	0	0	0	0	0	0
ENSG00000173914.12	208	200	228	206	160	213
ENSG00000173915.16	25	35	27	19	19	20
ENSG00000173917.11	1	0	1	0	1	1
ENSG00000173918.15	0	1	0	0	0	0
ENSG00000173926.6	8	13	5	9	7	10
ENSG00000173928.4	40	39	48	30	33	26
ENSG00000173930.9	12	24	14	13	10	31
ENSG00000173933.21	313	295	309	358	302	448
ENSG00000173947.14	0	0	0	0	0	0
ENSG00000173950.16	148	196	184	161	130	154
ENSG00000173960.14	76	111	97	131	148	169
ENSG00000173976.16	0	0	0	0	0	0
ENSG00000173988.14	0	0	0	0	2	0
ENSG00000173991.6	4	2	4	9	5	6
ENSG00000173992.9	331	352	392	410	291	333
ENSG00000174004.6	0	2	1	0	0	2
ENSG00000174007.9	12	10	14	13	9	15
ENSG00000174010.10	89	136	122	77	71	112
ENSG00000174013.8	138	144	179	126	115	159
ENSG00000174015.10	1	6	3	6	3	1
ENSG00000174016.11	0	0	0	0	0	0
ENSG00000174021.12	10	14	11	10	1	7
ENSG00000174032.17	130	166	155	136	114	131
ENSG00000174038.13	0	1	0	0	0	0
ENSG00000174059.17	0	0	0	0	0	0
ENSG00000174080.12	0	1	0	0	0	1
ENSG00000174099.12	0	1	4	2	1	3
ENSG00000174106.3	1120	1218	1212	1394	1210	1538
ENSG00000174109.5	159	167	198	109	133	125
ENSG00000174123.11	0	0	0	0	0	0
ENSG00000174125.8	0	0	0	0	0	0
ENSG00000174130.13	0	0	3	0	1	2
ENSG00000174132.9	140	172	198	106	121	150
ENSG00000174136.13	120	178	184	162	114	160
ENSG00000174137.14	22	9	15	26	19	25
ENSG00000174145.8	0	0	1	1	0	2
ENSG00000174151.15	22	33	29	25	28	27
ENSG00000174156.15	0	0	1	0	1	2
ENSG00000174165.8	10	12	9	11	6	7
ENSG00000174173.7	1237	1473	1316	952	969	1332
ENSG00000174175.17	0	0	0	0	1	0
ENSG00000174177.13	335	468	385	258	271	270
ENSG00000174197.19	4135	5062	4570	4713	3973	5368
ENSG00000174206.13	227	343	281	289	203	324
ENSG00000174225.15	0	1	0	0	0	0
ENSG00000174226.9	0	1	0	0	0	2
ENSG00000174227.16	748	1036	941	977	828	1178
ENSG00000174231.18	3110	3430	3497	3186	2662	3434
ENSG00000174233.12	844	1293	1123	1218	939	1256
ENSG00000174236.4	3	3	0	0	2	1
ENSG00000174238.16	1393	1616	1620	1283	1170	1635
ENSG00000174243.11	6491	7678	7464	6116	5285	6888
ENSG00000174255.8	0	0	0	0	0	0
ENSG00000174276.7	46	55	57	46	42	35
ENSG00000174279.5	0	0	0	1	0	2
ENSG00000174282.12	737	1147	931	922	665	1002
ENSG00000174292.13	240	310	256	220	170	234
ENSG00000174306.22	902	1186	1002	1096	893	1064
ENSG00000174307.7	125	136	158	100	98	102
ENSG00000174326.15	0	0	3	0	0	3
ENSG00000174327.7	62	62	93	70	36	64
ENSG00000174332.6	0	0	0	0	0	0
ENSG00000174339.3	0	0	0	0	0	0
ENSG00000174343.6	0	0	0	0	0	0
ENSG00000174348.14	2	0	0	0	0	0
ENSG00000174358.16	0	0	1	0	4	0
ENSG00000174371.17	998	1153	1043	1003	903	1095
ENSG00000174373.17	332	288	310	428	322	463
ENSG00000174405.15	269	326	302	303	285	350
ENSG00000174417.3	0	0	0	0	0	0
ENSG00000174428.19	2	5	3	3	6	8
ENSG00000174429.4	0	0	0	0	0	0
ENSG00000174437.18	5065	5892	5656	3752	3746	4866
ENSG00000174442.12	689	983	883	892	881	1096
ENSG00000174444.15	7555	9126	9172	6538	5519	6215
ENSG00000174446.13	657	739	689	391	363	390
ENSG00000174448.9	0	0	1	0	0	0
ENSG00000174450.13	1	0	1	1	1	0
ENSG00000174453.10	0	0	0	0	0	0
ENSG00000174456.16	1	4	2	0	1	0
ENSG00000174460.4	6	5	3	2	3	2
ENSG00000174469.23	0	0	0	0	0	0
ENSG00000174473.16	1	3	4	2	4	1
ENSG00000174482.11	0	0	0	0	0	0
ENSG00000174483.20	6	7	6	2	6	4
ENSG00000174485.16	645	741	694	720	634	856
ENSG00000174498.14	35	60	54	55	38	73
ENSG00000174500.13	0	0	0	0	0	0
ENSG00000174501.15	411	422	467	639	492	654
ENSG00000174502.19	0	0	0	0	0	0
ENSG00000174514.13	0	2	0	0	2	0
ENSG00000174516.15	52	55	55	70	54	78
ENSG00000174521.8	0	0	2	0	1	0
ENSG00000174527.11	1	0	0	0	1	0
ENSG00000174529.7	61	67	47	66	45	90
ENSG00000174547.13	847	816	924	411	458	487
ENSG00000174562.14	0	0	0	0	0	0
ENSG00000174564.13	31	28	35	64	21	43
ENSG00000174567.8	6	19	13	5	2	0
ENSG00000174574.16	202	302	257	260	200	290
ENSG00000174576.10	0	0	0	0	0	1
ENSG00000174579.5	106	119	157	91	104	109
ENSG00000174586.11	10	6	13	16	11	15
ENSG00000174599.5	0	0	1	0	0	0
ENSG00000174600.14	0	0	0	0	0	0
ENSG00000174606.14	220	264	262	345	256	314
ENSG00000174607.11	0	0	0	0	0	0
ENSG00000174611.12	0	0	0	0	0	0
ENSG00000174628.17	68	80	56	56	58	78
ENSG00000174640.15	0	4	1	2	0	1
ENSG00000174652.20	256	301	292	346	260	358
ENSG00000174667.4	0	0	0	0	0	0
ENSG00000174669.12	36	60	68	52	30	46
ENSG00000174672.16	58	81	69	60	42	63
ENSG00000174684.7	248	248	297	182	168	218
ENSG00000174695.10	400	351	407	350	349	452
ENSG00000174697.5	0	0	0	0	0	0
ENSG00000174705.13	318	359	367	296	224	275
ENSG00000174718.12	564	619	506	629	454	658
ENSG00000174720.18	1021	1271	999	1006	992	1215
ENSG00000174721.10	40	35	48	21	18	36
ENSG00000174738.13	785	889	956	769	729	875
ENSG00000174740.8	0	0	0	0	0	0
ENSG00000174744.14	2037	2298	2210	1226	1183	1569
ENSG00000174748.22	1890	1386	1827	1301	1190	1328
ENSG00000174749.6	388	397	412	161	212	228
ENSG00000174775.18	60	77	72	32	33	45
ENSG00000174776.12	1	2	0	0	0	1
ENSG00000174780.17	1679	1844	1723	1345	1288	1863
ENSG00000174788.10	3	3	4	4	4	6
ENSG00000174791.11	31	42	26	30	27	25
ENSG00000174792.11	1	2	0	3	3	0
ENSG00000174796.12	200	195	221	205	183	252
ENSG00000174799.11	565	664	605	812	625	789
ENSG00000174804.4	115	132	121	99	99	108
ENSG00000174807.4	0	0	1	1	0	0
ENSG00000174808.12	33	38	37	55	41	42
ENSG00000174827.14	73	96	87	138	110	134
ENSG00000174837.15	0	3	2	0	1	2
ENSG00000174839.13	88	150	127	136	97	126
ENSG00000174840.9	580	548	544	370	390	501
ENSG00000174842.17	91	90	86	121	139	149
ENSG00000174844.15	2	0	4	5	0	9
ENSG00000174851.16	344	453	380	235	189	233
ENSG00000174871.11	1	9	5	5	3	7
ENSG00000174876.17	0	0	0	0	0	0
ENSG00000174885.13	1	7	2	4	6	3
ENSG00000174886.14	149	127	133	50	56	82
ENSG00000174891.14	1281	1489	1283	1113	984	1304
ENSG00000174898.16	0	1	1	1	0	0
ENSG00000174903.16	781	990	982	453	448	581
ENSG00000174914.3	0	0	0	0	0	0
ENSG00000174915.12	9	30	15	17	16	16
ENSG00000174917.9	81	117	119	55	35	61
ENSG00000174928.16	114	125	131	126	96	134
ENSG00000174937.5	0	0	0	0	0	0
ENSG00000174938.15	284	410	387	241	195	315
ENSG00000174939.11	163	231	213	166	130	202
ENSG00000174943.11	205	266	233	347	247	347
ENSG00000174944.9	0	0	0	0	0	0
ENSG00000174945.14	309	588	542	541	323	526
ENSG00000174946.7	0	0	0	0	0	0
ENSG00000174948.6	0	0	0	0	0	0
ENSG00000174950.11	2	0	3	4	2	3
ENSG00000174951.12	96	152	136	105	76	145
ENSG00000174953.14	2462	2767	2324	2248	2077	2919
ENSG00000174957.1	0	0	0	0	0	0
ENSG00000174963.18	0	2	0	1	0	0
ENSG00000174970.5	0	0	0	0	0	0
ENSG00000174982.4	0	0	0	0	0	0
ENSG00000174989.13	1165	1399	1322	1177	931	1175
ENSG00000174990.8	0	0	0	0	0	2
ENSG00000174992.8	7	9	5	8	7	9
ENSG00000174996.12	1156	1476	1496	1143	891	1304
ENSG00000175003.15	1	2	0	4	1	0
ENSG00000175018.13	0	0	0	0	0	0
ENSG00000175029.17	434	564	542	387	316	425
ENSG00000175040.6	0	0	0	0	0	0
ENSG00000175048.17	20	35	46	28	24	25
ENSG00000175054.16	2075	2285	2155	2712	2215	3005
ENSG00000175063.17	149	140	203	128	123	124
ENSG00000175065.12	0	0	0	0	0	0
ENSG00000175066.16	499	514	544	671	577	729
ENSG00000175073.8	1025	1074	1053	913	802	1049
ENSG00000175077.6	0	0	0	0	0	0
ENSG00000175084.13	4	1	2	0	1	1
ENSG00000175087.10	101	113	110	107	113	136
ENSG00000175093.5	3	6	5	9	5	8
ENSG00000175097.9	0	0	0	1	0	0
ENSG00000175104.15	87	72	77	90	71	97
ENSG00000175105.8	616	685	663	548	485	596
ENSG00000175106.17	20	22	19	30	14	18
ENSG00000175110.14	651	717	785	616	610	695
ENSG00000175115.13	1958	2639	2500	2099	1636	2243
ENSG00000175121.12	0	0	0	0	0	0
ENSG00000175130.7	998	903	973	513	517	619
ENSG00000175137.11	326	399	358	344	257	327
ENSG00000175143.5	0	0	0	0	0	0
ENSG00000175155.11	10	10	9	9	7	4
ENSG00000175161.14	0	0	0	0	0	0
ENSG00000175164.16	0	0	0	0	0	2
ENSG00000175166.17	8233	9326	8765	5784	5698	7656
ENSG00000175175.6	498	491	501	446	377	524
ENSG00000175182.15	21	38	26	31	23	40
ENSG00000175183.10	62	50	65	34	38	43
ENSG00000175189.4	1	0	1	0	5	1
ENSG00000175193.14	520	619	605	367	344	511
ENSG00000175197.13	84	133	144	118	89	97
ENSG00000175198.17	602	669	706	548	464	527
ENSG00000175202.6	0	0	0	0	0	0
ENSG00000175203.17	2362	2603	2360	1667	1568	2045
ENSG00000175206.11	0	0	0	0	0	0
ENSG00000175213.3	283	292	331	340	267	363
ENSG00000175215.11	462	778	577	489	399	522
ENSG00000175216.15	12588	13837	12619	11168	10163	13740
ENSG00000175220.12	616	752	677	455	423	530
ENSG00000175221.16	204	272	250	183	148	180
ENSG00000175224.17	248	286	312	244	230	251
ENSG00000175229.7	0	0	0	0	0	0
ENSG00000175262.15	1	1	2	2	1	2
ENSG00000175264.8	4	1	2	2	2	2
ENSG00000175265.19	7	5	15	44	21	41
ENSG00000175267.15	0	3	2	2	1	6
ENSG00000175274.19	74	110	111	77	72	84
ENSG00000175279.22	0	0	0	0	0	0
ENSG00000175283.8	383	422	384	215	223	262
ENSG00000175287.19	2	1	1	0	1	0
ENSG00000175294.6	0	0	0	0	0	0
ENSG00000175305.18	422	555	518	545	464	604
ENSG00000175309.15	337	454	478	704	374	623
ENSG00000175311.7	0	0	0	0	0	0
ENSG00000175315.3	0	1	1	0	0	0
ENSG00000175318.12	47	54	57	70	40	53
ENSG00000175322.12	89	110	97	186	108	188
ENSG00000175324.10	496	490	494	344	341	434
ENSG00000175325.2	0	0	0	0	0	0
ENSG00000175329.13	1	0	0	0	0	1
ENSG00000175334.8	752	684	710	278	390	394
ENSG00000175336.10	0	0	0	0	0	0
ENSG00000175344.19	1	0	0	0	0	0
ENSG00000175348.11	38	35	51	33	47	51
ENSG00000175352.12	0	0	0	0	0	0
ENSG00000175354.20	642	775	715	681	549	785
ENSG00000175356.14	98	108	68	55	62	77
ENSG00000175376.9	845	964	897	582	603	716
ENSG00000175387.16	1354	1458	1383	986	930	1258
ENSG00000175390.15	56	83	63	45	45	63
ENSG00000175395.16	43	62	57	54	38	57
ENSG00000175398.3	0	0	0	0	0	0
ENSG00000175414.7	0	2	0	0	0	1
ENSG00000175416.16	3278	3750	3648	1915	1884	2413
ENSG00000175426.11	0	0	0	0	0	0
ENSG00000175445.17	0	0	0	0	0	0
ENSG00000175449.14	2	2	2	1	1	2
ENSG00000175455.16	861	988	878	1415	1197	1588
ENSG00000175463.12	0	0	0	0	0	0
ENSG00000175467.15	4955	5422	5414	4089	3708	4938
ENSG00000175470.20	669	775	772	714	552	705
ENSG00000175471.20	35	66	53	60	57	62
ENSG00000175482.9	79	64	81	31	40	53
ENSG00000175485.3	0	0	0	0	0	0
ENSG00000175489.10	0	0	0	0	0	0
ENSG00000175497.17	0	0	0	0	0	0
ENSG00000175505.11	9	9	13	8	12	12
ENSG00000175513.10	2	0	0	0	0	0
ENSG00000175514.2	0	0	0	0	0	0
ENSG00000175518.8	0	0	0	0	0	0
ENSG00000175520.9	0	0	0	0	0	0
ENSG00000175535.6	0	0	0	0	0	0
ENSG00000175536.7	25	48	40	39	26	30
ENSG00000175538.11	0	0	0	0	0	0
ENSG00000175544.14	0	0	1	0	3	1
ENSG00000175548.9	3	4	8	8	1	8
ENSG00000175550.8	1719	1700	1700	889	931	1122
ENSG00000175556.17	29	21	43	48	46	33
ENSG00000175564.13	1	1	0	2	4	1
ENSG00000175567.11	49	73	47	54	42	69
ENSG00000175573.7	212	147	189	120	132	143
ENSG00000175575.13	640	642	610	538	458	655
ENSG00000175581.14	429	514	488	317	343	405
ENSG00000175582.20	1377	1505	1489	837	961	1059
ENSG00000175591.12	233	355	300	291	240	316
ENSG00000175592.9	8	30	14	9	7	14
ENSG00000175595.16	844	1005	981	827	771	1038
ENSG00000175600.16	0	3	3	3	4	0
ENSG00000175602.4	712	828	708	463	425	601
ENSG00000175606.11	349	474	403	312	316	418
ENSG00000175619.3	0	0	0	0	0	0
ENSG00000175634.15	1073	1249	1180	1097	779	1149
ENSG00000175643.10	283	231	286	176	198	203
ENSG00000175646.4	0	0	0	0	0	0
ENSG00000175662.18	693	792	760	810	596	864
ENSG00000175664.10	0	0	0	0	0	0
ENSG00000175691.9	149	239	186	198	143	201
ENSG00000175697.11	9	15	9	5	5	14
ENSG00000175699.15	0	0	0	0	0	0
ENSG00000175701.11	227	249	247	113	175	165
ENSG00000175707.10	35	56	45	40	33	53
ENSG00000175711.9	44	39	35	57	53	49
ENSG00000175718.10	0	0	0	0	0	0
ENSG00000175727.14	662	1010	897	1007	626	886
ENSG00000175745.15	0	2	2	4	1	0
ENSG00000175756.14	1130	1441	1388	785	732	945
ENSG00000175764.17	13	23	23	17	17	32
ENSG00000175766.13	1	0	0	0	0	0
ENSG00000175768.13	2155	2453	2197	746	766	971
ENSG00000175782.11	253	343	301	229	233	307
ENSG00000175785.13	0	0	1	3	2	1
ENSG00000175787.17	89	101	96	100	80	129
ENSG00000175792.12	4089	4715	4379	2693	2915	3324
ENSG00000175793.12	811	717	755	499	535	666
ENSG00000175806.15	127	109	113	74	75	105
ENSG00000175809.6	0	0	0	0	0	0
ENSG00000175820.4	3	11	7	8	3	7
ENSG00000175826.12	473	517	481	344	303	357
ENSG00000175832.13	16	13	8	13	3	12
ENSG00000175854.15	315	363	348	225	219	350
ENSG00000175857.9	0	0	0	0	0	0
ENSG00000175866.16	427	482	479	391	301	370
ENSG00000175868.14	0	0	0	1	0	0
ENSG00000175874.10	0	0	0	0	0	0
ENSG00000175877.4	2	3	1	3	4	0
ENSG00000175879.9	2	3	2	1	0	3
ENSG00000175893.12	158	189	119	121	134	158
ENSG00000175894.18	0	0	0	3	3	0
ENSG00000175895.5	343	399	429	378	315	454
ENSG00000175899.15	17	14	23	8	8	17
ENSG00000175906.5	17	10	10	4	5	10
ENSG00000175920.18	173	188	200	132	105	140
ENSG00000175928.6	7	12	20	6	7	16
ENSG00000175931.13	1620	2029	1817	1926	1590	2081
ENSG00000175938.7	40	30	26	23	15	15
ENSG00000175946.9	0	0	0	0	0	0
ENSG00000175970.11	422	412	386	379	366	455
ENSG00000175984.15	132	174	158	212	187	230
ENSG00000175985.10	85	73	80	67	58	82
ENSG00000176009.4	1	0	1	1	1	3
ENSG00000176014.13	1247	1393	1436	988	938	1174
ENSG00000176018.13	222	246	274	271	254	405
ENSG00000176020.9	8	13	8	14	13	17
ENSG00000176022.7	35	53	42	21	10	19
ENSG00000176024.18	0	0	0	0	0	0
ENSG00000176029.14	0	0	0	0	0	0
ENSG00000176040.14	0	0	0	0	0	0
ENSG00000176046.9	6	8	5	13	3	6
ENSG00000176049.16	38	33	23	29	20	34
ENSG00000176055.10	103	124	124	63	84	81
ENSG00000176058.13	632	1026	898	685	537	706
ENSG00000176076.7	0	0	0	0	0	0
ENSG00000176083.18	0	0	0	0	0	0
ENSG00000176087.16	176	212	247	161	125	174
ENSG00000176092.17	22	26	13	30	14	25
ENSG00000176095.12	144	156	138	133	96	159
ENSG00000176101.12	858	889	899	476	488	614
ENSG00000176102.13	887	831	851	944	881	1049
ENSG00000176105.14	1552	1614	1489	1168	1079	1425
ENSG00000176108.9	139	150	138	138	118	145
ENSG00000176125.7	32	54	69	52	35	49
ENSG00000176136.6	0	0	0	0	1	1
ENSG00000176142.13	153	210	217	190	139	223
ENSG00000176148.16	318	402	360	493	367	498
ENSG00000176153.13	24	34	16	14	16	10
ENSG00000176155.21	434	619	626	932	687	893
ENSG00000176160.11	0	0	0	0	0	0
ENSG00000176165.12	0	0	0	0	0	0
ENSG00000176170.14	330	397	386	308	250	317
ENSG00000176171.12	239	206	254	167	171	210
ENSG00000176177.10	0	0	0	0	0	0
ENSG00000176182.6	39	80	65	59	31	52
ENSG00000176194.18	0	0	0	0	0	0
ENSG00000176198.4	0	0	0	0	0	0
ENSG00000176200.1	0	0	0	0	0	0
ENSG00000176204.14	0	0	0	0	0	0
ENSG00000176208.9	707	888	812	1144	951	1216
ENSG00000176209.12	66	62	58	54	39	79
ENSG00000176219.3	0	0	0	0	0	0
ENSG00000176222.9	0	0	0	1	0	2
ENSG00000176225.15	132	168	139	174	149	242
ENSG00000176230.7	0	0	0	0	0	0
ENSG00000176231.2	0	0	0	0	0	0
ENSG00000176239.7	0	0	0	0	0	0
ENSG00000176244.7	226	194	220	82	113	110
ENSG00000176246.1	0	0	0	0	0	0
ENSG00000176248.9	947	1237	1225	1270	976	1268
ENSG00000176253.4	0	0	0	0	0	0
ENSG00000176256.11	0	0	0	0	0	0
ENSG00000176261.16	828	777	698	840	845	1173
ENSG00000176269.4	0	0	0	0	0	0
ENSG00000176273.15	12	12	12	3	6	13
ENSG00000176281.5	0	0	0	0	0	0
ENSG00000176290.8	0	0	0	0	0	0
ENSG00000176293.20	0	1	0	0	0	0
ENSG00000176294.6	0	0	0	0	0	0
ENSG00000176299.5	0	0	0	0	0	0
ENSG00000176302.13	0	0	0	0	1	0
ENSG00000176340.4	397	433	524	215	248	285
ENSG00000176358.16	0	0	0	0	0	0
ENSG00000176371.14	98	111	108	114	77	100
ENSG00000176381.6	0	0	2	0	0	0
ENSG00000176383.9	7	16	19	8	6	19
ENSG00000176386.9	0	0	0	0	0	0
ENSG00000176387.7	13	29	30	31	19	18
ENSG00000176390.12	181	156	182	126	110	168
ENSG00000176393.11	1146	1386	1374	1099	1048	1453
ENSG00000176396.11	114	119	127	76	95	82
ENSG00000176399.4	48	56	52	50	31	50
ENSG00000176401.6	11	9	11	14	9	2
ENSG00000176402.6	12	16	10	8	9	16
ENSG00000176406.25	302	309	305	441	285	356
ENSG00000176407.18	831	1134	1018	773	647	953
ENSG00000176410.8	31	35	40	26	9	22
ENSG00000176422.14	286	245	312	197	190	246
ENSG00000176428.6	38	58	62	25	26	51
ENSG00000176435.7	4	14	9	7	5	10
ENSG00000176438.13	93	123	104	142	117	150
ENSG00000176444.19	358	330	357	788	624	620
ENSG00000176454.15	264	366	321	334	253	345
ENSG00000176463.14	75	106	87	74	49	79
ENSG00000176472.11	0	0	0	0	0	2
ENSG00000176473.14	324	380	331	248	206	309
ENSG00000176476.9	230	242	277	172	137	187
ENSG00000176485.13	176	206	228	117	110	152
ENSG00000176490.5	29	47	45	33	20	33
ENSG00000176495.3	0	0	0	0	0	0
ENSG00000176510.5	0	0	1	0	0	0
ENSG00000176531.11	345	359	415	484	340	461
ENSG00000176532.4	14	29	31	14	15	10
ENSG00000176533.13	0	1	1	0	0	1
ENSG00000176540.3	0	0	0	0	0	0
ENSG00000176542.10	1051	1397	1188	1038	777	1009
ENSG00000176547.11	0	0	0	0	0	0
ENSG00000176555.1	0	0	0	0	0	0
ENSG00000176563.10	0	0	0	0	0	2
ENSG00000176566.5	0	0	0	0	0	0
ENSG00000176567.1	0	0	0	0	0	0
ENSG00000176571.13	0	0	0	0	0	0
ENSG00000176595.4	0	0	0	0	0	0
ENSG00000176597.12	0	3	3	4	2	6
ENSG00000176601.14	0	0	0	0	0	0
ENSG00000176619.13	4923	5715	5261	4262	3749	4991
ENSG00000176623.12	1039	1131	1167	911	927	1245
ENSG00000176624.12	156	231	185	175	99	219
ENSG00000176635.18	0	1	0	0	0	0
ENSG00000176641.11	12	19	12	14	10	4
ENSG00000176658.17	1168	1408	1416	1089	1059	1368
ENSG00000176678.6	0	0	0	0	0	0
ENSG00000176679.9	0	0	0	0	0	0
ENSG00000176681.15	0	0	0	0	0	0
ENSG00000176692.8	4	0	2	2	1	0
ENSG00000176695.8	0	0	0	0	0	0
ENSG00000176697.20	0	0	0	1	0	0
ENSG00000176714.10	72	60	60	72	47	76
ENSG00000176715.17	426	537	520	497	349	512
ENSG00000176720.6	14	16	4	13	6	11
ENSG00000176723.10	1	7	1	2	4	2
ENSG00000176731.12	38	52	47	18	23	59
ENSG00000176732.7	3	0	5	7	1	9
ENSG00000176742.3	0	0	0	0	0	0
ENSG00000176746.6	1	2	0	0	1	0
ENSG00000176749.9	6	18	10	15	6	14
ENSG00000176769.9	0	0	0	0	0	0
ENSG00000176771.18	21	35	24	20	22	24
ENSG00000176774.6	0	0	0	0	0	1
ENSG00000176782.3	0	0	0	0	0	0
ENSG00000176783.15	2433	2754	2619	2146	1926	2435
ENSG00000176787.2	0	0	0	0	0	0
ENSG00000176788.9	11479	12672	11695	7394	6434	8657
ENSG00000176797.4	0	0	0	0	0	0
ENSG00000176798.3	0	0	0	0	0	0
ENSG00000176809.11	44	46	48	61	50	50
ENSG00000176834.14	511	569	529	696	435	730
ENSG00000176842.16	241	340	281	257	180	222
ENSG00000176845.13	58	73	77	54	58	69
ENSG00000176853.16	1949	2462	2134	2022	1873	2410
ENSG00000176871.9	265	418	391	256	167	235
ENSG00000176884.16	0	0	0	0	1	1
ENSG00000176887.7	0	1	1	1	0	0
ENSG00000176890.16	3204	3123	3166	3669	3258	4368
ENSG00000176893.6	0	0	0	0	0	0
ENSG00000176894.10	224	262	216	196	205	239
ENSG00000176895.9	0	0	0	0	0	0
ENSG00000176896.9	63	44	46	50	27	68
ENSG00000176900.2	0	0	0	0	0	0
ENSG00000176903.5	1994	2244	2209	1224	1360	1733
ENSG00000176907.5	0	0	0	4	0	0
ENSG00000176909.12	14	24	16	34	27	61
ENSG00000176915.15	1347	1961	1773	2019	1529	2060
ENSG00000176919.13	0	0	0	1	1	0
ENSG00000176920.13	0	0	0	0	0	0
ENSG00000176922.5	0	0	0	0	0	0
ENSG00000176925.8	0	0	0	0	0	0
ENSG00000176927.16	3	8	7	9	8	8
ENSG00000176928.7	4	4	0	5	2	4
ENSG00000176945.18	0	1	0	0	0	0
ENSG00000176946.13	368	555	517	380	287	454
ENSG00000176953.13	679	844	802	991	663	921
ENSG00000176956.13	0	0	0	0	0	0
ENSG00000176971.4	0	0	0	1	0	0
ENSG00000176973.8	51	86	80	66	36	59
ENSG00000176974.21	1373	1537	1493	1143	1053	1240
ENSG00000176978.14	193	321	293	287	232	278
ENSG00000176979.14	0	0	0	0	0	0
ENSG00000176986.16	2151	2470	2333	2030	1730	2353
ENSG00000176988.9	0	1	0	0	0	2
ENSG00000176994.11	1306	1824	1603	1369	1127	1532
ENSG00000177000.13	188	197	241	257	185	280
ENSG00000177023.2	0	0	0	0	0	0
ENSG00000177025.3	0	0	1	1	0	3
ENSG00000177030.19	222	290	272	349	208	244
ENSG00000177034.17	125	157	148	137	99	145
ENSG00000177042.16	7	10	19	21	10	15
ENSG00000177045.11	33	68	53	43	29	61
ENSG00000177047.7	0	0	0	0	0	0
ENSG00000177051.6	210	257	266	272	215	276
ENSG00000177054.14	113	144	174	128	116	172
ENSG00000177058.12	62	56	67	65	43	85
ENSG00000177076.6	24	20	36	15	17	18
ENSG00000177082.13	459	607	627	556	442	616
ENSG00000177084.19	4869	6296	5971	6498	4957	6738
ENSG00000177096.9	9	7	8	10	3	8
ENSG00000177098.9	0	0	0	0	0	0
ENSG00000177103.15	0	0	1	7	0	1
ENSG00000177105.10	93	70	88	45	34	27
ENSG00000177106.17	1009	1208	1207	1457	962	1368
ENSG00000177108.5	1	0	1	0	0	2
ENSG00000177119.17	834	992	981	867	830	1057
ENSG00000177125.6	205	277	276	213	190	244
ENSG00000177138.17	0	2	0	1	0	0
ENSG00000177143.5	0	0	0	0	0	0
ENSG00000177144.8	0	0	0	0	0	0
ENSG00000177150.13	357	479	427	258	254	347
ENSG00000177151.5	0	0	0	0	0	0
ENSG00000177156.11	1359	1778	1842	951	898	1093
ENSG00000177169.10	528	912	803	750	530	672
ENSG00000177174.1	0	0	0	0	0	0
ENSG00000177181.15	41	42	39	28	19	39
ENSG00000177182.11	0	0	0	0	0	0
ENSG00000177186.3	0	0	0	0	0	0
ENSG00000177189.14	502	471	559	426	461	519
ENSG00000177191.3	1	2	2	3	2	0
ENSG00000177192.14	1563	1884	1779	1876	1450	1777
ENSG00000177200.18	3651	4080	3935	4522	3533	4693
ENSG00000177201.3	0	0	0	0	0	0
ENSG00000177202.3	0	1	0	0	0	0
ENSG00000177212.4	0	0	0	0	0	0
ENSG00000177225.17	67	84	58	128	59	116
ENSG00000177238.14	2	1	0	1	0	0
ENSG00000177239.16	2234	2743	2511	2111	1724	2350
ENSG00000177243.3	0	0	0	0	0	0
ENSG00000177257.3	0	0	0	0	0	0
ENSG00000177272.10	0	0	0	0	0	0
ENSG00000177275.4	0	0	0	0	0	0
ENSG00000177283.8	9	6	4	2	0	2
ENSG00000177291.4	3	3	1	0	1	0
ENSG00000177294.7	0	0	0	0	0	0
ENSG00000177300.7	0	0	0	0	0	0
ENSG00000177301.16	0	0	0	0	0	0
ENSG00000177302.15	483	709	694	688	492	657
ENSG00000177303.10	1511	2179	1998	1634	1283	1766
ENSG00000177311.12	423	501	485	411	318	424
ENSG00000177324.14	0	0	0	0	0	0
ENSG00000177352.10	101	132	130	88	51	99
ENSG00000177354.12	0	0	1	0	1	0
ENSG00000177363.5	0	5	0	0	0	0
ENSG00000177370.5	137	114	123	103	99	139
ENSG00000177374.13	2	7	4	5	1	5
ENSG00000177380.14	1200	1539	1441	1579	1093	1427
ENSG00000177383.5	1687	1599	1629	1196	1243	1505
ENSG00000177398.19	10	13	19	11	23	2
ENSG00000177409.12	0	0	0	0	0	0
ENSG00000177414.14	0	0	0	0	0	0
ENSG00000177425.11	2590	3092	2934	2607	2394	3038
ENSG00000177426.22	85	104	97	82	66	87
ENSG00000177427.13	90	109	113	136	97	127
ENSG00000177432.8	3	5	4	3	4	3
ENSG00000177453.7	2	2	3	1	0	3
ENSG00000177455.15	0	0	0	1	0	0
ENSG00000177459.11	8	3	8	2	2	3
ENSG00000177462.9	0	0	0	0	0	0
ENSG00000177463.16	459	526	562	714	551	756
ENSG00000177464.5	0	0	0	0	0	0
ENSG00000177465.5	127	141	139	83	93	132
ENSG00000177468.7	1	0	0	0	0	0
ENSG00000177469.13	131	133	145	94	88	126
ENSG00000177476.3	0	0	0	0	0	0
ENSG00000177479.20	1539	1784	1517	1869	1400	1795
ENSG00000177483.12	1	0	0	1	0	0
ENSG00000177485.7	287	316	316	243	278	428
ENSG00000177489.1	0	0	0	0	0	0
ENSG00000177494.6	0	0	0	0	0	0
ENSG00000177504.10	0	0	0	0	0	0
ENSG00000177508.12	431	537	504	396	322	517
ENSG00000177511.6	0	0	0	0	0	0
ENSG00000177519.4	41	40	55	12	21	26
ENSG00000177535.10	0	0	0	0	0	0
ENSG00000177542.11	29	54	51	31	31	40
ENSG00000177548.13	607	917	740	810	577	872
ENSG00000177551.5	1	2	0	0	0	0
ENSG00000177556.12	296	299	292	114	173	161
ENSG00000177558.4	0	0	0	1	0	0
ENSG00000177565.19	971	1128	993	910	802	1158
ENSG00000177570.15	23	22	31	13	22	20
ENSG00000177575.13	0	1	0	0	0	0
ENSG00000177576.12	1	1	5	7	1	2
ENSG00000177595.19	42	71	60	91	39	80
ENSG00000177599.13	0	1	0	1	0	0
ENSG00000177600.9	14986	15387	15138	7522	8287	9631
ENSG00000177602.5	531	656	597	401	401	552
ENSG00000177606.8	120	141	159	97	88	156
ENSG00000177613.9	904	1013	974	621	668	887
ENSG00000177614.11	50	58	75	55	37	55
ENSG00000177627.11	0	0	0	0	0	0
ENSG00000177628.16	10	13	11	11	20	7
ENSG00000177646.20	798	916	907	1078	804	1148
ENSG00000177663.15	316	424	363	341	224	320
ENSG00000177666.17	154	211	151	129	90	146
ENSG00000177669.4	0	0	1	0	0	2
ENSG00000177673.4	0	0	0	0	0	0
ENSG00000177674.16	12	15	20	12	7	17
ENSG00000177675.9	279	260	261	403	300	381
ENSG00000177679.16	8	6	5	4	5	1
ENSG00000177683.14	149	133	176	132	145	193
ENSG00000177684.4	0	0	0	0	0	0
ENSG00000177685.17	56	84	71	65	47	57
ENSG00000177688.7	5	5	11	9	4	2
ENSG00000177689.10	0	1	1	0	0	0
ENSG00000177692.12	0	0	0	0	0	0
ENSG00000177693.5	0	0	0	0	0	0
ENSG00000177694.16	13	22	11	16	11	18
ENSG00000177697.19	276	303	310	221	207	272
ENSG00000177700.6	881	1104	1005	339	342	384
ENSG00000177706.9	699	948	809	683	523	556
ENSG00000177707.11	3	0	1	0	1	2
ENSG00000177710.6	0	0	1	1	0	0
ENSG00000177721.5	12	17	15	21	20	28
ENSG00000177728.17	1382	1685	1542	1782	1390	1778
ENSG00000177731.16	6204	7823	7553	5352	4638	6441
ENSG00000177732.9	323	516	498	366	284	449
ENSG00000177733.7	1856	1937	2164	1307	1244	1565
ENSG00000177752.15	0	0	0	0	0	0
ENSG00000177791.12	0	0	0	0	1	1
ENSG00000177807.10	0	0	0	0	0	0
ENSG00000177830.18	656	768	733	496	485	576
ENSG00000177839.7	58	75	48	72	45	58
ENSG00000177842.12	134	130	157	131	105	135
ENSG00000177853.15	436	538	478	512	438	676
ENSG00000177854.8	10	15	21	13	8	16
ENSG00000177868.12	11	23	35	4	10	13
ENSG00000177873.14	217	276	232	242	173	239
ENSG00000177875.5	1	0	0	0	2	1
ENSG00000177879.17	328	372	315	245	241	379
ENSG00000177885.15	965	1369	1232	773	733	1000
ENSG00000177888.8	857	1070	949	953	850	1009
ENSG00000177889.10	188	229	230	150	139	146
ENSG00000177910.9	0	0	0	0	0	0
ENSG00000177917.12	86	80	112	75	96	103
ENSG00000177932.7	44	70	43	55	46	54
ENSG00000177938.5	0	0	0	0	0	0
ENSG00000177943.14	26	68	65	61	43	63
ENSG00000177947.15	0	0	0	0	0	0
ENSG00000177951.18	90	86	114	49	55	57
ENSG00000177954.14	253	239	319	205	155	185
ENSG00000177963.15	1277	1513	1498	1017	864	1120
ENSG00000177971.9	298	402	324	162	211	232
ENSG00000177981.11	255	306	339	211	256	284
ENSG00000177984.7	0	0	0	0	0	0
ENSG00000177989.14	0	0	1	0	0	0
ENSG00000177990.12	0	0	0	0	3	0
ENSG00000177992.10	0	0	0	0	0	0
ENSG00000177994.16	0	0	0	0	0	0
ENSG00000178015.5	1	0	0	0	0	0
ENSG00000178021.11	0	0	1	0	0	0
ENSG00000178026.13	8	10	12	11	10	4
ENSG00000178028.14	277	306	276	351	243	331
ENSG00000178031.18	3	12	7	3	3	0
ENSG00000178033.6	0	0	3	0	0	0
ENSG00000178035.13	13	32	35	32	15	22
ENSG00000178038.17	32	65	43	73	55	82
ENSG00000178053.21	418	443	386	268	283	362
ENSG00000178057.15	163	142	155	94	114	99
ENSG00000178074.6	249	310	318	202	220	316
ENSG00000178075.20	52	66	63	53	54	76
ENSG00000178078.12	691	824	750	607	483	681
ENSG00000178084.2	0	0	0	0	0	0
ENSG00000178093.14	5	5	8	14	1	5
ENSG00000178096.9	43	41	58	40	31	37
ENSG00000178104.21	1098	1152	1188	1076	847	1114
ENSG00000178105.12	1305	1506	1302	1218	1024	1393
ENSG00000178115.12	0	0	0	0	0	0
ENSG00000178125.15	1	0	0	0	0	0
ENSG00000178127.13	1021	1043	969	533	632	769
ENSG00000178149.17	110	155	141	128	129	156
ENSG00000178150.10	50	39	56	55	47	62
ENSG00000178163.8	1	0	1	0	0	0
ENSG00000178171.11	1	2	0	0	0	0
ENSG00000178172.7	0	0	0	0	0	0
ENSG00000178175.12	0	0	0	0	0	0
ENSG00000178177.17	234	249	221	186	199	233
ENSG00000178184.16	9	18	16	18	9	8
ENSG00000178187.8	0	0	5	0	0	0
ENSG00000178188.15	392	531	480	664	447	585
ENSG00000178199.14	0	1	1	1	1	0
ENSG00000178201.5	0	1	2	3	1	1
ENSG00000178202.13	193	257	255	125	153	201
ENSG00000178209.17	7338	10615	9286	9405	6388	8697
ENSG00000178217.15	9	7	19	13	20	11
ENSG00000178222.14	0	0	0	0	0	1
ENSG00000178226.11	5	4	4	1	1	3
ENSG00000178229.8	27	19	23	23	15	22
ENSG00000178233.18	0	1	1	0	0	0
ENSG00000178234.13	187	250	174	208	180	258
ENSG00000178235.8	0	0	0	0	0	0
ENSG00000178252.19	2202	2671	2746	2168	1998	2546
ENSG00000178257.4	0	0	0	0	0	0
ENSG00000178279.4	0	0	0	0	0	0
ENSG00000178287.18	0	0	0	0	0	0
ENSG00000178295.15	1406	1421	1437	2402	2106	2617
ENSG00000178297.15	3	0	2	0	2	0
ENSG00000178301.4	34	43	27	8	14	39
ENSG00000178307.10	153	133	141	73	88	75
ENSG00000178338.11	175	204	208	327	243	275
ENSG00000178342.5	1	0	0	0	1	0
ENSG00000178343.5	0	0	0	0	0	0
ENSG00000178358.5	0	0	0	0	0	0
ENSG00000178363.5	0	0	0	0	0	1
ENSG00000178372.8	17	27	20	11	16	12
ENSG00000178381.12	211	244	253	225	180	231
ENSG00000178385.15	46	56	56	70	37	54
ENSG00000178386.13	7	2	5	3	1	4
ENSG00000178394.5	0	0	0	0	0	0
ENSG00000178395.7	2	2	3	2	5	3
ENSG00000178397.13	69	87	88	76	48	87
ENSG00000178401.16	138	204	188	160	133	167
ENSG00000178403.4	1	0	1	0	0	0
ENSG00000178404.10	4	4	1	3	3	3
ENSG00000178409.14	165	246	237	232	152	218
ENSG00000178425.14	624	591	606	327	465	477
ENSG00000178440.9	0	0	0	0	0	0
ENSG00000178445.10	32	33	39	25	24	27
ENSG00000178449.9	16	17	13	14	6	6
ENSG00000178460.18	4	7	7	5	3	5
ENSG00000178462.12	1	2	0	2	5	5
ENSG00000178467.18	273	389	350	307	280	382
ENSG00000178473.7	0	0	0	0	0	0
ENSG00000178498.16	79	71	89	75	62	72
ENSG00000178502.6	549	610	553	316	371	398
ENSG00000178522.15	0	0	0	0	0	0
ENSG00000178531.6	43	46	44	19	17	35
ENSG00000178537.10	66	76	93	46	54	55
ENSG00000178538.10	4	5	5	7	4	12
ENSG00000178562.18	0	0	0	0	0	0
ENSG00000178567.8	1206	1366	1276	973	936	1264
ENSG00000178568.15	199	246	233	267	208	247
ENSG00000178573.7	2	1	1	3	1	0
ENSG00000178585.15	324	401	364	145	147	170
ENSG00000178586.6	0	0	0	0	1	0
ENSG00000178591.7	0	0	0	0	0	0
ENSG00000178597.7	0	0	0	0	0	0
ENSG00000178602.8	0	0	0	0	0	0
ENSG00000178605.14	0	0	0	0	0	0
ENSG00000178605.14_PAR_Y	0	0	0	0	0	0
ENSG00000178607.17	433	502	496	539	409	576
ENSG00000178623.13	0	3	0	2	0	0
ENSG00000178645.13	0	0	0	0	0	0
ENSG00000178662.16	10	10	12	16	9	13
ENSG00000178665.16	17	24	25	17	19	27
ENSG00000178685.14	26	48	25	41	28	53
ENSG00000178690.4	0	0	0	0	0	0
ENSG00000178691.11	645	756	617	780	693	830
ENSG00000178694.10	125	162	156	134	150	184
ENSG00000178695.6	7	4	10	3	6	13
ENSG00000178700.9	25	32	30	17	8	17
ENSG00000178718.7	119	205	169	73	77	103
ENSG00000178719.17	645	879	828	595	581	763
ENSG00000178726.7	25	44	47	22	28	31
ENSG00000178732.6	0	0	0	0	1	0
ENSG00000178741.12	1428	1502	1394	656	921	1041
ENSG00000178750.3	1	1	1	0	1	0
ENSG00000178752.16	5	5	2	1	2	12
ENSG00000178761.15	30	42	47	53	54	46
ENSG00000178764.8	898	1110	972	799	715	787
ENSG00000178772.7	0	0	0	0	0	0
ENSG00000178773.15	42	43	57	81	54	71
ENSG00000178776.5	0	0	0	0	0	0
ENSG00000178789.9	0	0	0	0	0	0
ENSG00000178795.10	0	0	0	0	0	0
ENSG00000178796.13	0	0	0	0	0	0
ENSG00000178802.18	257	327	327	242	231	260
ENSG00000178804.8	0	0	0	0	0	0
ENSG00000178809.12	1	0	0	0	0	0
ENSG00000178814.17	39	54	67	62	41	66
ENSG00000178821.13	6	2	9	6	0	3
ENSG00000178826.11	2	1	0	0	1	0
ENSG00000178828.7	0	0	0	0	0	0
ENSG00000178852.16	141	149	142	283	177	253
ENSG00000178860.9	0	0	0	0	0	0
ENSG00000178878.13	11	15	14	5	8	13
ENSG00000178882.15	0	0	0	0	0	1
ENSG00000178896.9	24	26	27	15	20	21
ENSG00000178904.19	115	152	180	228	123	208
ENSG00000178913.9	2537	3009	2674	2062	1851	2454
ENSG00000178917.17	50	42	44	43	36	54
ENSG00000178919.9	0	0	0	0	0	0
ENSG00000178921.14	1688	1768	1796	1583	1378	1694
ENSG00000178922.18	13	5	12	19	9	4
ENSG00000178927.19	685	767	818	675	628	749
ENSG00000178928.9	0	0	0	0	0	0
ENSG00000178934.5	0	0	0	0	0	0
ENSG00000178935.5	232	170	195	231	204	262
ENSG00000178947.9	0	0	0	0	0	0
ENSG00000178950.18	1983	2447	2435	1958	1620	1992
ENSG00000178951.9	490	707	725	503	404	515
ENSG00000178952.11	5613	5919	5921	3811	3603	4770
ENSG00000178965.14	0	0	0	0	1	0
ENSG00000178966.17	265	292	287	291	284	412
ENSG00000178971.17	200	353	285	328	239	380
ENSG00000178974.11	514	595	583	529	427	548
ENSG00000178980.16	88	145	129	112	108	136
ENSG00000178982.10	1251	1365	1489	719	824	823
ENSG00000178988.11	1754	1730	1782	1014	1089	1131
ENSG00000178996.14	327	413	429	287	226	352
ENSG00000178997.12	12	22	13	8	6	7
ENSG00000178999.13	2790	3045	3075	2372	2087	2668
ENSG00000179002.6	0	0	0	0	0	0
ENSG00000179008.9	0	0	0	0	0	0
ENSG00000179010.16	6061	6236	6118	3091	3139	3825
ENSG00000179021.10	161	158	166	91	115	118
ENSG00000179023.9	0	4	2	1	1	0
ENSG00000179029.15	15	32	32	36	26	39
ENSG00000179041.4	1420	1586	1436	1010	890	1291
ENSG00000179044.16	0	4	1	1	1	1
ENSG00000179046.9	0	0	0	0	0	0
ENSG00000179051.14	1105	1312	1300	959	854	1151
ENSG00000179055.8	0	0	0	0	0	0
ENSG00000179057.14	0	0	0	1	1	0
ENSG00000179058.8	0	0	2	2	0	1
ENSG00000179059.10	0	0	0	0	0	0
ENSG00000179071.5	8	16	15	21	22	15
ENSG00000179083.7	9	12	15	7	6	7
ENSG00000179085.8	59	85	110	37	30	68
ENSG00000179088.16	0	0	0	0	0	0
ENSG00000179091.5	1926	2320	2281	1397	1432	1707
ENSG00000179094.16	143	259	219	175	156	264
ENSG00000179097.7	0	0	0	0	0	0
ENSG00000179104.9	100	169	157	122	92	151
ENSG00000179111.9	4	6	1	0	0	2
ENSG00000179115.11	1965	2291	2174	1414	1319	1694
ENSG00000179119.15	2029	2293	2127	1446	1484	1994
ENSG00000179133.15	0	0	0	0	0	0
ENSG00000179134.16	392	611	591	556	395	523
ENSG00000179142.2	0	0	0	0	0	0
ENSG00000179144.5	0	0	0	0	0	0
ENSG00000179148.10	21	25	17	18	10	17
ENSG00000179151.13	1379	1486	1454	1483	1260	1601
ENSG00000179152.20	69	104	93	100	89	130
ENSG00000179163.12	155	231	207	142	107	116
ENSG00000179165.12	0	0	0	0	0	0
ENSG00000179168.15	2	0	0	0	1	1
ENSG00000179172.10	2	1	3	4	0	1
ENSG00000179178.11	13	18	10	14	13	21
ENSG00000179195.16	1472	1632	1494	1115	972	1241
ENSG00000179213.14	0	0	0	0	0	0
ENSG00000179218.15	21142	22585	20611	13364	14300	19153
ENSG00000179222.18	1287	1409	1324	1042	1068	1370
ENSG00000179240.13	64	69	59	68	59	73
ENSG00000179241.13	13	18	19	12	7	9
ENSG00000179242.16	0	0	0	0	3	0
ENSG00000179256.2	0	0	0	0	0	0
ENSG00000179262.10	2174	2515	2289	1725	1388	1788
ENSG00000179270.7	0	1	0	0	0	0
ENSG00000179271.3	2653	3027	2771	1619	1482	1970
ENSG00000179284.6	0	0	2	1	0	2
ENSG00000179292.5	1	0	0	1	0	1
ENSG00000179295.19	3748	3681	3660	2766	2421	2905
ENSG00000179299.17	25	37	47	52	53	67
ENSG00000179300.4	0	0	0	0	0	0
ENSG00000179304.18	0	0	0	0	0	0
ENSG00000179314.16	18	33	35	16	17	9
ENSG00000179331.3	0	0	1	0	1	0
ENSG00000179335.20	2006	2534	2374	1908	1640	2152
ENSG00000179344.17	44	46	59	39	34	42
ENSG00000179348.13	322	432	351	280	240	366
ENSG00000179361.18	163	152	131	193	146	169
ENSG00000179363.7	6	13	6	6	8	2
ENSG00000179364.15	2010	2901	2718	2441	1800	2368
ENSG00000179387.10	222	226	292	219	221	300
ENSG00000179388.9	40	47	29	27	23	20
ENSG00000179397.18	2	0	5	3	9	15
ENSG00000179399.15	1	0	0	1	0	1
ENSG00000179403.12	44	57	41	43	36	32
ENSG00000179407.4	0	0	0	0	0	0
ENSG00000179409.11	926	1205	1068	717	743	906
ENSG00000179412.11	0	0	0	0	0	0
ENSG00000179431.7	30	42	40	29	16	42
ENSG00000179454.14	293	272	280	265	283	394
ENSG00000179455.10	0	1	0	2	0	1
ENSG00000179456.12	1	3	2	0	0	1
ENSG00000179468.6	0	0	0	0	0	0
ENSG00000179476.8	60	78	67	77	70	66
ENSG00000179477.11	12	11	15	14	7	13
ENSG00000179520.11	0	1	0	0	1	0
ENSG00000179526.17	279	275	280	275	197	309
ENSG00000179528.16	15	22	9	10	13	12
ENSG00000179532.13	169	194	212	256	191	285
ENSG00000179542.16	0	0	0	1	2	2
ENSG00000179546.5	3	3	0	2	0	0
ENSG00000179562.3	746	898	884	728	476	695
ENSG00000179564.4	2	1	0	0	1	0
ENSG00000179580.10	0	5	1	2	1	0
ENSG00000179583.21	1	0	0	0	0	0
ENSG00000179588.9	162	240	228	208	140	155
ENSG00000179593.16	0	2	0	0	0	0
ENSG00000179598.6	21	35	29	24	21	33
ENSG00000179600.4	0	0	0	0	0	0
ENSG00000179603.18	6	8	7	6	9	18
ENSG00000179604.10	113	136	142	90	92	125
ENSG00000179615.3	0	0	0	0	0	0
ENSG00000179626.4	0	0	0	0	0	0
ENSG00000179627.10	251	451	388	322	267	302
ENSG00000179630.11	72	94	89	93	58	78
ENSG00000179632.10	469	511	552	436	328	518
ENSG00000179636.15	0	0	0	0	0	0
ENSG00000179639.11	0	0	0	0	0	0
ENSG00000179673.5	1	0	1	0	0	1
ENSG00000179674.4	0	0	0	0	0	0
ENSG00000179695.3	0	0	0	0	0	0
ENSG00000179698.14	14	22	7	11	12	18
ENSG00000179709.8	0	0	0	0	0	0
ENSG00000179715.13	2	4	1	0	0	2
ENSG00000179750.16	61	89	52	51	44	51
ENSG00000179751.7	0	0	0	0	0	0
ENSG00000179761.12	0	0	0	0	0	0
ENSG00000179772.8	0	0	0	0	0	0
ENSG00000179774.9	0	0	0	0	0	1
ENSG00000179776.19	0	1	3	2	0	2
ENSG00000179796.13	0	0	1	0	0	0
ENSG00000179813.7	0	0	0	0	0	0
ENSG00000179817.5	0	0	0	0	0	0
ENSG00000179820.16	14	27	29	12	5	21
ENSG00000179826.8	0	0	0	0	0	0
ENSG00000179832.18	695	983	970	971	695	885
ENSG00000179833.4	124	151	157	101	95	130
ENSG00000179841.8	63	97	82	73	76	76
ENSG00000179846.11	5	4	7	13	3	6
ENSG00000179855.9	0	0	0	0	4	1
ENSG00000179859.10	3	8	9	4	6	2
ENSG00000179862.7	6	3	5	3	3	2
ENSG00000179869.15	2	3	2	5	2	4
ENSG00000179873.14	4	1	1	0	0	1
ENSG00000179886.6	0	0	0	0	0	0
ENSG00000179889.20	1236	1311	1372	1325	1228	1379
ENSG00000179902.13	0	0	0	0	0	0
ENSG00000179909.16	0	0	0	0	0	0
ENSG00000179912.21	722	874	863	959	629	866
ENSG00000179913.11	23	25	15	7	13	14
ENSG00000179914.5	0	0	0	0	0	0
ENSG00000179915.25	0	0	0	1	0	0
ENSG00000179918.19	1009	1313	1272	890	824	1044
ENSG00000179919.3	0	0	0	0	0	0
ENSG00000179921.15	0	0	0	1	0	0
ENSG00000179922.6	1	8	10	4	7	5
ENSG00000179930.6	1	0	0	0	0	0
ENSG00000179933.6	304	300	309	158	195	279
ENSG00000179934.7	0	0	0	0	0	0
ENSG00000179938.13	0	0	1	0	0	0
ENSG00000179941.9	268	314	279	241	291	375
ENSG00000179943.8	40	63	60	48	42	38
ENSG00000179950.15	702	938	1034	593	447	502
ENSG00000179954.16	2	0	0	1	0	3
ENSG00000179958.10	602	590	554	232	334	323
ENSG00000179965.12	366	482	335	237	255	353
ENSG00000179981.11	166	277	216	205	156	228
ENSG00000179988.15	31	31	29	24	22	27
ENSG00000180008.9	555	604	633	531	573	707
ENSG00000180011.7	225	302	300	175	164	228
ENSG00000180016.2	0	0	0	0	0	0
ENSG00000180035.13	448	586	533	504	432	587
ENSG00000180042.5	0	0	0	0	0	0
ENSG00000180043.11	0	0	0	0	0	0
ENSG00000180044.6	1	2	0	0	0	1
ENSG00000180053.8	0	0	0	0	0	0
ENSG00000180061.10	0	0	0	0	0	0
ENSG00000180071.21	179	220	178	358	250	373
ENSG00000180083.11	0	0	0	0	0	0
ENSG00000180089.6	1	1	7	1	0	0
ENSG00000180090.5	0	0	0	0	0	0
ENSG00000180096.13	50	58	71	23	24	51
ENSG00000180098.9	125	158	134	107	100	129
ENSG00000180104.16	1883	2213	2145	1771	1501	1791
ENSG00000180113.16	0	1	0	0	0	0
ENSG00000180116.15	0	0	0	0	0	0
ENSG00000180138.7	0	1	0	0	1	0
ENSG00000180155.20	0	0	0	0	0	0
ENSG00000180176.15	4	3	12	3	1	5
ENSG00000180182.11	1149	1420	1287	1325	1159	1518
ENSG00000180185.13	558	599	575	277	334	322
ENSG00000180190.13	0	0	0	0	0	0
ENSG00000180198.17	3063	2808	2965	2156	1917	2279
ENSG00000180205.4	0	0	0	0	0	0
ENSG00000180209.12	1	0	0	0	0	0
ENSG00000180210.15	4	0	1	8	1	1
ENSG00000180219.2	0	0	0	0	0	0
ENSG00000180228.14	26	20	28	18	19	42
ENSG00000180233.11	210	222	215	247	204	277
ENSG00000180245.7	0	0	1	1	0	0
ENSG00000180251.5	2	0	0	1	0	0
ENSG00000180257.14	38	56	37	50	41	30
ENSG00000180263.14	226	262	294	291	272	277
ENSG00000180264.12	0	0	0	0	0	0
ENSG00000180269.8	0	0	0	0	0	0
ENSG00000180287.17	0	0	0	0	0	0
ENSG00000180304.14	117	205	200	136	131	164
ENSG00000180305.5	0	0	0	0	0	0
ENSG00000180316.13	0	0	1	0	1	0
ENSG00000180318.4	0	0	0	0	0	0
ENSG00000180329.14	1057	1146	1098	800	728	985
ENSG00000180332.7	0	0	0	0	0	0
ENSG00000180336.18	5	13	5	7	9	6
ENSG00000180340.7	24	25	23	18	13	19
ENSG00000180346.5	117	114	126	74	75	118
ENSG00000180347.15	2	5	1	2	0	1
ENSG00000180353.11	5	3	7	8	12	7
ENSG00000180354.16	59	71	84	60	50	54
ENSG00000180357.10	4028	5022	4670	4151	3009	4055
ENSG00000180370.10	2035	2423	2209	1875	1956	2418
ENSG00000180376.17	335	411	330	388	304	384
ENSG00000180383.4	0	0	0	0	0	0
ENSG00000180386.8	0	0	0	0	0	0
ENSG00000180398.13	278	357	325	224	263	324
ENSG00000180423.4	36	74	64	37	30	39
ENSG00000180424.7	0	0	0	0	0	0
ENSG00000180425.11	16	27	21	9	15	18
ENSG00000180432.6	0	0	0	0	0	0
ENSG00000180433.6	0	0	0	0	0	0
ENSG00000180440.4	0	0	0	0	0	0
ENSG00000180447.7	0	0	0	0	0	0
ENSG00000180448.11	208	334	284	269	211	333
ENSG00000180475.4	0	0	0	0	0	0
ENSG00000180479.14	19	24	38	27	16	31
ENSG00000180481.11	1	2	0	2	1	1
ENSG00000180483.7	0	0	0	0	0	0
ENSG00000180488.16	128	110	126	128	122	155
ENSG00000180509.13	0	0	0	0	0	0
ENSG00000180530.11	2137	2691	2500	1843	1529	2066
ENSG00000180532.12	1	0	0	0	0	0
ENSG00000180535.4	4	2	5	2	0	4
ENSG00000180537.13	0	0	3	0	2	0
ENSG00000180543.5	1326	1274	1212	739	749	949
ENSG00000180549.8	0	0	0	0	1	0
ENSG00000180573.10	1262	1382	1372	339	409	379
ENSG00000180574.4	24	24	23	14	8	9
ENSG00000180592.17	24	30	29	18	31	33
ENSG00000180596.8	1859	2304	2052	1188	1082	1075
ENSG00000180611.7	536	538	573	335	389	450
ENSG00000180613.11	1	0	0	0	0	0
ENSG00000180616.9	0	1	0	0	2	0
ENSG00000180626.10	416	442	438	519	379	502
ENSG00000180628.15	233	214	211	222	153	281
ENSG00000180638.19	0	1	0	0	0	0
ENSG00000180644.8	0	0	0	0	0	0
ENSG00000180658.4	0	0	0	0	0	0
ENSG00000180660.8	0	0	0	0	0	0
ENSG00000180667.11	19	33	23	28	17	14
ENSG00000180694.14	1971	2210	2260	1774	1741	2299
ENSG00000180697.9	0	0	0	0	0	0
ENSG00000180708.6	2	4	3	3	4	3
ENSG00000180720.8	1	0	0	3	2	0
ENSG00000180730.5	0	0	0	0	1	0
ENSG00000180739.15	9	11	9	4	4	5
ENSG00000180745.5	0	0	0	0	0	0
ENSG00000180758.12	46	48	44	46	33	59
ENSG00000180767.11	0	0	0	0	0	0
ENSG00000180772.8	0	0	0	0	0	0
ENSG00000180773.15	60	36	49	62	55	77
ENSG00000180776.17	853	726	809	637	548	738
ENSG00000180777.15	3	1	3	2	3	0
ENSG00000180785.10	0	0	0	0	0	0
ENSG00000180787.6	352	439	487	462	364	486
ENSG00000180801.14	19	30	13	18	12	17
ENSG00000180806.5	3	10	6	3	6	13
ENSG00000180815.15	2	8	8	6	2	2
ENSG00000180817.12	1358	1213	1346	1060	1179	1449
ENSG00000180818.5	133	188	151	103	73	134
ENSG00000180822.12	204	291	266	160	165	207
ENSG00000180828.3	1	4	6	1	0	3
ENSG00000180834.8	1	0	0	1	0	1
ENSG00000180855.16	61	72	79	91	60	91
ENSG00000180871.8	0	0	0	0	0	0
ENSG00000180872.7	0	0	0	0	0	0
ENSG00000180875.5	0	0	0	0	0	0
ENSG00000180878.3	0	0	0	0	0	0
ENSG00000180879.14	945	1004	982	493	564	577
ENSG00000180881.21	21	22	27	22	21	31
ENSG00000180884.10	18	46	41	33	18	27
ENSG00000180891.13	101	164	161	191	103	130
ENSG00000180900.20	853	1096	1046	936	696	901
ENSG00000180901.11	275	346	335	265	234	294
ENSG00000180902.18	214	283	278	318	207	329
ENSG00000180914.11	6	9	16	7	2	1
ENSG00000180917.18	363	433	385	375	417	491
ENSG00000180919.3	0	0	0	0	0	0
ENSG00000180921.7	250	302	326	251	235	265
ENSG00000180929.6	0	0	0	0	0	0
ENSG00000180934.7	0	0	0	0	0	0
ENSG00000180938.6	200	186	164	204	144	203
ENSG00000180957.19	1954	1766	1934	1236	1284	1612
ENSG00000180964.17	1	2	0	0	0	0
ENSG00000180974.5	0	0	0	0	0	0
ENSG00000180979.10	33	35	34	22	31	41
ENSG00000180988.3	0	0	0	0	0	0
ENSG00000180992.7	566	564	598	248	340	405
ENSG00000180998.12	30	28	36	53	53	50
ENSG00000180999.11	0	0	0	0	0	0
ENSG00000181001.3	0	0	0	0	0	0
ENSG00000181004.10	10	12	12	1	9	8
ENSG00000181007.9	0	0	1	0	0	0
ENSG00000181009.5	0	0	0	0	0	0
ENSG00000181016.9	13	21	9	24	18	13
ENSG00000181017.7	0	0	0	0	0	0
ENSG00000181019.13	19315	19661	18283	11552	13509	16542
ENSG00000181023.8	0	0	0	0	0	0
ENSG00000181026.15	608	808	776	534	431	573
ENSG00000181027.11	64	112	79	107	82	116
ENSG00000181029.9	147	162	161	74	57	82
ENSG00000181031.16	42	62	47	67	38	61
ENSG00000181035.14	54	56	60	46	36	55
ENSG00000181036.14	0	0	0	0	0	0
ENSG00000181038.14	11	21	15	18	9	25
ENSG00000181045.15	37	62	51	49	39	48
ENSG00000181061.14	7	3	5	3	6	4
ENSG00000181072.12	0	0	0	0	0	0
ENSG00000181074.5	0	0	0	0	1	0
ENSG00000181085.15	1	0	0	0	0	0
ENSG00000181090.21	2075	2917	2759	2937	2101	2861
ENSG00000181092.10	1	0	0	0	0	1
ENSG00000181104.7	2	3	2	1	1	2
ENSG00000181109.3	0	0	0	0	0	0
ENSG00000181135.16	17	6	17	19	17	11
ENSG00000181143.15	0	1	0	0	0	1
ENSG00000181163.14	9273	5862	7402	6097	7106	7407
ENSG00000181191.12	328	321	320	176	181	239
ENSG00000181192.12	3396	4005	3899	3333	3180	4185
ENSG00000181195.11	0	0	0	0	0	0
ENSG00000181214.8	0	0	0	1	0	0
ENSG00000181215.16	1	0	0	0	1	1
ENSG00000181218.6	219	259	249	75	72	82
ENSG00000181220.18	257	385	351	336	247	340
ENSG00000181222.19	7871	10075	9305	7177	6149	8205
ENSG00000181234.10	0	0	0	0	0	0
ENSG00000181240.14	3	7	1	7	1	4
ENSG00000181264.9	49	68	54	71	43	59
ENSG00000181273.3	0	0	0	0	0	0
ENSG00000181274.7	32	31	46	27	18	38
ENSG00000181282.5	0	0	0	0	0	0
ENSG00000181284.3	82	106	109	97	62	121
ENSG00000181291.8	1	2	1	2	1	1
ENSG00000181315.11	8	5	3	8	5	8
ENSG00000181322.15	0	0	0	0	0	0
ENSG00000181323.8	0	0	3	0	0	0
ENSG00000181333.12	0	0	0	0	0	1
ENSG00000181350.12	8	10	20	18	9	21
ENSG00000181371.5	0	0	0	0	0	0
ENSG00000181374.8	0	0	0	0	0	0
ENSG00000181378.14	1	13	6	5	7	6
ENSG00000181381.15	24	32	28	41	24	48
ENSG00000181392.17	130	141	129	111	86	129
ENSG00000181396.13	193	224	227	164	144	168
ENSG00000181404.18	0	0	2	0	1	0
ENSG00000181408.5	0	0	0	0	0	0
ENSG00000181409.14	12	26	22	26	13	24
ENSG00000181418.8	12	12	6	11	12	18
ENSG00000181433.11	2	0	1	0	1	1
ENSG00000181444.13	524	781	682	675	533	655
ENSG00000181449.4	0	6	1	1	2	1
ENSG00000181450.18	72	74	93	75	62	105
ENSG00000181458.10	0	0	0	0	0	0
ENSG00000181467.5	345	411	378	256	249	319
ENSG00000181472.5	371	538	488	440	312	414
ENSG00000181481.14	132	176	152	180	154	174
ENSG00000181499.3	0	0	0	0	0	0
ENSG00000181513.15	162	193	190	263	210	260
ENSG00000181518.4	0	0	0	0	0	0
ENSG00000181523.13	210	292	267	313	239	309
ENSG00000181541.6	0	0	0	0	0	0
ENSG00000181544.16	322	398	411	408	361	454
ENSG00000181552.4	0	0	0	0	0	0
ENSG00000181555.22	3885	4618	4122	3901	2893	4039
ENSG00000181562.5	0	0	0	0	0	0
ENSG00000181585.7	0	0	0	0	1	4
ENSG00000181588.17	279	485	499	303	248	335
ENSG00000181609.5	0	0	0	0	0	0
ENSG00000181610.13	4194	4215	4078	2689	3041	3630
ENSG00000181616.10	0	0	0	0	0	0
ENSG00000181617.6	0	0	0	0	0	0
ENSG00000181619.12	16	26	20	27	10	18
ENSG00000181625.18	0	0	0	0	0	0
ENSG00000181626.12	2	5	8	7	2	9
ENSG00000181631.7	0	0	0	0	0	0
ENSG00000181634.8	4	4	2	2	11	5
ENSG00000181638.20	0	0	0	0	0	0
ENSG00000181649.8	0	0	0	0	0	0
ENSG00000181652.20	1	0	0	0	0	1
ENSG00000181656.7	0	0	0	0	0	0
ENSG00000181666.19	610	746	661	941	649	983
ENSG00000181690.8	0	0	0	0	0	1
ENSG00000181693.9	0	0	0	0	0	0
ENSG00000181698.5	0	0	0	0	0	0
ENSG00000181704.12	283	427	397	290	299	383
ENSG00000181718.7	0	0	0	0	0	0
ENSG00000181722.18	0	0	0	0	0	0
ENSG00000181733.4	0	0	0	0	0	0
ENSG00000181744.9	365	420	362	298	295	397
ENSG00000181751.10	367	521	444	243	268	351
ENSG00000181752.3	0	0	0	0	0	0
ENSG00000181754.7	41	92	73	58	59	76
ENSG00000181761.5	0	0	0	0	0	0
ENSG00000181767.3	0	0	0	0	0	0
ENSG00000181773.7	0	1	1	1	0	2
ENSG00000181778.5	0	0	0	0	0	0
ENSG00000181781.10	0	0	0	0	0	0
ENSG00000181785.3	0	0	0	0	0	0
ENSG00000181786.5	0	0	0	0	0	0
ENSG00000181788.4	302	370	405	238	198	244
ENSG00000181789.14	8723	10535	9944	6642	6192	8555
ENSG00000181790.12	152	247	228	269	187	253
ENSG00000181803.3	0	0	0	0	0	0
ENSG00000181804.15	0	0	0	0	1	0
ENSG00000181817.6	35	33	25	20	11	17
ENSG00000181826.10	299	341	311	271	283	364
ENSG00000181827.16	895	1202	1287	978	773	1065
ENSG00000181830.9	107	141	132	90	79	94
ENSG00000181847.12	0	0	0	0	0	0
ENSG00000181852.18	118	185	185	143	105	146
ENSG00000181856.15	4	3	3	4	5	4
ENSG00000181867.3	0	0	0	0	0	0
ENSG00000181873.13	31	61	50	28	42	40
ENSG00000181885.18	958	1233	1288	809	754	918
ENSG00000181894.15	18	17	16	17	25	26
ENSG00000181896.12	61	74	97	84	79	80
ENSG00000181903.7	0	0	0	0	0	0
ENSG00000181904.9	72	99	107	77	72	104
ENSG00000181915.5	9	35	22	21	15	14
ENSG00000181924.7	624	743	686	335	341	471
ENSG00000181927.4	0	0	0	0	0	0
ENSG00000181929.13	489	620	636	407	422	570
ENSG00000181938.14	49	55	71	37	35	41
ENSG00000181939.3	0	0	0	0	0	0
ENSG00000181958.5	0	0	0	0	0	0
ENSG00000181961.5	0	0	0	0	0	0
ENSG00000181963.5	0	0	0	0	0	0
ENSG00000181965.6	0	0	0	0	0	0
ENSG00000181982.20	340	422	352	348	203	302
ENSG00000181991.16	568	655	722	342	358	453
ENSG00000182004.13	2466	2371	2455	568	772	723
ENSG00000182010.11	368	369	325	455	407	539
ENSG00000182013.18	0	0	0	2	0	1
ENSG00000182022.18	193	287	231	222	166	224
ENSG00000182035.13	1	0	0	0	0	0
ENSG00000182040.9	4	0	1	2	3	0
ENSG00000182050.14	0	0	0	0	0	0
ENSG00000182053.13	0	0	0	0	0	0
ENSG00000182054.10	5804	6101	5950	3655	3521	4480
ENSG00000182070.7	0	0	0	0	0	0
ENSG00000182077.12	0	0	0	0	0	0
ENSG00000182083.8	0	0	0	0	0	0
ENSG00000182087.14	1424	1511	1496	2547	1759	2311
ENSG00000182093.16	29	50	46	44	31	57
ENSG00000182095.15	7550	11149	9887	9628	6739	9090
ENSG00000182103.5	0	1	1	0	0	0
ENSG00000182107.7	55	80	64	48	38	60
ENSG00000182108.11	1	0	0	3	1	2
ENSG00000182111.9	0	2	0	0	0	0
ENSG00000182117.7	616	767	775	103	178	214
ENSG00000182118.8	3	6	6	2	1	7
ENSG00000182132.14	0	0	0	0	0	0
ENSG00000182134.17	1079	1114	1036	918	825	1059
ENSG00000182141.10	104	96	103	132	99	143
ENSG00000182149.21	1528	1393	1433	1517	1274	1658
ENSG00000182150.19	697	794	788	889	684	929
ENSG00000182154.8	2875	3010	2978	1327	1368	1849
ENSG00000182156.10	0	0	0	0	0	0
ENSG00000182158.16	405	559	490	356	362	388
ENSG00000182162.11	0	0	0	0	0	0
ENSG00000182162.11_PAR_Y	0	0	0	0	0	0
ENSG00000182168.15	1	2	0	0	0	2
ENSG00000182170.3	0	0	0	0	0	0
ENSG00000182173.14	1493	1898	1781	1679	1294	1812
ENSG00000182175.15	4	1	2	4	0	2
ENSG00000182177.15	0	0	0	0	0	0
ENSG00000182179.13	0	1	0	1	3	1
ENSG00000182180.14	141	175	220	114	122	126
ENSG00000182183.15	0	0	0	0	0	0
ENSG00000182185.19	195	228	251	167	184	235
ENSG00000182187.4	0	0	0	0	0	0
ENSG00000182195.9	397	488	500	381	394	469
ENSG00000182196.14	4291	4655	4163	2411	2317	3143
ENSG00000182197.13	95	171	125	135	101	115
ENSG00000182199.11	3619	3846	4000	2344	2633	3059
ENSG00000182208.15	63	77	68	62	37	55
ENSG00000182218.10	0	2	0	1	0	0
ENSG00000182220.15	3338	3186	3234	1460	1706	2189
ENSG00000182223.7	1	0	0	0	0	1
ENSG00000182224.12	168	177	165	130	122	164
ENSG00000182240.16	304	398	399	295	263	404
ENSG00000182247.10	143	145	134	72	88	108
ENSG00000182253.15	788	883	782	787	576	765
ENSG00000182255.7	0	0	0	1	0	0
ENSG00000182256.13	0	0	0	0	0	0
ENSG00000182261.5	0	0	0	0	0	0
ENSG00000182263.14	343	497	468	370	337	403
ENSG00000182264.9	4	30	21	36	24	34
ENSG00000182271.13	0	0	0	0	0	0
ENSG00000182272.12	469	660	652	646	419	575
ENSG00000182287.15	44	30	38	17	20	43
ENSG00000182307.14	226	280	262	182	184	228
ENSG00000182308.7	1	3	6	4	3	4
ENSG00000182310.15	23	35	30	37	23	45
ENSG00000182315.10	0	0	0	0	0	0
ENSG00000182318.6	64	91	104	88	53	98
ENSG00000182324.7	59	86	67	78	61	102
ENSG00000182325.11	131	182	208	183	137	179
ENSG00000182326.17	10	10	11	11	15	4
ENSG00000182327.8	0	0	1	4	1	0
ENSG00000182329.14	0	1	0	0	0	0
ENSG00000182330.11	0	0	0	0	0	0
ENSG00000182333.15	0	0	0	0	0	0
ENSG00000182334.3	0	0	0	0	0	0
ENSG00000182346.22	0	0	0	0	0	0
ENSG00000182348.7	15	28	23	39	18	41
ENSG00000182359.15	2	16	6	7	6	9
ENSG00000182362.14	300	235	260	195	185	253
ENSG00000182372.10	4	2	0	0	0	0
ENSG00000182378.15	0	0	0	0	0	0
ENSG00000182378.15_PAR_Y	0	0	0	0	0	0
ENSG00000182379.10	12	14	25	10	7	16
ENSG00000182389.20	0	8	3	6	4	8
ENSG00000182393.3	0	0	0	0	0	0
ENSG00000182400.15	286	280	323	281	247	371
ENSG00000182405.6	48	45	53	23	32	49
ENSG00000182415.11	0	0	0	0	0	0
ENSG00000182446.15	911	1222	1146	1238	944	1179
ENSG00000182447.4	1	8	2	0	0	0
ENSG00000182450.14	0	0	1	0	0	0
ENSG00000182459.5	13	22	18	15	6	13
ENSG00000182463.16	1	0	0	0	0	0
ENSG00000182472.9	1	4	9	4	6	4
ENSG00000182473.22	1082	1328	1343	1505	1013	1414
ENSG00000182477.5	0	0	0	0	0	0
ENSG00000182481.10	7717	7792	7290	4145	4391	5358
ENSG00000182484.15	0	0	0	0	0	0
ENSG00000182484.15_PAR_Y	0	0	0	0	0	0
ENSG00000182489.9	3	2	3	4	6	1
ENSG00000182492.16	0	0	0	0	0	0
ENSG00000182504.12	554	526	546	635	535	727
ENSG00000182508.14	0	0	0	0	0	0
ENSG00000182511.12	3	5	7	7	3	7
ENSG00000182512.5	1674	1686	1764	759	873	1058
ENSG00000182518.14	135	143	128	76	78	111
ENSG00000182521.6	3	0	0	0	0	0
ENSG00000182533.7	0	0	0	0	0	0
ENSG00000182534.14	1	4	4	6	0	3
ENSG00000182541.18	444	477	541	504	361	557
ENSG00000182544.9	196	365	412	232	200	286
ENSG00000182545.7	0	0	0	0	0	0
ENSG00000182551.14	528	619	674	472	457	524
ENSG00000182552.15	8	8	12	5	2	7
ENSG00000182557.8	0	0	0	0	0	0
ENSG00000182566.15	0	0	0	0	0	0
ENSG00000182568.18	0	0	0	0	0	0
ENSG00000182575.8	1	1	2	2	0	4
ENSG00000182578.14	0	1	0	2	0	0
ENSG00000182580.3	289	401	360	320	254	295
ENSG00000182583.13	0	0	0	1	0	0
ENSG00000182585.10	6	15	17	9	15	29
ENSG00000182591.6	0	0	0	0	0	0
ENSG00000182600.10	0	0	0	2	1	2
ENSG00000182601.7	0	0	0	0	0	0
ENSG00000182606.17	1173	1605	1457	1999	1348	1769
ENSG00000182612.11	0	1	1	1	1	1
ENSG00000182613.3	0	0	0	0	0	0
ENSG00000182621.18	658	805	829	699	559	746
ENSG00000182628.13	376	445	476	196	220	224
ENSG00000182631.7	0	0	0	0	0	0
ENSG00000182634.9	0	0	0	0	0	0
ENSG00000182636.8	0	0	0	0	0	0
ENSG00000182645.6	0	0	0	0	0	0
ENSG00000182652.4	0	0	0	0	0	0
ENSG00000182667.15	0	0	0	0	0	0
ENSG00000182670.14	2938	3624	3204	3997	3012	3799
ENSG00000182674.6	0	0	0	0	0	0
ENSG00000182676.5	0	0	0	0	1	1
ENSG00000182685.8	105	130	144	249	166	220
ENSG00000182687.4	0	0	0	0	1	0
ENSG00000182698.12	0	0	0	0	0	0
ENSG00000182700.5	0	0	1	1	0	0
ENSG00000182704.8	304	364	355	216	213	238
ENSG00000182712.16	126	165	151	147	142	148
ENSG00000182718.18	781	746	718	558	585	642
ENSG00000182732.18	39	32	24	40	31	37
ENSG00000182742.6	2	0	0	0	0	0
ENSG00000182747.5	0	2	2	0	0	0
ENSG00000182749.6	5	6	18	2	7	8
ENSG00000182752.10	0	0	0	0	0	0
ENSG00000182759.4	22	30	32	22	21	30
ENSG00000182768.9	2255	2915	2385	2199	1795	2461
ENSG00000182771.19	6	3	8	7	3	7
ENSG00000182774.13	5	3	8	1	1	4
ENSG00000182782.8	6	4	10	10	9	8
ENSG00000182783.6	0	0	0	0	0	0
ENSG00000182791.5	29	29	35	40	20	23
ENSG00000182793.12	0	0	0	0	0	0
ENSG00000182795.13	0	1	2	6	0	5
ENSG00000182798.10	1	0	0	2	1	0
ENSG00000182809.11	337	408	400	265	248	328
ENSG00000182810.7	415	531	538	358	268	405
ENSG00000182816.9	0	0	0	0	0	0
ENSG00000182827.9	2580	2691	2456	1997	1831	2322
ENSG00000182831.12	381	499	474	354	319	427
ENSG00000182836.10	0	0	0	0	0	0
ENSG00000182853.12	4	11	5	4	4	8
ENSG00000182854.8	0	0	0	0	0	0
ENSG00000182858.14	115	183	176	106	100	141
ENSG00000182866.18	0	0	2	0	0	0
ENSG00000182870.13	0	1	0	0	1	3
ENSG00000182871.16	392	480	460	472	380	504
ENSG00000182872.16	1366	1463	1451	1193	1078	1365
ENSG00000182885.17	0	0	0	0	0	0
ENSG00000182890.5	38	44	63	29	29	36
ENSG00000182896.13	0	0	0	0	0	1
ENSG00000182898.4	1	4	3	5	2	1
ENSG00000182899.17	590	588	614	303	374	431
ENSG00000182901.18	0	0	0	0	1	0
ENSG00000182902.14	2	1	0	1	0	0
ENSG00000182903.16	786	854	845	958	762	949
ENSG00000182916.8	0	0	0	0	1	0
ENSG00000182919.15	84	55	75	29	33	56
ENSG00000182923.20	638	765	696	765	568	805
ENSG00000182931.10	0	0	0	0	0	0
ENSG00000182934.12	1732	2050	1912	1484	1396	1937
ENSG00000182938.7	0	0	0	0	0	0
ENSG00000182944.18	5116	4766	4872	4491	4189	5341
ENSG00000182950.3	0	0	0	0	2	0
ENSG00000182952.5	805	940	770	488	471	618
ENSG00000182957.16	433	569	529	683	425	526
ENSG00000182963.11	4	10	4	6	2	6
ENSG00000182968.5	0	0	1	0	0	0
ENSG00000182973.20	299	343	343	291	266	297
ENSG00000182974.3	0	0	0	0	0	0
ENSG00000182979.18	4111	5538	5126	4944	3476	4588
ENSG00000182983.15	1	0	0	2	0	0
ENSG00000182985.18	247	258	222	157	130	182
ENSG00000182986.15	0	1	1	0	0	0
ENSG00000182993.5	4	6	8	1	2	7
ENSG00000183010.17	877	986	1029	611	584	753
ENSG00000183011.14	420	449	435	213	211	261
ENSG00000183018.9	15	21	16	30	14	29
ENSG00000183019.8	0	0	0	0	0	0
ENSG00000183020.15	91	133	118	89	78	96
ENSG00000183023.19	0	1	0	1	0	0
ENSG00000183024.4	0	0	0	0	0	0
ENSG00000183032.12	11	13	6	6	10	5
ENSG00000183034.13	0	0	0	0	0	0
ENSG00000183035.13	0	0	0	0	0	0
ENSG00000183036.11	39	37	32	21	23	25
ENSG00000183044.12	1577	1924	1951	1378	1280	1591
ENSG00000183048.12	31	58	75	40	32	44
ENSG00000183049.14	59	54	64	28	34	49
ENSG00000183054.13	0	0	0	0	0	0
ENSG00000183060.16	60	70	90	76	60	82
ENSG00000183066.14	4	6	1	1	1	7
ENSG00000183067.6	0	1	0	0	1	0
ENSG00000183072.10	0	0	0	0	0	0
ENSG00000183077.16	257	300	333	186	162	190
ENSG00000183087.15	110	156	187	160	154	124
ENSG00000183090.5	0	1	0	0	1	0
ENSG00000183091.21	571	680	549	701	509	696
ENSG00000183092.18	15	44	28	30	24	23
ENSG00000183098.11	0	1	0	0	0	0
ENSG00000183111.12	9	8	17	15	4	6
ENSG00000183114.8	0	0	0	0	0	0
ENSG00000183117.20	0	1	1	0	0	0
ENSG00000183128.7	1	0	4	3	3	0
ENSG00000183134.5	0	0	0	0	3	0
ENSG00000183137.15	45	58	62	51	49	72
ENSG00000183145.9	23	17	20	25	20	28
ENSG00000183150.8	23	22	18	15	13	20
ENSG00000183153.7	2	0	2	2	0	0
ENSG00000183155.5	169	227	215	81	74	95
ENSG00000183160.9	0	0	0	0	0	0
ENSG00000183161.6	66	95	71	82	49	60
ENSG00000183166.11	0	0	0	0	0	0
ENSG00000183172.9	0	0	3	0	2	4
ENSG00000183185.10	0	0	0	0	0	0
ENSG00000183186.8	11	3	13	9	5	6
ENSG00000183196.10	0	0	0	0	0	0
ENSG00000183206.18	0	0	0	0	0	0
ENSG00000183207.14	2971	3058	3113	1949	2048	2440
ENSG00000183208.13	20	29	23	21	12	34
ENSG00000183214.12	0	0	0	0	0	0
ENSG00000183230.18	2	6	9	8	3	4
ENSG00000183246.8	0	0	0	0	0	0
ENSG00000183248.12	55	108	99	62	25	65
ENSG00000183251.4	0	0	0	0	0	0
ENSG00000183255.12	2940	3232	3035	1769	1715	2361
ENSG00000183258.12	3156	4183	3856	3217	2524	3151
ENSG00000183260.7	0	0	0	0	0	0
ENSG00000183269.6	0	0	0	0	0	0
ENSG00000183273.7	0	0	0	0	0	0
ENSG00000183281.15	0	0	0	0	0	0
ENSG00000183283.16	634	775	834	392	500	539
ENSG00000183287.15	1	0	0	0	1	0
ENSG00000183291.18	867	1007	941	393	512	609
ENSG00000183303.3	0	0	0	0	0	0
ENSG00000183304.10	0	1	0	0	0	0
ENSG00000183305.14	0	0	0	0	0	0
ENSG00000183307.4	0	0	3	0	1	4
ENSG00000183309.12	0	0	0	0	0	0
ENSG00000183310.3	0	0	0	0	0	0
ENSG00000183311.16	0	0	0	0	0	0
ENSG00000183313.4	0	0	0	0	0	0
ENSG00000183317.17	43	59	51	65	41	66
ENSG00000183318.12	0	0	0	0	0	0
ENSG00000183323.13	227	231	191	232	200	272
ENSG00000183324.11	0	0	0	0	0	0
ENSG00000183336.9	0	0	0	0	0	0
ENSG00000183337.18	661	887	849	650	466	694
ENSG00000183340.7	78	97	94	101	108	143
ENSG00000183346.9	0	6	12	6	3	6
ENSG00000183347.15	0	0	0	0	0	0
ENSG00000183354.12	379	464	462	487	343	489
ENSG00000183378.13	1	0	0	0	1	1
ENSG00000183379.9	0	0	0	0	0	0
ENSG00000183386.10	3	11	18	8	1	1
ENSG00000183389.5	0	0	0	0	0	0
ENSG00000183395.5	0	0	0	0	0	0
ENSG00000183396.4	0	0	0	0	0	0
ENSG00000183397.6	0	4	0	0	2	0
ENSG00000183401.12	45	43	42	70	35	71
ENSG00000183421.12	127	212	222	196	133	181
ENSG00000183423.12	4	1	0	1	0	3
ENSG00000183426.17	0	0	0	0	0	0
ENSG00000183431.12	2258	2224	2122	1612	1483	2050
ENSG00000183434.10	0	0	0	0	0	0
ENSG00000183439.9	2	0	0	2	0	1
ENSG00000183454.18	0	0	0	0	0	0
ENSG00000183463.6	0	0	0	0	0	0
ENSG00000183474.16	4	4	5	8	6	3
ENSG00000183475.13	130	181	161	177	150	183
ENSG00000183476.13	0	0	0	0	0	0
ENSG00000183479.13	55	70	53	77	37	75
ENSG00000183484.12	0	0	0	0	0	0
ENSG00000183486.14	3	20	13	2	5	16
ENSG00000183495.15	6209	7718	6755	8010	5847	8032
ENSG00000183496.6	104	120	134	122	91	137
ENSG00000183508.5	85	127	123	81	64	92
ENSG00000183513.9	326	309	392	212	256	281
ENSG00000183520.12	509	535	594	408	407	470
ENSG00000183527.12	1330	1366	1332	719	759	918
ENSG00000183530.14	3635	4826	4102	3961	3054	4347
ENSG00000183542.6	0	0	0	0	0	0
ENSG00000183549.10	0	0	0	0	0	0
ENSG00000183559.12	0	0	0	0	0	0
ENSG00000183560.10	0	0	0	0	0	0
ENSG00000183569.18	8	12	4	9	6	4
ENSG00000183570.17	156	156	169	157	150	184
ENSG00000183571.11	0	0	2	0	0	0
ENSG00000183574.12	0	0	0	0	0	0
ENSG00000183576.13	3126	3331	3143	2685	2431	3139
ENSG00000183578.8	7	3	5	1	3	2
ENSG00000183579.16	183	303	265	204	166	186
ENSG00000183580.10	0	0	0	0	0	1
ENSG00000183597.16	202	227	187	258	196	217
ENSG00000183598.4	93	110	104	37	49	69
ENSG00000183605.17	106	148	130	131	109	137
ENSG00000183607.10	0	0	0	0	0	0
ENSG00000183615.6	10	14	6	5	11	16
ENSG00000183617.5	256	235	241	76	106	97
ENSG00000183621.15	90	140	98	104	87	120
ENSG00000183624.14	1613	1938	1971	1213	1156	1615
ENSG00000183625.16	0	0	0	1	1	0
ENSG00000183628.14	0	0	0	3	0	0
ENSG00000183629.14	0	0	0	0	0	0
ENSG00000183631.5	0	0	0	0	0	0
ENSG00000183632.15	0	0	0	0	0	0
ENSG00000183638.6	2	7	6	1	1	5
ENSG00000183640.6	0	0	0	0	0	0
ENSG00000183644.14	0	0	0	0	0	0
ENSG00000183647.11	57	63	74	73	39	59
ENSG00000183648.11	300	258	337	118	205	200
ENSG00000183654.9	0	0	0	0	0	0
ENSG00000183655.13	150	280	288	224	183	209
ENSG00000183662.12	0	0	0	0	0	0
ENSG00000183665.5	1071	1223	1164	664	598	850
ENSG00000183668.18	5	7	6	3	3	9
ENSG00000183671.13	0	0	0	0	0	0
ENSG00000183682.8	0	2	0	0	1	0
ENSG00000183684.8	2324	2377	2390	1392	1382	1707
ENSG00000183688.4	0	0	0	0	0	2
ENSG00000183690.13	0	0	0	0	0	0
ENSG00000183691.6	0	0	1	0	2	0
ENSG00000183695.3	0	0	0	0	0	0
ENSG00000183696.14	48	69	56	56	47	41
ENSG00000183706.6	0	0	0	0	0	0
ENSG00000183709.8	0	0	0	0	0	0
ENSG00000183715.14	0	0	0	0	0	0
ENSG00000183718.6	401	494	422	607	442	605
ENSG00000183722.9	4	3	5	3	2	1
ENSG00000183723.13	68	124	125	95	82	93
ENSG00000183726.11	284	350	326	183	248	296
ENSG00000183733.6	0	0	0	0	0	0
ENSG00000183734.5	7	15	14	13	14	15
ENSG00000183735.11	3453	3890	3641	3327	2983	4146
ENSG00000183741.12	893	818	781	461	434	483
ENSG00000183742.13	289	302	311	276	261	339
ENSG00000183747.12	0	0	0	0	0	0
ENSG00000183751.16	701	869	888	561	591	710
ENSG00000183753.10	0	0	0	0	0	0
ENSG00000183760.11	8	9	5	15	5	8
ENSG00000183762.13	73	136	124	71	51	64
ENSG00000183763.9	330	294	311	303	236	332
ENSG00000183765.23	594	705	648	710	567	760
ENSG00000183770.7	0	0	1	0	0	0
ENSG00000183773.16	65	79	48	100	67	98
ENSG00000183775.11	0	1	0	0	0	0
ENSG00000183778.19	9	7	10	1	0	3
ENSG00000183779.7	222	407	376	281	184	281
ENSG00000183780.13	0	0	1	0	0	0
ENSG00000183783.7	0	0	0	0	0	0
ENSG00000183785.16	17	14	15	8	4	20
ENSG00000183793.14	0	0	0	0	0	0
ENSG00000183795.8	0	0	0	0	0	0
ENSG00000183798.5	3	0	0	0	2	1
ENSG00000183801.8	0	0	0	0	0	0
ENSG00000183807.8	0	0	0	0	0	0
ENSG00000183808.12	1718	1725	1678	1832	1511	2036
ENSG00000183813.7	0	0	2	1	0	0
ENSG00000183814.16	193	230	208	203	165	210
ENSG00000183826.18	123	146	130	95	99	157
ENSG00000183828.15	585	587	611	388	325	411
ENSG00000183831.7	0	0	0	0	0	0
ENSG00000183833.16	0	0	1	0	0	0
ENSG00000183837.10	0	1	0	0	0	0
ENSG00000183840.7	3	10	16	5	12	5
ENSG00000183844.17	5	11	16	16	15	10
ENSG00000183850.14	1	1	0	0	1	6
ENSG00000183853.18	0	0	0	0	0	0
ENSG00000183856.11	1625	2246	2008	2411	1749	2428
ENSG00000183862.6	0	0	0	0	0	0
ENSG00000183864.5	707	755	751	581	528	728
ENSG00000183873.18	34	29	33	27	38	24
ENSG00000183876.9	0	0	0	0	0	0
ENSG00000183878.16	1	5	0	0	0	3
ENSG00000183888.4	0	0	0	0	0	0
ENSG00000183889.12	0	0	0	0	0	0
ENSG00000183891.6	32	37	31	52	53	58
ENSG00000183908.7	1	0	0	0	0	0
ENSG00000183914.15	3	4	0	1	4	4
ENSG00000183918.18	0	0	0	0	0	0
ENSG00000183921.8	0	0	1	0	0	0
ENSG00000183943.6	86	82	88	99	70	83
ENSG00000183955.14	167	199	152	221	135	157
ENSG00000183960.9	0	0	0	0	0	0
ENSG00000183963.19	1158	1510	1350	1145	945	1292
ENSG00000183971.10	17	27	29	15	11	10
ENSG00000183977.14	0	0	0	0	0	0
ENSG00000183978.8	79	131	139	38	50	51
ENSG00000183979.8	0	0	0	0	0	0
ENSG00000184005.11	0	0	0	0	0	0
ENSG00000184007.22	1026	991	938	973	839	1109
ENSG00000184009.13	10493	11884	12422	6406	6319	7350
ENSG00000184012.14	195	207	248	215	183	224
ENSG00000184014.9	562	730	729	706	548	800
ENSG00000184022.4	0	0	0	0	0	0
ENSG00000184032.3	0	0	0	0	0	0
ENSG00000184033.14	0	0	0	0	0	0
ENSG00000184047.20	1944	2110	1966	1210	1119	1300
ENSG00000184056.15	12	16	10	8	7	12
ENSG00000184058.16	4	5	4	4	7	4
ENSG00000184060.11	40	45	38	34	40	38
ENSG00000184076.13	123	121	124	52	42	78
ENSG00000184083.12	285	446	376	347	267	391
ENSG00000184108.8	0	0	0	0	0	0
ENSG00000184110.15	324	375	304	215	237	350
ENSG00000184113.10	0	0	1	1	0	0
ENSG00000184117.12	1428	1703	1577	1031	984	1263
ENSG00000184140.6	0	0	0	0	0	0
ENSG00000184144.12	1	1	1	0	0	0
ENSG00000184148.4	0	0	0	0	0	0
ENSG00000184154.16	20	7	19	10	9	10
ENSG00000184155.8	0	0	0	0	0	0
ENSG00000184156.17	0	0	2	0	0	3
ENSG00000184160.8	72	114	100	77	50	91
ENSG00000184162.15	219	240	253	153	157	228
ENSG00000184163.3	1	1	1	0	4	0
ENSG00000184164.15	891	1041	1035	826	663	816
ENSG00000184166.3	0	0	0	0	0	0
ENSG00000184178.17	654	751	741	503	469	681
ENSG00000184182.19	1	10	3	9	2	6
ENSG00000184185.10	2	1	0	0	0	0
ENSG00000184194.6	13	34	21	32	29	39
ENSG00000184203.8	248	274	238	192	172	200
ENSG00000184205.14	751	864	855	887	671	858
ENSG00000184206.13	1	1	1	1	0	3
ENSG00000184207.9	248	344	320	269	250	332
ENSG00000184209.15	448	542	480	400	391	528
ENSG00000184210.6	0	0	0	0	0	0
ENSG00000184216.15	4404	6277	6002	6142	4203	5870
ENSG00000184220.12	1124	1248	1105	719	710	886
ENSG00000184221.13	0	0	0	0	0	0
ENSG00000184226.15	22	33	35	41	33	32
ENSG00000184227.8	3	1	6	0	0	1
ENSG00000184232.9	5	18	16	9	6	10
ENSG00000184254.17	278	285	281	241	185	271
ENSG00000184260.6	1433	1839	1859	499	625	664
ENSG00000184261.5	0	0	1	0	0	0
ENSG00000184270.6	4541	5181	4970	1756	2155	2206
ENSG00000184271.18	3	6	2	4	4	3
ENSG00000184276.3	0	0	0	0	0	0
ENSG00000184277.13	318	306	304	223	226	241
ENSG00000184281.15	114	132	136	99	79	131
ENSG00000184292.7	896	1049	935	551	671	896
ENSG00000184302.7	0	0	0	0	0	0
ENSG00000184304.17	49	83	71	80	64	88
ENSG00000184305.16	179	242	241	224	144	230
ENSG00000184307.17	792	846	835	1285	849	1182
ENSG00000184313.20	0	0	0	0	0	0
ENSG00000184330.12	0	1	0	0	0	0
ENSG00000184343.11	1	0	3	0	2	0
ENSG00000184344.4	0	0	0	0	0	0
ENSG00000184345.5	0	0	1	0	0	0
ENSG00000184347.15	0	0	0	2	0	1
ENSG00000184349.14	14	16	17	22	24	15
ENSG00000184350.11	1	0	0	0	0	0
ENSG00000184351.8	0	0	0	0	0	0
ENSG00000184357.5	4783	5560	5526	2677	2926	3209
ENSG00000184361.13	0	0	0	0	0	0
ENSG00000184363.10	1128	1604	1495	824	733	934
ENSG00000184368.16	1	6	4	5	4	2
ENSG00000184371.14	22	24	22	20	23	27
ENSG00000184374.3	2	0	0	1	3	0
ENSG00000184378.3	21	23	12	33	16	20
ENSG00000184381.20	97	130	114	156	112	155
ENSG00000184384.14	3	3	3	1	1	4
ENSG00000184388.6	0	0	0	0	0	0
ENSG00000184389.9	0	0	0	0	0	0
ENSG00000184394.3	0	0	0	0	0	0
ENSG00000184402.15	107	149	142	175	141	171
ENSG00000184408.10	0	0	0	0	0	0
ENSG00000184428.13	1280	1449	1427	1167	985	1277
ENSG00000184432.11	8112	7995	8291	6337	6902	8779
ENSG00000184434.8	0	0	0	0	0	0
ENSG00000184436.12	122	141	126	91	76	127
ENSG00000184445.12	2299	2550	2457	4119	3002	4092
ENSG00000184451.5	0	2	0	0	0	0
ENSG00000184454.7	0	1	3	0	3	1
ENSG00000184459.10	0	0	0	0	0	0
ENSG00000184465.16	166	176	159	273	182	239
ENSG00000184470.21	510	561	616	508	414	527
ENSG00000184471.9	0	1	1	0	0	0
ENSG00000184478.8	0	0	0	0	0	0
ENSG00000184481.17	11	20	4	5	7	6
ENSG00000184486.10	0	2	0	0	0	0
ENSG00000184489.13	5	0	0	3	4	9
ENSG00000184492.7	8	5	5	8	4	4
ENSG00000184494.8	0	0	0	0	0	0
ENSG00000184497.13	4	7	5	1	4	5
ENSG00000184500.16	16	15	12	11	16	7
ENSG00000184502.4	0	0	0	0	0	0
ENSG00000184507.16	0	0	0	0	0	0
ENSG00000184508.12	229	240	270	147	145	205
ENSG00000184515.11	52	57	53	23	31	46
ENSG00000184517.12	364	444	403	367	372	478
ENSG00000184524.6	0	0	0	0	0	0
ENSG00000184530.9	1	0	0	0	0	0
ENSG00000184544.12	0	0	0	0	0	0
ENSG00000184545.11	8	8	6	12	13	13
ENSG00000184557.4	24	43	38	20	10	33
ENSG00000184560.8	0	0	0	1	0	0
ENSG00000184564.11	158	175	159	152	92	159
ENSG00000184571.14	2	2	0	0	2	1
ENSG00000184574.10	3	14	15	5	7	7
ENSG00000184575.12	3045	3522	3408	3214	2888	3796
ENSG00000184584.14	1	2	6	1	0	1
ENSG00000184588.18	2	1	2	4	3	2
ENSG00000184599.14	0	0	0	0	0	0
ENSG00000184601.11	0	0	0	0	0	0
ENSG00000184602.6	44	46	44	40	38	35
ENSG00000184611.13	1	1	3	4	1	1
ENSG00000184613.11	93	104	101	98	83	95
ENSG00000184616.12	0	0	0	0	0	0
ENSG00000184619.8	118	156	144	167	149	169
ENSG00000184634.17	1171	1439	1359	1236	1014	1465
ENSG00000184635.16	81	77	86	96	72	69
ENSG00000184640.20	3352	4252	4096	2853	2584	3452
ENSG00000184647.11	0	0	0	0	0	0
ENSG00000184650.11	0	0	0	0	0	0
ENSG00000184659.6	2	0	0	3	0	0
ENSG00000184661.14	995	1093	1000	943	873	1227
ENSG00000184672.12	0	0	0	0	0	0
ENSG00000184675.11	335	438	363	325	273	417
ENSG00000184677.18	886	1130	1048	1212	899	1138
ENSG00000184678.11	503	723	687	362	412	432
ENSG00000184697.7	1	1	1	0	2	1
ENSG00000184698.5	0	0	0	0	0	0
ENSG00000184702.20	0	1	2	1	1	0
ENSG00000184708.18	1620	1823	1732	1589	1314	1733
ENSG00000184709.7	0	4	6	3	2	3
ENSG00000184716.14	1	0	0	2	0	0
ENSG00000184719.12	42	30	44	21	18	32
ENSG00000184724.5	0	0	0	0	0	0
ENSG00000184730.12	119	139	125	142	103	132
ENSG00000184731.6	78	114	106	80	77	103
ENSG00000184735.7	0	1	1	1	0	0
ENSG00000184743.13	3955	4137	3988	3080	3119	4113
ENSG00000184752.14	1456	1388	1451	670	691	841
ENSG00000184785.6	0	0	0	0	0	0
ENSG00000184786.6	0	0	0	0	0	0
ENSG00000184787.19	1493	1399	1434	1933	1510	1604
ENSG00000184788.14	0	0	0	0	0	0
ENSG00000184792.16	185	264	252	196	153	182
ENSG00000184811.4	0	0	0	0	0	0
ENSG00000184814.5	0	0	0	0	0	0
ENSG00000184828.10	4	3	1	5	0	3
ENSG00000184831.14	225	206	192	183	182	240
ENSG00000184838.15	1	0	0	0	0	2
ENSG00000184840.12	8073	8064	8536	4286	4433	5271
ENSG00000184845.4	0	1	0	2	5	0
ENSG00000184857.8	256	311	333	220	218	286
ENSG00000184860.10	148	201	142	139	147	210
ENSG00000184863.11	2780	3141	2891	3314	2524	3320
ENSG00000184867.14	58	56	61	49	49	66
ENSG00000184887.14	449	634	533	553	413	594
ENSG00000184895.8	0	0	0	0	0	0
ENSG00000184897.7	2149	2584	2284	1432	1333	1780
ENSG00000184898.7	70	89	98	77	83	82
ENSG00000184900.16	2383	2995	2781	1334	1424	1773
ENSG00000184903.10	96	106	114	74	82	85
ENSG00000184905.9	0	1	0	0	0	0
ENSG00000184908.20	0	0	0	0	0	0
ENSG00000184911.15	0	0	0	0	0	0
ENSG00000184916.9	568	754	777	750	558	739
ENSG00000184922.15	187	336	304	228	184	217
ENSG00000184923.12	0	0	0	1	0	0
ENSG00000184924.6	39	38	45	36	45	47
ENSG00000184925.12	2	0	0	0	0	2
ENSG00000184933.6	0	0	0	0	0	0
ENSG00000184937.16	0	0	0	0	0	0
ENSG00000184939.16	401	482	485	475	387	512
ENSG00000184945.15	0	0	0	0	0	0
ENSG00000184949.18	49	55	59	75	46	72
ENSG00000184954.4	0	0	0	0	0	0
ENSG00000184956.16	0	0	0	0	0	0
ENSG00000184967.7	370	423	401	260	231	297
ENSG00000184979.11	118	150	123	170	98	143
ENSG00000184983.11	253	196	220	115	114	118
ENSG00000184984.10	0	0	0	0	0	0
ENSG00000184985.16	0	1	1	0	0	0
ENSG00000184986.11	94	81	68	51	38	65
ENSG00000184988.8	10	15	16	28	14	7
ENSG00000184990.13	810	951	1013	698	677	800
ENSG00000184992.13	1265	1194	1263	616	799	950
ENSG00000184995.7	0	0	0	0	0	0
ENSG00000184999.13	0	0	0	0	0	0
ENSG00000185000.12	53	63	61	83	49	72
ENSG00000185002.10	0	0	0	0	0	0
ENSG00000185008.19	0	0	0	0	0	0
ENSG00000185009.13	554	580	634	516	373	556
ENSG00000185010.15	22	24	30	5	11	18
ENSG00000185013.17	0	0	0	0	0	0
ENSG00000185015.8	0	2	3	0	1	1
ENSG00000185019.17	47	87	72	70	56	96
ENSG00000185022.12	0	5	3	1	1	4
ENSG00000185024.18	1522	2084	1955	1725	1302	1700
ENSG00000185028.4	1	2	1	1	0	3
ENSG00000185033.15	200	311	277	211	175	250
ENSG00000185038.15	0	3	2	8	4	6
ENSG00000185040.14	0	0	0	0	0	0
ENSG00000185043.13	775	965	1067	580	502	640
ENSG00000185046.20	103	118	117	138	94	128
ENSG00000185049.16	1038	1093	1042	810	787	978
ENSG00000185052.13	158	144	135	92	83	121
ENSG00000185053.14	0	0	0	0	0	0
ENSG00000185055.11	24	13	21	20	16	23
ENSG00000185056.10	0	0	0	0	0	0
ENSG00000185069.2	0	1	0	0	0	0
ENSG00000185070.12	0	0	0	0	0	0
ENSG00000185085.2	648	882	811	485	502	621
ENSG00000185088.14	282	334	309	167	179	243
ENSG00000185090.15	44	41	32	25	20	48
ENSG00000185100.11	117	129	157	105	103	107
ENSG00000185101.13	50	42	48	86	52	74
ENSG00000185104.21	1075	1312	1219	818	769	1064
ENSG00000185105.5	0	0	0	0	0	0
ENSG00000185112.6	87	160	137	93	63	115
ENSG00000185115.6	0	0	0	0	0	0
ENSG00000185122.11	261	402	347	274	209	299
ENSG00000185127.7	146	192	180	94	105	152
ENSG00000185129.8	685	870	766	502	544	665
ENSG00000185130.6	407	441	486	209	227	236
ENSG00000185133.14	55	95	67	75	48	56
ENSG00000185149.6	0	0	0	0	0	0
ENSG00000185155.12	0	0	0	0	1	0
ENSG00000185156.6	0	0	0	0	0	3
ENSG00000185158.13	19	24	13	30	13	40
ENSG00000185163.10	300	392	361	431	284	410
ENSG00000185164.15	113	128	114	102	111	124
ENSG00000185176.13	0	0	0	0	0	0
ENSG00000185177.14	0	5	6	6	3	1
ENSG00000185187.13	191	261	273	229	142	242
ENSG00000185189.18	30	32	18	61	48	46
ENSG00000185198.12	0	0	0	0	0	0
ENSG00000185201.18	247	348	300	129	120	157
ENSG00000185215.11	41	57	59	53	62	60
ENSG00000185219.18	347	442	429	489	346	573
ENSG00000185220.12	383	349	423	506	405	475
ENSG00000185222.10	0	0	0	2	0	0
ENSG00000185231.5	0	0	0	0	0	0
ENSG00000185236.12	170	236	248	132	112	176
ENSG00000185238.13	234	245	205	171	171	239
ENSG00000185245.9	0	0	0	0	0	0
ENSG00000185246.18	724	796	778	1211	991	1356
ENSG00000185247.15	0	0	0	0	0	0
ENSG00000185250.16	10	16	7	9	6	6
ENSG00000185252.19	100	159	142	167	113	131
ENSG00000185261.16	24	31	16	32	30	32
ENSG00000185262.9	8	13	16	7	2	12
ENSG00000185264.12	0	0	0	0	0	0
ENSG00000185267.10	3	0	7	20	4	17
ENSG00000185269.12	3	3	3	8	2	4
ENSG00000185271.9	3	0	0	0	0	0
ENSG00000185272.14	1	0	1	1	1	0
ENSG00000185274.12	0	0	0	0	0	0
ENSG00000185278.16	565	701	706	640	524	659
ENSG00000185290.4	0	0	0	0	0	0
ENSG00000185291.12	0	0	0	0	0	0
ENSG00000185291.12_PAR_Y	0	0	0	0	0	0
ENSG00000185294.7	0	0	0	0	0	0
ENSG00000185298.13	1011	1134	1054	797	695	987
ENSG00000185303.17	0	0	0	0	0	0
ENSG00000185304.16	2	0	2	1	1	1
ENSG00000185305.12	6	11	12	13	16	6
ENSG00000185306.13	64	70	78	44	29	40
ENSG00000185313.9	0	0	0	0	0	0
ENSG00000185324.22	675	740	671	1206	840	1039
ENSG00000185338.7	0	1	1	1	0	0
ENSG00000185339.10	1	1	0	0	1	0
ENSG00000185340.16	287	464	355	312	251	299
ENSG00000185344.15	2273	2319	2338	2408	2148	2813
ENSG00000185345.24	0	0	0	0	0	0
ENSG00000185347.18	580	801	721	636	549	733
ENSG00000185352.9	68	109	88	64	46	80
ENSG00000185359.14	1138	1367	1335	1182	983	1299
ENSG00000185361.9	50	38	40	22	26	26
ENSG00000185372.4	0	0	0	0	0	0
ENSG00000185379.21	55	85	100	76	59	72
ENSG00000185385.5	0	0	0	0	0	0
ENSG00000185386.15	103	129	122	169	134	166
ENSG00000185404.17	190	210	176	225	162	210
ENSG00000185414.20	1	0	1	0	0	1
ENSG00000185418.16	581	742	687	668	484	701
ENSG00000185420.19	169	225	199	119	119	167
ENSG00000185432.12	0	0	0	0	0	0
ENSG00000185436.12	49	69	66	58	37	43
ENSG00000185437.16	3	0	0	1	4	0
ENSG00000185442.13	151	231	208	161	150	189
ENSG00000185448.12	0	0	0	0	0	0
ENSG00000185453.13	312	353	346	266	225	271
ENSG00000185467.8	4	5	7	10	6	6
ENSG00000185475.11	136	126	118	105	102	158
ENSG00000185477.5	0	0	0	0	0	0
ENSG00000185479.6	0	0	0	0	0	0
ENSG00000185480.12	326	391	337	377	376	460
ENSG00000185482.8	31	54	27	44	26	38
ENSG00000185483.13	1	1	0	4	1	0
ENSG00000185499.17	240	343	333	190	234	273
ENSG00000185504.17	177	352	260	308	200	294
ENSG00000185507.21	8	14	12	13	12	20
ENSG00000185513.18	15	15	16	33	19	30
ENSG00000185515.16	1065	1073	1034	695	720	860
ENSG00000185518.12	0	0	0	0	0	0
ENSG00000185519.9	0	2	2	0	0	2
ENSG00000185522.9	20	23	18	21	13	16
ENSG00000185523.6	0	1	0	0	0	0
ENSG00000185527.12	0	0	1	0	0	0
ENSG00000185532.20	0	0	1	0	0	0
ENSG00000185551.15	553	766	755	581	433	654
ENSG00000185559.16	0	0	0	0	0	0
ENSG00000185561.10	2	5	8	1	2	5
ENSG00000185565.12	0	0	0	0	0	0
ENSG00000185567.7	217	302	243	305	203	258
ENSG00000185585.20	7	8	5	4	6	10
ENSG00000185591.10	2212	2681	2342	2029	1600	2235
ENSG00000185608.9	899	1066	1041	630	605	872
ENSG00000185610.6	0	0	0	0	0	0
ENSG00000185614.7	0	0	0	0	0	0
ENSG00000185615.16	17	33	26	38	17	32
ENSG00000185619.19	509	557	548	596	405	626
ENSG00000185621.11	220	228	217	279	201	254
ENSG00000185624.16	10450	12586	12240	7997	7582	10571
ENSG00000185627.19	2704	2560	2617	1760	1801	2146
ENSG00000185630.20	1411	1680	1677	1044	1029	1245
ENSG00000185633.11	0	0	0	0	0	0
ENSG00000185634.12	8	8	9	6	7	9
ENSG00000185640.6	0	0	0	0	1	0
ENSG00000185650.10	445	567	549	410	358	428
ENSG00000185651.16	29	31	40	16	17	22
ENSG00000185652.12	0	0	2	0	0	0
ENSG00000185658.14	9338	9946	9958	12862	9998	13417
ENSG00000185662.10	0	0	0	0	0	0
ENSG00000185664.15	4	10	15	11	5	15
ENSG00000185666.15	2	0	0	0	0	1
ENSG00000185668.8	1	0	0	0	0	0
ENSG00000185669.6	3	1	0	2	1	5
ENSG00000185670.9	142	199	145	91	94	128
ENSG00000185674.10	0	0	0	0	0	0
ENSG00000185681.13	0	0	0	0	0	0
ENSG00000185686.18	0	1	2	3	0	2
ENSG00000185697.17	373	437	381	504	397	511
ENSG00000185716.12	6	3	3	6	8	5
ENSG00000185721.13	1202	1229	1269	816	739	935
ENSG00000185722.18	1127	1250	1238	1122	959	1185
ENSG00000185728.17	985	1326	1238	1034	992	1513
ENSG00000185730.8	121	174	163	132	99	125
ENSG00000185736.16	3	0	1	0	0	0
ENSG00000185737.13	50	56	60	47	35	63
ENSG00000185739.13	1	3	0	0	1	0
ENSG00000185742.7	0	0	0	0	0	1
ENSG00000185745.10	18	16	18	9	12	30
ENSG00000185753.13	469	545	446	412	415	508
ENSG00000185758.9	0	0	0	0	0	0
ENSG00000185760.18	0	0	0	3	0	0
ENSG00000185761.11	14	32	28	35	12	35
ENSG00000185774.16	0	0	0	0	0	0
ENSG00000185775.10	0	0	0	0	0	0
ENSG00000185787.15	5087	4188	4398	2885	3054	3856
ENSG00000185792.10	0	0	0	0	0	0
ENSG00000185798.8	481	453	454	433	396	508
ENSG00000185800.12	230	330	301	320	199	330
ENSG00000185803.12	897	990	933	560	593	782
ENSG00000185808.14	11	13	11	11	9	24
ENSG00000185811.21	0	0	0	1	0	0
ENSG00000185813.11	635	791	657	524	417	601
ENSG00000185818.8	17	44	36	19	20	26
ENSG00000185821.3	0	0	0	0	0	0
ENSG00000185823.5	0	0	0	0	0	1
ENSG00000185825.17	4838	4742	4870	3027	3237	4018
ENSG00000185829.19	0	0	0	0	0	0
ENSG00000185838.14	88	88	92	87	60	89
ENSG00000185842.16	244	363	366	369	344	441
ENSG00000185860.14	0	0	0	0	0	0
ENSG00000185862.7	0	0	0	0	0	0
ENSG00000185863.8	0	0	2	1	0	0
ENSG00000185864.18	42	35	44	110	51	64
ENSG00000185869.15	8	17	9	13	13	6
ENSG00000185873.8	0	0	0	0	0	0
ENSG00000185875.13	817	934	772	631	689	888
ENSG00000185880.13	0	0	0	1	0	2
ENSG00000185883.12	32	32	40	25	24	14
ENSG00000185885.17	0	1	2	2	0	4
ENSG00000185888.6	0	0	0	0	0	0
ENSG00000185894.8	0	0	0	0	0	0
ENSG00000185896.11	1458	1655	1544	904	944	1217
ENSG00000185897.7	0	0	0	0	0	0
ENSG00000185899.1	0	0	0	0	0	0
ENSG00000185900.11	178	200	182	138	128	148
ENSG00000185905.4	0	0	0	0	0	0
ENSG00000185909.15	36	19	30	21	22	19
ENSG00000185915.5	0	0	0	0	0	0
ENSG00000185917.14	444	464	487	570	399	475
ENSG00000185920.18	82	109	81	109	84	108
ENSG00000185924.7	19	51	31	15	20	18
ENSG00000185926.1	0	0	0	0	0	0
ENSG00000185933.7	0	0	0	0	0	0
ENSG00000185940.11	0	0	0	0	0	0
ENSG00000185942.13	0	0	0	0	0	0
ENSG00000185946.16	28	54	39	58	52	62
ENSG00000185947.15	878	898	896	725	626	790
ENSG00000185950.9	259	470	407	272	189	271
ENSG00000185955.5	5	8	9	4	2	2
ENSG00000185958.10	0	2	0	0	0	0
ENSG00000185960.15	0	0	0	0	0	0
ENSG00000185960.15_PAR_Y	0	0	0	0	0	0
ENSG00000185962.1	0	0	0	0	0	0
ENSG00000185963.14	978	1245	1183	967	774	968
ENSG00000185966.4	0	0	0	0	0	0
ENSG00000185972.6	0	1	0	1	0	2
ENSG00000185973.12	135	149	154	114	117	152
ENSG00000185974.7	1	1	1	2	0	2
ENSG00000185982.7	0	0	0	0	0	0
ENSG00000185985.11	0	0	0	0	0	0
ENSG00000185988.15	0	0	1	0	0	0
ENSG00000185989.11	547	698	703	669	451	688
ENSG00000186001.14	1819	2098	2070	2327	1689	2450
ENSG00000186007.10	0	0	0	0	0	0
ENSG00000186009.5	0	0	0	0	0	0
ENSG00000186010.19	543	499	590	378	401	400
ENSG00000186017.16	160	145	114	113	100	148
ENSG00000186020.13	56	64	70	50	53	87
ENSG00000186026.7	16	14	21	5	20	21
ENSG00000186038.9	0	0	0	0	0	0
ENSG00000186047.11	0	0	0	0	0	0
ENSG00000186049.8	0	0	0	0	0	0
ENSG00000186051.7	0	0	4	5	1	4
ENSG00000186063.13	25	21	27	30	35	28
ENSG00000186073.14	31	39	36	34	31	34
ENSG00000186074.19	2	0	0	0	0	0
ENSG00000186075.13	0	0	0	0	0	0
ENSG00000186081.12	3	3	3	1	0	0
ENSG00000186086.19	5	9	4	4	1	0
ENSG00000186088.16	63	99	61	127	95	142
ENSG00000186090.11	0	0	0	0	0	0
ENSG00000186092.7	0	0	0	0	0	0
ENSG00000186094.18	0	0	0	0	0	0
ENSG00000186103.5	0	0	0	0	0	0
ENSG00000186104.11	41	56	66	62	46	67
ENSG00000186105.8	1	0	3	1	2	4
ENSG00000186106.11	234	236	258	180	208	234
ENSG00000186111.11	238	313	298	306	201	236
ENSG00000186113.1	0	0	0	0	0	0
ENSG00000186115.13	0	0	3	1	0	1
ENSG00000186118.9	1	0	1	0	1	2
ENSG00000186119.9	0	0	0	0	0	0
ENSG00000186130.5	241	290	230	185	212	218
ENSG00000186132.15	20	15	17	27	15	19
ENSG00000186136.1	0	0	0	0	0	0
ENSG00000186141.10	1013	1285	1223	926	915	1177
ENSG00000186143.11	0	0	0	0	0	0
ENSG00000186146.2	0	0	0	0	0	0
ENSG00000186150.5	0	2	0	0	0	0
ENSG00000186153.18	818	820	885	911	736	931
ENSG00000186160.5	0	0	0	0	0	0
ENSG00000186166.9	731	700	752	1721	1174	1458
ENSG00000186174.13	3975	5588	5072	4310	3277	4351
ENSG00000186184.20	1229	1384	1307	1007	891	1349
ENSG00000186185.14	996	1318	1208	1566	1046	1409
ENSG00000186187.12	373	414	423	371	306	388
ENSG00000186188.11	0	0	0	0	0	0
ENSG00000186190.8	0	1	0	0	0	0
ENSG00000186191.9	0	0	0	0	0	0
ENSG00000186193.9	607	847	825	696	513	744
ENSG00000186197.15	6	7	1	6	1	4
ENSG00000186198.4	0	0	0	0	0	0
ENSG00000186204.15	1	0	3	1	0	0
ENSG00000186205.14	10	19	27	17	7	17
ENSG00000186207.5	0	0	0	0	0	0
ENSG00000186212.4	82	174	157	112	114	155
ENSG00000186222.5	117	134	165	101	89	121
ENSG00000186226.9	0	0	0	0	0	0
ENSG00000186230.7	103	120	108	82	93	126
ENSG00000186231.17	1	3	0	0	2	0
ENSG00000186260.17	666	816	756	674	531	640
ENSG00000186265.10	0	0	0	0	0	0
ENSG00000186272.13	67	73	72	67	75	77
ENSG00000186280.7	4	10	5	7	4	5
ENSG00000186281.13	0	0	0	0	0	0
ENSG00000186283.14	590	726	683	503	441	515
ENSG00000186288.5	0	0	0	0	0	0
ENSG00000186297.12	0	0	0	1	0	0
ENSG00000186298.12	2398	2685	2555	1677	1623	2279
ENSG00000186300.12	72	70	55	46	33	51
ENSG00000186306.1	0	0	3	0	2	0
ENSG00000186310.10	0	1	1	0	0	0
ENSG00000186314.12	33	30	36	23	18	24
ENSG00000186318.18	430	510	566	448	376	429
ENSG00000186326.4	9	17	11	16	7	7
ENSG00000186329.9	0	0	0	0	0	0
ENSG00000186334.10	0	0	0	0	0	0
ENSG00000186335.9	0	0	0	0	0	0
ENSG00000186340.17	0	0	0	0	0	0
ENSG00000186350.12	436	671	602	598	394	585
ENSG00000186352.9	9	9	13	8	7	7
ENSG00000186364.12	26	47	55	39	23	40
ENSG00000186367.7	2	1	0	3	2	0
ENSG00000186376.15	61	86	89	106	72	110
ENSG00000186377.8	0	0	0	0	0	0
ENSG00000186393.6	0	0	1	0	0	0
ENSG00000186395.9	77	75	86	71	57	135
ENSG00000186399.11	0	7	3	7	4	7
ENSG00000186407.7	0	0	0	0	0	0
ENSG00000186409.19	9	14	7	16	6	14
ENSG00000186416.18	942	1025	952	979	809	1166
ENSG00000186417.14	23	20	17	21	15	24
ENSG00000186431.19	0	0	0	0	0	0
ENSG00000186432.10	1058	1070	1035	661	669	796
ENSG00000186439.14	0	0	1	0	0	0
ENSG00000186440.3	0	0	0	0	0	0
ENSG00000186442.7	0	0	5	1	2	0
ENSG00000186446.12	0	0	0	0	0	0
ENSG00000186448.15	45	64	71	61	37	86
ENSG00000186451.2	0	0	0	0	0	0
ENSG00000186452.11	0	0	0	0	1	0
ENSG00000186453.13	0	1	0	0	1	0
ENSG00000186458.5	0	0	0	0	0	0
ENSG00000186462.9	338	336	354	253	242	369
ENSG00000186468.13	3713	2978	3405	1159	1216	1413
ENSG00000186469.9	0	0	0	0	0	0
ENSG00000186470.14	3	0	3	0	0	3
ENSG00000186471.13	0	0	0	0	0	0
ENSG00000186472.20	2717	3481	2941	2542	2054	2629
ENSG00000186474.16	0	0	0	0	0	0
ENSG00000186479.5	0	0	0	0	0	0
ENSG00000186480.13	813	865	929	672	629	786
ENSG00000186487.21	1	0	0	0	0	0
ENSG00000186496.12	41	48	45	31	26	51
ENSG00000186501.15	43	57	78	56	32	82
ENSG00000186509.4	0	0	0	0	0	0
ENSG00000186510.12	0	1	0	0	0	0
ENSG00000186513.4	0	0	0	0	0	0
ENSG00000186517.14	40	62	54	65	49	63
ENSG00000186522.15	50	46	51	55	45	43
ENSG00000186523.15	0	0	0	2	2	1
ENSG00000186526.13	0	0	0	0	0	1
ENSG00000186529.16	1	1	2	1	3	5
ENSG00000186532.12	429	523	522	565	446	586
ENSG00000186562.8	0	0	0	0	0	0
ENSG00000186564.6	2	2	2	2	3	1
ENSG00000186566.13	2826	3285	3126	2696	2143	2879
ENSG00000186567.14	3	1	2	1	3	3
ENSG00000186572.2	0	0	0	0	0	0
ENSG00000186575.19	1192	1762	1616	1348	1080	1415
ENSG00000186577.14	24	38	52	39	30	37
ENSG00000186579.3	0	0	0	0	0	0
ENSG00000186583.12	0	0	0	0	0	3
ENSG00000186591.13	348	310	384	243	277	261
ENSG00000186599.8	0	0	0	0	0	0
ENSG00000186603.7	46	58	49	31	14	30
ENSG00000186625.14	532	525	502	483	467	562
ENSG00000186628.12	1	0	1	0	0	0
ENSG00000186635.15	1722	2487	2183	2153	1791	2314
ENSG00000186638.17	245	276	238	299	201	307
ENSG00000186642.16	0	3	2	2	2	0
ENSG00000186645.11	0	0	0	0	0	0
ENSG00000186648.15	51	61	68	75	68	64
ENSG00000186652.10	0	0	1	0	0	0
ENSG00000186654.21	12	11	27	10	11	10
ENSG00000186660.15	342	388	334	345	316	398
ENSG00000186665.10	116	139	120	77	72	110
ENSG00000186666.6	175	196	117	84	77	101
ENSG00000186675.7	0	0	0	0	0	0
ENSG00000186684.14	0	1	0	0	0	0
ENSG00000186687.16	11	18	18	13	8	18
ENSG00000186710.12	7	4	10	2	1	7
ENSG00000186714.13	5	3	3	7	3	5
ENSG00000186716.21	1455	2062	1725	1401	1182	1499
ENSG00000186723.4	0	0	1	0	0	0
ENSG00000186732.14	1	0	0	0	0	1
ENSG00000186765.12	17	48	40	68	40	68
ENSG00000186766.8	0	0	0	0	0	0
ENSG00000186767.7	593	571	581	359	403	461
ENSG00000186777.12	0	0	1	0	3	0
ENSG00000186787.10	115	81	100	120	92	124
ENSG00000186788.14	0	0	0	0	0	0
ENSG00000186790.6	0	3	0	0	0	0
ENSG00000186792.17	6	17	9	7	10	11
ENSG00000186795.1	0	0	0	0	0	0
ENSG00000186803.3	0	0	0	0	0	0
ENSG00000186806.6	15	21	23	23	22	15
ENSG00000186810.8	0	0	0	0	0	0
ENSG00000186812.13	347	358	402	503	319	440
ENSG00000186814.14	64	86	94	130	82	132
ENSG00000186815.13	309	411	397	398	345	480
ENSG00000186818.13	0	0	0	0	0	0
ENSG00000186827.12	1	0	0	0	0	0
ENSG00000186832.9	8	5	4	3	6	6
ENSG00000186834.4	660	854	840	614	525	600
ENSG00000186838.15	0	0	0	0	1	0
ENSG00000186844.6	0	0	0	0	0	0
ENSG00000186847.6	0	0	0	0	0	0
ENSG00000186854.11	1	1	2	2	1	0
ENSG00000186860.5	0	0	0	0	0	0
ENSG00000186862.20	4	21	10	17	15	14
ENSG00000186866.17	363	464	418	477	329	481
ENSG00000186867.11	0	0	0	0	0	0
ENSG00000186868.18	65	73	82	44	53	58
ENSG00000186871.7	821	1039	887	793	764	996
ENSG00000186881.3	0	0	0	0	0	0
ENSG00000186886.8	0	0	0	0	0	0
ENSG00000186889.10	6	8	3	9	6	10
ENSG00000186891.14	37	40	51	31	33	34
ENSG00000186895.4	1	0	0	0	0	0
ENSG00000186897.5	0	0	0	0	0	0
ENSG00000186907.8	1	1	1	3	1	1
ENSG00000186908.15	582	599	574	897	757	1045
ENSG00000186910.4	0	0	0	0	0	0
ENSG00000186912.7	0	1	0	0	2	0
ENSG00000186918.14	231	253	240	239	174	249
ENSG00000186919.13	0	0	0	2	0	0
ENSG00000186924.3	0	0	0	0	0	0
ENSG00000186925.6	0	0	0	0	0	0
ENSG00000186930.4	0	0	0	0	0	0
ENSG00000186943.1	0	0	0	0	0	0
ENSG00000186951.17	39	64	48	37	35	32
ENSG00000186952.15	1	0	0	2	2	1
ENSG00000186965.5	0	0	0	0	0	0
ENSG00000186967.7	0	0	0	0	0	0
ENSG00000186970.5	0	0	0	0	0	0
ENSG00000186971.4	0	0	0	0	0	0
ENSG00000186973.11	0	0	0	3	0	1
ENSG00000186976.15	16	24	10	12	12	9
ENSG00000186977.3	0	0	0	0	0	0
ENSG00000186980.7	0	0	0	0	0	0
ENSG00000186994.12	9	8	13	9	9	11
ENSG00000186998.16	17	31	17	12	19	19
ENSG00000187003.7	0	0	0	0	0	0
ENSG00000187005.5	0	0	0	0	0	0
ENSG00000187010.21	1	0	0	0	0	0
ENSG00000187017.18	53	84	58	109	59	84
ENSG00000187021.15	0	0	0	0	0	0
ENSG00000187024.15	51	80	82	86	62	63
ENSG00000187026.3	0	0	0	0	0	0
ENSG00000187033.9	0	0	0	1	0	0
ENSG00000187037.9	0	0	0	0	0	0
ENSG00000187045.19	1	4	0	1	3	4
ENSG00000187048.14	0	0	0	0	0	0
ENSG00000187049.11	5	16	23	12	9	9
ENSG00000187051.9	236	310	330	124	151	131
ENSG00000187054.16	0	0	0	0	0	0
ENSG00000187066.9	0	0	0	0	0	1
ENSG00000187068.3	4	4	7	3	2	2
ENSG00000187079.20	546	678	563	582	450	601
ENSG00000187080.10	0	0	0	0	0	0
ENSG00000187082.2	0	0	0	0	0	0
ENSG00000187091.14	70	69	86	82	83	67
ENSG00000187094.12	1	0	0	0	0	0
ENSG00000187097.13	310	376	344	402	389	522
ENSG00000187098.18	20	29	26	4	16	13
ENSG00000187105.9	13	8	7	25	11	12
ENSG00000187109.15	12359	11611	11037	10665	9910	12274
ENSG00000187116.14	0	0	0	0	0	0
ENSG00000187118.14	48	74	77	41	52	47
ENSG00000187122.17	36	64	51	46	36	38
ENSG00000187123.15	7	21	32	11	17	18
ENSG00000187134.14	5	6	2	4	8	2
ENSG00000187135.8	0	0	1	0	0	0
ENSG00000187140.6	0	0	0	0	0	0
ENSG00000187144.11	0	0	0	0	0	1
ENSG00000187147.18	431	548	462	345	347	410
ENSG00000187151.7	0	1	0	0	0	0
ENSG00000187164.20	1867	2134	2085	2990	2503	3236
ENSG00000187166.1	0	0	0	0	0	0
ENSG00000187170.6	0	0	0	0	0	0
ENSG00000187173.4	0	0	0	0	0	0
ENSG00000187175.5	0	0	0	0	0	0
ENSG00000187180.4	0	0	0	0	0	0
ENSG00000187186.15	4	1	6	5	2	1
ENSG00000187187.14	18	13	13	14	9	11
ENSG00000187189.11	400	540	473	403	345	452
ENSG00000187191.16	0	0	0	0	0	0
ENSG00000187193.9	8	10	14	5	2	4
ENSG00000187210.14	651	664	694	492	434	551
ENSG00000187223.4	0	0	0	0	0	0
ENSG00000187231.14	999	1099	1030	1052	815	981
ENSG00000187238.5	0	0	0	0	0	0
ENSG00000187239.19	2541	2674	2533	2880	2386	3158
ENSG00000187240.17	523	641	590	634	578	791
ENSG00000187242.6	0	0	0	0	0	0
ENSG00000187243.17	0	0	0	0	0	0
ENSG00000187244.12	290	386	343	262	243	306
ENSG00000187257.16	1037	1251	985	1271	1262	1603
ENSG00000187258.14	1	0	0	0	0	0
ENSG00000187260.16	0	0	0	0	0	0
ENSG00000187266.14	18	23	22	19	8	25
ENSG00000187268.12	0	0	0	0	0	0
ENSG00000187272.7	0	0	0	0	0	0
ENSG00000187288.12	0	0	0	0	0	1
ENSG00000187323.12	0	1	1	0	1	0
ENSG00000187325.5	93	121	103	64	75	82
ENSG00000187372.11	51	77	62	47	64	74
ENSG00000187391.22	0	3	3	4	1	5
ENSG00000187398.12	0	1	0	0	0	0
ENSG00000187416.13	0	0	0	0	0	0
ENSG00000187446.12	851	943	871	416	429	570
ENSG00000187474.5	0	0	0	0	0	0
ENSG00000187475.6	0	7	4	1	0	1
ENSG00000187479.9	1	0	0	0	0	0
ENSG00000187486.7	51	69	47	53	42	66
ENSG00000187492.9	0	0	0	0	0	0
ENSG00000187498.16	3	0	3	3	1	0
ENSG00000187510.11	0	0	0	0	0	0
ENSG00000187513.9	0	0	0	0	0	0
ENSG00000187514.17	13767	12461	11805	7497	7368	8714
ENSG00000187516.7	2	8	8	2	5	9
ENSG00000187522.16	417	552	425	388	413	462
ENSG00000187527.12	0	0	2	0	0	0
ENSG00000187531.14	323	348	358	372	294	375
ENSG00000187533.14	0	0	0	0	0	0
ENSG00000187535.14	640	754	695	939	661	981
ENSG00000187537.13	0	0	0	0	0	0
ENSG00000187545.5	0	0	0	0	0	0
ENSG00000187546.14	0	0	0	0	0	0
ENSG00000187550.9	1	5	3	5	1	6
ENSG00000187553.10	0	3	0	0	0	0
ENSG00000187554.14	2	6	5	5	4	9
ENSG00000187555.17	3984	4520	4352	3508	3074	4161
ENSG00000187556.8	0	0	0	0	0	0
ENSG00000187559.6	0	0	0	0	0	0
ENSG00000187566.6	74	77	66	53	52	70
ENSG00000187569.3	0	0	0	0	0	0
ENSG00000187581.3	0	0	0	0	0	0
ENSG00000187583.11	34	53	51	54	34	57
ENSG00000187595.18	6	23	6	13	9	11
ENSG00000187601.5	175	225	238	113	128	185
ENSG00000187605.16	2262	3458	3053	2956	2102	2680
ENSG00000187607.16	54	40	27	34	38	55
ENSG00000187608.10	339	383	369	142	132	174
ENSG00000187609.16	19	26	24	29	19	32
ENSG00000187612.1	0	0	0	0	0	0
ENSG00000187616.5	0	0	0	0	0	0
ENSG00000187624.9	39	45	57	32	27	41
ENSG00000187626.9	67	91	64	98	71	98
ENSG00000187627.18	0	1	0	0	0	0
ENSG00000187630.18	20	16	24	23	15	35
ENSG00000187634.13	50	100	105	85	62	77
ENSG00000187642.10	2	0	0	0	0	2
ENSG00000187650.4	1	10	8	2	6	7
ENSG00000187658.7	0	0	0	0	0	0
ENSG00000187664.9	0	2	0	0	0	0
ENSG00000187672.15	72	99	90	78	62	96
ENSG00000187676.8	133	184	174	148	134	197
ENSG00000187678.10	0	4	0	0	1	2
ENSG00000187682.2	0	0	0	1	0	0
ENSG00000187688.15	3	0	2	5	0	3
ENSG00000187689.10	8	16	15	5	1	8
ENSG00000187690.4	0	0	0	0	0	0
ENSG00000187699.10	0	0	0	0	0	0
ENSG00000187701.5	0	0	0	0	0	0
ENSG00000187713.7	49	60	67	19	28	43
ENSG00000187714.7	0	0	0	0	0	0
ENSG00000187715.13	0	0	0	0	0	0
ENSG00000187720.15	484	565	601	501	386	554
ENSG00000187726.9	0	7	0	0	1	0
ENSG00000187730.9	18	30	28	13	20	37
ENSG00000187733.7	0	0	0	0	0	0
ENSG00000187735.15	562	549	540	361	339	399
ENSG00000187736.14	63	66	104	44	45	40
ENSG00000187741.16	1485	1982	1891	2215	1832	2579
ENSG00000187742.15	551	704	623	755	555	739
ENSG00000187747.2	0	0	0	0	0	0
ENSG00000187753.13	0	0	0	0	0	0
ENSG00000187754.9	0	0	0	0	0	0
ENSG00000187758.8	0	0	0	0	0	0
ENSG00000187764.12	303	329	263	334	277	317
ENSG00000187766.1	0	0	0	0	0	0
ENSG00000187772.8	0	0	0	0	0	0
ENSG00000187773.9	0	0	0	0	0	1
ENSG00000187775.17	9	10	17	13	3	14
ENSG00000187778.14	527	784	711	517	467	631
ENSG00000187783.12	0	0	0	1	0	0
ENSG00000187790.12	1648	1782	1685	2437	2056	2888
ENSG00000187791.13	0	0	0	0	0	0
ENSG00000187792.5	141	196	143	154	145	118
ENSG00000187796.16	1	0	2	2	2	1
ENSG00000187800.14	0	0	0	0	1	0
ENSG00000187801.15	35	39	51	49	29	36
ENSG00000187806.9	0	0	0	0	0	0
ENSG00000187808.5	6	2	3	3	0	4
ENSG00000187815.10	106	119	108	127	107	101
ENSG00000187821.9	0	0	0	0	0	0
ENSG00000187823.4	0	0	0	0	0	0
ENSG00000187824.9	0	0	0	0	0	0
ENSG00000187833.8	0	0	0	1	0	0
ENSG00000187837.4	3745	4628	4639	2108	2165	2246
ENSG00000187838.17	98	111	114	82	89	115
ENSG00000187840.5	106	105	93	58	79	87
ENSG00000187848.15	7	8	3	5	0	6
ENSG00000187855.6	0	0	0	0	0	0
ENSG00000187857.5	0	0	0	0	0	0
ENSG00000187860.11	23	28	20	32	19	41
ENSG00000187862.13	0	0	0	0	0	0
ENSG00000187866.10	13	22	27	15	13	17
ENSG00000187867.10	526	683	584	619	419	687
ENSG00000187871.2	0	0	0	0	0	0
ENSG00000187889.13	1	2	5	2	3	5
ENSG00000187902.13	0	0	0	0	0	0
ENSG00000187905.11	0	0	0	0	0	0
ENSG00000187908.20	0	1	0	0	0	0
ENSG00000187912.12	0	0	0	0	1	0
ENSG00000187918.6	0	0	0	0	0	0
ENSG00000187922.14	0	0	0	0	0	0
ENSG00000187942.12	0	0	0	0	0	0
ENSG00000187944.5	0	0	0	0	0	0
ENSG00000187950.9	0	0	0	0	0	0
ENSG00000187954.13	212	289	255	258	179	247
ENSG00000187955.13	0	1	3	4	1	1
ENSG00000187957.8	0	2	0	0	1	2
ENSG00000187959.9	0	2	0	1	1	0
ENSG00000187961.15	29	41	57	68	29	53
ENSG00000187969.6	0	0	0	0	0	0
ENSG00000187980.7	0	0	0	0	0	0
ENSG00000187987.10	0	0	0	0	0	0
ENSG00000187994.14	34	50	47	24	30	32
ENSG00000187997.12	0	0	0	0	0	0
ENSG00000188000.6	0	0	0	0	0	0
ENSG00000188001.10	10	7	11	7	3	5
ENSG00000188010.16	68	100	92	78	72	99
ENSG00000188011.5	0	0	0	0	0	0
ENSG00000188015.10	0	0	0	0	0	0
ENSG00000188021.9	88	161	146	96	89	125
ENSG00000188026.13	388	485	475	498	393	471
ENSG00000188032.10	0	0	0	0	0	0
ENSG00000188033.10	53	69	52	49	44	77
ENSG00000188037.14	1	0	0	0	0	0
ENSG00000188038.8	0	4	1	0	0	0
ENSG00000188039.16	0	2	0	0	0	0
ENSG00000188042.8	11	19	18	7	9	7
ENSG00000188050.3	9	12	7	11	4	11
ENSG00000188051.7	0	1	1	0	0	0
ENSG00000188056.12	0	0	0	0	0	0
ENSG00000188060.8	1	0	0	0	0	0
ENSG00000188064.10	46	76	85	66	48	67
ENSG00000188070.9	34	54	51	42	20	41
ENSG00000188076.3	0	0	0	0	0	0
ENSG00000188089.14	0	1	1	0	0	0
ENSG00000188092.15	1	0	0	0	0	1
ENSG00000188095.6	0	0	0	1	0	1
ENSG00000188100.9	13	11	13	2	5	12
ENSG00000188107.15	0	0	0	0	0	0
ENSG00000188112.10	137	174	207	115	87	143
ENSG00000188120.16	0	0	0	0	0	0
ENSG00000188124.4	0	0	0	0	0	0
ENSG00000188130.14	114	111	127	139	103	115
ENSG00000188133.6	0	0	0	0	0	0
ENSG00000188152.13	0	0	0	0	0	0
ENSG00000188153.14	7	8	3	16	14	17
ENSG00000188155.11	0	0	0	0	0	0
ENSG00000188157.15	1690	2305	2216	2088	1619	2116
ENSG00000188158.17	35	72	43	48	18	38
ENSG00000188162.12	0	3	1	1	0	2
ENSG00000188163.8	0	2	0	3	0	4
ENSG00000188167.9	97	114	123	63	75	69
ENSG00000188171.17	0	0	0	0	0	0
ENSG00000188175.10	0	0	0	2	0	1
ENSG00000188176.12	11	11	11	18	19	14
ENSG00000188177.14	349	455	375	416	372	454
ENSG00000188186.11	1897	1802	1792	930	1024	1096
ENSG00000188191.16	1639	1733	1652	1053	1132	1430
ENSG00000188199.11	0	3	1	0	1	0
ENSG00000188211.9	27	34	39	38	38	45
ENSG00000188215.10	197	212	210	226	164	236
ENSG00000188219.16	143	189	185	385	227	329
ENSG00000188223.9	0	0	0	0	0	0
ENSG00000188227.14	22	25	30	27	13	29
ENSG00000188229.6	10677	10183	10715	5756	6386	7587
ENSG00000188234.15	10	13	13	31	21	34
ENSG00000188243.14	13	8	12	4	6	7
ENSG00000188257.12	0	0	0	0	0	0
ENSG00000188263.11	1	0	0	3	0	0
ENSG00000188266.14	127	138	109	107	123	141
ENSG00000188269.10	0	0	0	0	0	0
ENSG00000188277.10	0	0	0	0	0	0
ENSG00000188282.13	0	0	0	0	0	0
ENSG00000188283.12	80	103	101	119	82	83
ENSG00000188290.11	62	89	75	54	34	60
ENSG00000188293.6	5	6	1	2	3	4
ENSG00000188295.15	80	102	73	65	85	88
ENSG00000188305.6	0	0	0	0	0	1
ENSG00000188306.7	3	7	4	7	3	6
ENSG00000188312.14	59	78	84	83	58	85
ENSG00000188313.13	206	212	206	252	221	332
ENSG00000188315.8	78	104	106	125	74	106
ENSG00000188316.15	6	3	5	1	4	4
ENSG00000188321.14	7	15	13	16	18	23
ENSG00000188322.8	39	98	72	47	52	58
ENSG00000188324.4	0	0	0	0	0	0
ENSG00000188334.3	0	0	0	0	0	0
ENSG00000188338.15	3	4	8	5	7	8
ENSG00000188340.3	0	0	0	0	0	0
ENSG00000188342.12	444	521	481	329	344	406
ENSG00000188343.14	34	46	40	49	20	55
ENSG00000188352.13	518	702	610	601	474	647
ENSG00000188368.11	3	7	4	5	6	5
ENSG00000188372.15	57	101	88	102	85	106
ENSG00000188373.5	0	0	0	0	0	0
ENSG00000188375.5	4	5	5	1	2	4
ENSG00000188379.7	0	0	0	0	0	0
ENSG00000188385.13	259	295	314	356	284	352
ENSG00000188386.8	0	1	0	0	0	0
ENSG00000188389.11	0	0	0	0	0	0
ENSG00000188393.9	0	0	0	0	0	0
ENSG00000188394.8	3	7	3	1	5	1
ENSG00000188396.4	0	0	0	0	0	0
ENSG00000188403.7	0	0	0	0	0	0
ENSG00000188404.10	124	144	169	96	99	117
ENSG00000188408.5	0	0	0	0	0	0
ENSG00000188419.14	155	237	225	176	166	225
ENSG00000188425.4	0	1	0	0	0	0
ENSG00000188428.20	71	70	74	62	52	73
ENSG00000188452.15	9	13	22	19	16	26
ENSG00000188467.11	0	0	0	0	0	0
ENSG00000188483.8	237	403	344	293	213	272
ENSG00000188486.4	511	594	606	259	243	268
ENSG00000188487.12	0	2	0	0	0	1
ENSG00000188488.14	10	6	1	5	5	1
ENSG00000188493.15	68	84	71	87	49	65
ENSG00000188501.12	0	0	0	0	0	0
ENSG00000188505.5	0	1	1	0	0	0
ENSG00000188508.11	0	0	0	0	0	0
ENSG00000188517.17	0	1	0	0	0	1
ENSG00000188522.15	460	683	583	576	415	550
ENSG00000188523.9	0	1	0	0	0	0
ENSG00000188529.15	1317	1352	1412	1379	1221	1409
ENSG00000188536.13	0	0	0	0	0	0
ENSG00000188542.10	6	5	7	8	8	9
ENSG00000188549.13	4	2	4	2	0	5
ENSG00000188554.15	1098	1263	1176	986	781	1126
ENSG00000188558.7	0	0	0	0	0	0
ENSG00000188559.16	529	647	668	689	489	626
ENSG00000188566.15	204	309	265	300	218	262
ENSG00000188573.8	3	2	3	0	0	0
ENSG00000188580.15	0	0	0	0	0	0
ENSG00000188581.9	0	0	0	0	0	0
ENSG00000188582.10	0	0	0	0	0	0
ENSG00000188585.10	0	0	0	0	0	0
ENSG00000188596.11	1	0	0	1	0	0
ENSG00000188603.22	19	14	19	27	14	20
ENSG00000188610.12	2	4	4	2	4	7
ENSG00000188611.17	0	2	1	0	1	0
ENSG00000188612.12	23	36	34	13	23	16
ENSG00000188613.7	2	7	2	7	1	3
ENSG00000188620.11	1	0	0	2	3	1
ENSG00000188624.3	0	0	0	0	0	0
ENSG00000188626.7	0	0	0	0	0	0
ENSG00000188629.14	0	0	0	0	0	0
ENSG00000188636.4	52	59	80	46	46	51
ENSG00000188641.14	0	0	0	0	0	0
ENSG00000188643.11	2549	3464	3336	1367	1477	1934
ENSG00000188647.13	249	310	348	274	203	243
ENSG00000188649.15	4	8	1	10	10	13
ENSG00000188655.10	0	0	0	0	0	0
ENSG00000188659.10	0	1	3	2	3	1
ENSG00000188672.19	1	0	2	0	3	5
ENSG00000188674.11	0	0	0	0	0	0
ENSG00000188676.15	0	0	0	0	0	0
ENSG00000188677.15	450	514	489	398	277	397
ENSG00000188687.18	8	8	9	23	11	20
ENSG00000188690.15	553	586	557	509	446	561
ENSG00000188691.5	0	0	0	0	0	0
ENSG00000188694.6	0	0	0	0	0	0
ENSG00000188706.13	188	205	220	132	106	152
ENSG00000188710.3	0	0	0	0	0	0
ENSG00000188716.6	0	0	0	0	0	0
ENSG00000188725.8	608	589	634	366	396	540
ENSG00000188729.7	0	0	0	0	0	0
ENSG00000188730.5	0	0	0	0	0	0
ENSG00000188732.11	106	85	86	83	89	122
ENSG00000188735.13	230	264	257	387	232	308
ENSG00000188738.16	3	1	3	1	2	3
ENSG00000188739.15	2013	2247	2093	1589	1495	1963
ENSG00000188747.9	27	30	40	24	22	53
ENSG00000188760.11	25	33	15	23	22	21
ENSG00000188761.13	17	5	14	19	19	23
ENSG00000188763.5	5	6	8	1	2	1
ENSG00000188766.13	9	17	17	13	11	9
ENSG00000188770.10	0	0	0	0	0	0
ENSG00000188771.5	0	0	0	0	0	0
ENSG00000188778.6	0	0	0	0	0	0
ENSG00000188779.12	2	7	6	7	2	6
ENSG00000188782.9	0	1	1	1	0	0
ENSG00000188783.6	0	1	0	0	0	0
ENSG00000188784.4	0	0	0	0	0	0
ENSG00000188785.12	67	91	106	67	62	70
ENSG00000188786.10	142	218	179	154	93	156
ENSG00000188800.6	0	0	0	0	0	0
ENSG00000188803.15	0	0	0	0	0	0
ENSG00000188807.13	106	107	108	85	76	94
ENSG00000188811.14	400	388	424	414	380	498
ENSG00000188816.4	0	0	0	0	0	0
ENSG00000188817.8	0	0	0	0	0	0
ENSG00000188818.13	25	23	18	38	27	21
ENSG00000188820.13	3	0	1	1	1	5
ENSG00000188822.8	0	0	0	0	0	0
ENSG00000188827.12	767	1101	967	1180	804	1144
ENSG00000188833.10	10	9	11	19	10	15
ENSG00000188846.14	383	334	357	380	342	432
ENSG00000188848.17	0	1	0	0	1	0
ENSG00000188859.7	0	2	2	0	0	1
ENSG00000188868.14	50	41	47	40	53	50
ENSG00000188869.13	0	0	0	0	0	0
ENSG00000188877.12	0	0	0	1	0	0
ENSG00000188878.20	273	385	371	486	323	486
ENSG00000188883.5	22	26	38	28	19	29
ENSG00000188886.4	0	0	0	0	0	0
ENSG00000188895.12	1048	1328	1209	1194	956	1121
ENSG00000188897.10	2	3	5	1	0	1
ENSG00000188906.17	0	0	0	1	0	2
ENSG00000188909.5	0	0	0	0	0	0
ENSG00000188910.8	7	7	7	6	8	4
ENSG00000188916.9	8	16	6	6	2	3
ENSG00000188917.15	674	789	760	813	708	946
ENSG00000188921.14	0	0	0	0	0	0
ENSG00000188931.4	0	0	0	0	0	0
ENSG00000188937.7	0	0	0	0	0	0
ENSG00000188938.17	10	11	26	12	6	12
ENSG00000188958.10	0	0	0	0	0	0
ENSG00000188959.10	33	36	33	24	21	31
ENSG00000188976.11	2823	3491	3127	2294	2144	2862
ENSG00000188981.11	5	4	5	7	5	3
ENSG00000188984.12	0	0	0	0	0	0
ENSG00000188986.9	1374	1924	1831	1304	1095	1555
ENSG00000188991.3	0	0	0	0	0	0
ENSG00000188992.12	0	0	0	1	0	0
ENSG00000188993.4	0	0	0	0	0	0
ENSG00000188994.14	960	1203	1068	1145	838	1306
ENSG00000188996.5	8	11	13	14	2	16
ENSG00000188997.8	43	52	40	46	37	49
ENSG00000189001.11	14	20	16	21	11	18
ENSG00000189007.16	144	180	160	223	169	209
ENSG00000189013.16	0	0	0	0	0	0
ENSG00000189023.11	0	0	0	0	0	0
ENSG00000189030.10	0	1	0	0	0	0
ENSG00000189037.8	0	0	0	0	0	0
ENSG00000189042.14	90	139	125	121	86	149
ENSG00000189043.10	476	508	593	278	425	463
ENSG00000189045.15	6	6	5	7	4	12
ENSG00000189046.11	1031	1091	1026	823	627	840
ENSG00000189050.16	78	154	96	152	177	216
ENSG00000189051.6	1	1	0	0	0	0
ENSG00000189052.7	0	0	0	0	0	0
ENSG00000189056.15	1	4	1	0	1	0
ENSG00000189057.11	574	546	565	555	437	593
ENSG00000189058.9	28	26	33	18	22	38
ENSG00000189060.6	234	317	310	102	127	151
ENSG00000189064.9	0	0	0	0	0	0
ENSG00000189067.14	23	36	26	36	30	27
ENSG00000189068.11	0	0	0	0	0	0
ENSG00000189077.11	140	164	180	168	116	160
ENSG00000189079.18	1823	2358	2064	2433	1989	2724
ENSG00000189090.8	0	0	0	0	0	0
ENSG00000189091.13	13332	14354	13979	10554	10308	13119
ENSG00000189099.12	0	0	0	0	0	0
ENSG00000189108.13	2	1	1	3	0	1
ENSG00000189114.8	37	47	73	45	52	42
ENSG00000189120.5	8	16	23	21	16	19
ENSG00000189127.8	11	27	21	20	15	24
ENSG00000189129.14	2	0	1	0	0	0
ENSG00000189132.6	0	0	0	0	0	0
ENSG00000189134.4	0	0	0	3	0	1
ENSG00000189139.6	0	0	0	0	0	0
ENSG00000189143.10	1878	1756	1962	1000	1092	1141
ENSG00000189144.15	139	143	134	144	121	190
ENSG00000189152.11	0	0	0	0	0	0
ENSG00000189157.14	12	24	10	8	15	13
ENSG00000189159.16	3240	2965	3308	1679	2233	2478
ENSG00000189164.15	47	63	59	66	61	53
ENSG00000189167.12	12	15	16	17	19	22
ENSG00000189169.7	0	0	0	0	0	0
ENSG00000189171.15	3209	2988	3194	1655	1822	2244
ENSG00000189180.16	638	673	633	866	567	807
ENSG00000189181.5	0	0	0	0	0	0
ENSG00000189182.10	2	2	2	0	0	1
ENSG00000189184.12	0	0	0	0	0	0
ENSG00000189186.11	0	1	1	0	0	0
ENSG00000189190.11	132	122	137	128	113	140
ENSG00000189195.15	83	114	85	107	105	113
ENSG00000189221.11	2320	2466	2454	1517	1586	1967
ENSG00000189227.6	2	7	3	6	5	3
ENSG00000189233.12	67	65	65	78	46	59
ENSG00000189241.8	2277	2281	2268	1671	1635	2171
ENSG00000189252.4	0	0	0	0	0	1
ENSG00000189253.8	0	0	0	0	0	0
ENSG00000189266.13	11	13	23	12	15	14
ENSG00000189269.12	0	6	0	4	6	8
ENSG00000189280.3	0	0	0	0	2	0
ENSG00000189283.10	7	9	13	6	6	6
ENSG00000189292.16	0	0	0	0	0	0
ENSG00000189298.14	43	60	47	63	62	61
ENSG00000189299.7	0	0	0	0	0	0
ENSG00000189306.11	249	256	283	201	155	170
ENSG00000189308.11	535	790	652	540	461	563
ENSG00000189319.14	73	110	117	102	62	80
ENSG00000189320.9	0	0	0	0	0	0
ENSG00000189325.7	0	0	0	0	0	0
ENSG00000189326.5	0	0	0	0	0	0
ENSG00000189334.9	2379	2402	2434	1070	1134	1409
ENSG00000189337.17	146	190	184	163	114	134
ENSG00000189339.12	56	46	49	84	38	58
ENSG00000189348.7	0	0	0	0	0	0
ENSG00000189350.13	3	5	2	2	0	1
ENSG00000189357.9	0	0	0	0	0	0
ENSG00000189362.12	271	254	272	221	207	312
ENSG00000189367.15	0	3	1	0	3	1
ENSG00000189369.9	3	0	4	3	1	6
ENSG00000189375.12	0	0	0	0	0	0
ENSG00000189376.12	129	113	147	107	94	106
ENSG00000189377.9	0	1	1	0	0	0
ENSG00000189401.3	0	0	0	0	0	0
ENSG00000189403.15	2266	2371	2453	1475	1587	1661
ENSG00000189409.14	0	3	0	0	0	0
ENSG00000189410.12	21	21	22	23	15	16
ENSG00000189420.9	0	0	0	0	0	0
ENSG00000189430.13	0	0	0	0	0	0
ENSG00000189431.8	14	18	16	13	11	13
ENSG00000189433.7	7	27	28	7	12	9
ENSG00000196071.6	0	0	0	0	0	0
ENSG00000196072.12	65	81	47	47	34	39
ENSG00000196074.13	306	313	321	520	374	498
ENSG00000196081.10	7	12	7	8	3	4
ENSG00000196083.10	14	30	27	23	26	21
ENSG00000196090.13	1	0	0	0	0	1
ENSG00000196091.15	3	0	1	0	0	1
ENSG00000196092.14	9	10	18	8	8	13
ENSG00000196098.2	0	0	0	0	0	0
ENSG00000196099.5	0	0	0	0	0	0
ENSG00000196101.9	0	0	0	0	0	0
ENSG00000196104.11	0	1	0	0	0	0
ENSG00000196109.9	0	0	0	0	0	0
ENSG00000196110.8	21	23	12	20	26	17
ENSG00000196116.8	302	314	367	322	302	390
ENSG00000196118.12	55	71	45	82	53	62
ENSG00000196119.8	0	1	2	1	0	1
ENSG00000196123.13	86	106	132	242	120	209
ENSG00000196126.12	153	169	162	83	88	105
ENSG00000196131.6	0	0	0	0	0	0
ENSG00000196132.14	19	16	15	20	16	11
ENSG00000196136.18	11	20	19	9	15	13
ENSG00000196139.14	12	6	8	6	3	4
ENSG00000196141.14	260	314	289	241	211	352
ENSG00000196150.14	81	119	106	98	81	97
ENSG00000196151.11	57	76	104	96	80	114
ENSG00000196152.10	174	207	185	195	109	184
ENSG00000196154.12	3	0	4	0	0	2
ENSG00000196155.13	17	31	29	44	29	54
ENSG00000196156.5	0	0	0	0	0	0
ENSG00000196159.14	18	30	25	13	22	25
ENSG00000196169.15	0	0	0	0	1	0
ENSG00000196171.3	0	0	0	0	0	0
ENSG00000196172.9	38	54	46	42	36	47
ENSG00000196177.13	307	334	339	291	261	341
ENSG00000196182.11	414	529	481	496	329	464
ENSG00000196184.10	0	0	0	0	0	0
ENSG00000196187.12	424	567	568	600	440	582
ENSG00000196188.12	0	0	0	0	0	0
ENSG00000196189.14	219	321	330	282	238	313
ENSG00000196196.3	0	0	0	0	0	0
ENSG00000196199.14	1004	1141	1126	1165	864	1246
ENSG00000196208.14	23978	31912	30125	36985	27541	37480
ENSG00000196209.13	0	0	0	0	0	0
ENSG00000196214.11	395	400	373	378	295	408
ENSG00000196218.14	23	26	29	20	18	33
ENSG00000196220.17	35	42	45	53	29	41
ENSG00000196224.7	0	0	0	0	0	0
ENSG00000196227.11	110	167	154	108	84	142
ENSG00000196228.5	0	0	0	0	0	0
ENSG00000196230.14	455	252	329	316	295	252
ENSG00000196231.7	0	0	0	0	0	0
ENSG00000196233.14	1996	2675	2288	1885	1508	2037
ENSG00000196235.14	3767	4356	4025	3094	2600	3373
ENSG00000196236.13	644	792	810	527	530	764
ENSG00000196240.6	0	0	0	0	0	0
ENSG00000196242.10	0	0	0	0	0	0
ENSG00000196247.13	439	587	590	767	580	771
ENSG00000196248.6	0	0	0	0	0	0
ENSG00000196260.5	0	0	0	0	0	0
ENSG00000196262.15	1913	1088	1487	797	1227	1026
ENSG00000196263.8	0	0	0	0	0	0
ENSG00000196266.6	0	0	0	0	0	0
ENSG00000196267.14	14	22	23	26	30	25
ENSG00000196268.12	10	18	13	15	18	29
ENSG00000196275.16	0	0	0	0	0	0
ENSG00000196277.16	1	0	0	0	0	0
ENSG00000196284.17	41	73	54	53	27	50
ENSG00000196289.7	0	3	4	2	0	2
ENSG00000196290.17	589	632	675	448	395	523
ENSG00000196296.14	17	14	20	35	13	18
ENSG00000196305.19	3821	4681	4530	3911	3723	4915
ENSG00000196313.13	485	683	564	442	325	416
ENSG00000196323.14	157	169	186	119	75	139
ENSG00000196329.12	0	0	0	0	0	0
ENSG00000196335.13	278	336	340	319	299	371
ENSG00000196337.14	0	0	0	0	0	0
ENSG00000196338.15	5	20	3	10	8	15
ENSG00000196341.3	0	0	0	0	0	0
ENSG00000196344.12	0	0	0	0	0	0
ENSG00000196345.13	0	0	0	0	1	1
ENSG00000196350.9	1	5	0	1	2	1
ENSG00000196352.18	267	302	284	215	275	338
ENSG00000196353.13	424	589	545	520	425	571
ENSG00000196357.12	93	133	108	99	75	75
ENSG00000196358.12	0	0	0	0	0	0
ENSG00000196361.10	0	1	0	0	0	0
ENSG00000196363.10	1398	1496	1550	958	968	1141
ENSG00000196365.12	1730	2249	2135	1894	1472	1870
ENSG00000196367.15	10336	13937	12781	13143	9792	13520
ENSG00000196368.5	0	1	0	0	0	0
ENSG00000196369.12	327	364	332	393	387	455
ENSG00000196371.4	18	9	18	14	14	21
ENSG00000196372.13	121	180	178	105	90	113
ENSG00000196376.11	0	0	0	0	0	1
ENSG00000196378.13	128	155	189	142	122	113
ENSG00000196383.7	0	0	0	0	0	0
ENSG00000196387.10	78	129	88	86	77	104
ENSG00000196388.9	12	15	11	31	16	29
ENSG00000196391.11	63	90	88	82	52	84
ENSG00000196396.10	2738	3675	3469	2793	2396	3155
ENSG00000196405.13	138	200	208	188	143	191
ENSG00000196406.4	0	0	0	0	0	0
ENSG00000196407.12	0	0	0	0	0	0
ENSG00000196408.12	0	3	6	6	4	3
ENSG00000196411.10	2896	3643	3402	3404	2400	3456
ENSG00000196415.10	0	0	0	0	0	0
ENSG00000196417.13	60	64	78	92	68	66
ENSG00000196418.13	128	224	229	190	161	213
ENSG00000196419.13	8522	9043	8503	5682	5577	6934
ENSG00000196420.8	0	1	0	0	0	0
ENSG00000196421.9	0	5	1	2	3	1
ENSG00000196422.11	1169	1730	1522	1569	1070	1368
ENSG00000196427.14	1	18	2	11	6	5
ENSG00000196428.13	667	862	892	720	532	786
ENSG00000196431.4	0	0	0	0	0	3
ENSG00000196433.13	0	0	0	0	0	0
ENSG00000196433.13_PAR_Y	0	0	0	0	0	0
ENSG00000196436.9	9	8	8	26	12	23
ENSG00000196437.12	1	4	1	5	1	1
ENSG00000196440.12	23	18	27	23	18	23
ENSG00000196449.4	248	321	292	189	153	210
ENSG00000196453.8	582	661	623	560	373	524
ENSG00000196455.8	1482	1794	1704	1323	1182	1684
ENSG00000196456.13	23	19	27	32	17	23
ENSG00000196458.11	43	77	73	80	50	59
ENSG00000196459.15	5	13	18	23	20	35
ENSG00000196460.14	1	1	0	0	0	0
ENSG00000196465.11	254	358	275	239	224	290
ENSG00000196466.10	44	49	48	51	33	60
ENSG00000196468.8	0	0	0	0	0	0
ENSG00000196470.12	29	37	32	25	32	31
ENSG00000196475.6	0	0	0	0	0	0
ENSG00000196476.12	64	104	87	106	67	115
ENSG00000196482.18	0	0	0	0	0	0
ENSG00000196497.17	6887	8210	7409	5185	4679	6359
ENSG00000196498.14	8669	14063	12093	9709	6926	9297
ENSG00000196502.14	134	125	170	96	74	134
ENSG00000196503.5	0	0	1	0	0	4
ENSG00000196504.21	4654	5412	4838	4623	4243	5474
ENSG00000196505.11	554	584	563	584	531	641
ENSG00000196507.11	504	529	553	294	318	365
ENSG00000196510.14	2063	2419	2338	2429	1990	2747
ENSG00000196511.15	26	22	21	27	23	22
ENSG00000196517.13	37	44	56	57	38	52
ENSG00000196526.11	528	759	664	615	463	619
ENSG00000196531.14	3203	3030	3284	2515	2680	3019
ENSG00000196535.20	4154	5094	4671	4762	3521	4608
ENSG00000196539.3	0	0	0	0	0	0
ENSG00000196542.9	541	711	688	411	392	601
ENSG00000196544.8	110	114	113	95	91	123
ENSG00000196547.15	1377	1924	1750	1978	1424	1947
ENSG00000196549.13	1	4	1	3	2	2
ENSG00000196550.11	20	28	17	21	19	19
ENSG00000196553.15	0	0	0	1	0	0
ENSG00000196557.13	2193	3787	3327	3013	2022	2771
ENSG00000196562.16	3601	4986	4575	3995	2991	4131
ENSG00000196565.15	0	0	0	0	0	0
ENSG00000196569.14	0	0	0	0	0	0
ENSG00000196570.3	0	0	0	0	0	0
ENSG00000196576.16	2335	3287	2884	2903	2086	2750
ENSG00000196578.4	0	0	0	0	0	0
ENSG00000196581.11	2	3	3	3	1	0
ENSG00000196584.4	846	879	825	1026	894	1277
ENSG00000196586.17	2063	2509	2219	2952	2372	3347
ENSG00000196588.21	289	478	391	383	296	331
ENSG00000196589.7	0	0	0	0	0	0
ENSG00000196591.12	3798	4409	4193	3101	3061	3972
ENSG00000196597.13	65	73	86	84	66	118
ENSG00000196600.13	0	0	0	0	0	0
ENSG00000196604.13	62	104	70	214	114	176
ENSG00000196605.7	167	174	161	261	174	212
ENSG00000196610.13	0	0	0	0	0	0
ENSG00000196611.6	0	0	0	0	0	0
ENSG00000196616.14	0	0	0	0	0	0
ENSG00000196620.10	1	2	4	2	0	7
ENSG00000196628.20	0	0	0	0	0	0
ENSG00000196632.11	3	2	6	8	9	7
ENSG00000196636.8	1	0	0	1	0	0
ENSG00000196639.7	2	4	2	8	1	4
ENSG00000196642.19	6074	8803	7170	6340	4682	6252
ENSG00000196646.12	43	22	25	25	18	27
ENSG00000196652.12	537	698	661	627	536	718
ENSG00000196653.12	0	0	0	0	0	0
ENSG00000196655.12	566	589	593	321	379	405
ENSG00000196659.10	59	76	85	63	51	71
ENSG00000196660.12	0	0	0	0	0	0
ENSG00000196663.16	846	1112	917	918	745	977
ENSG00000196664.5	0	0	0	0	0	0
ENSG00000196666.6	0	0	0	0	0	1
ENSG00000196670.14	1340	1570	1542	1595	1205	1737
ENSG00000196678.14	496	576	538	453	448	539
ENSG00000196683.12	475	576	572	304	322	394
ENSG00000196684.12	110	144	124	144	125	149
ENSG00000196689.13	124	157	175	223	129	213
ENSG00000196693.15	749	907	709	1018	638	787
ENSG00000196700.9	1546	2281	2033	1670	1324	1700
ENSG00000196704.14	295	307	344	312	266	344
ENSG00000196705.8	97	91	132	139	143	193
ENSG00000196711.9	0	0	0	0	0	0
ENSG00000196712.20	1921	2433	2229	2180	1795	2394
ENSG00000196715.7	113	108	159	61	75	56
ENSG00000196724.13	171	212	221	299	174	250
ENSG00000196730.13	1	0	0	0	2	1
ENSG00000196734.9	0	0	0	0	0	0
ENSG00000196735.13	0	0	0	0	0	0
ENSG00000196739.15	44	66	62	112	61	85
ENSG00000196743.9	80	121	78	52	70	58
ENSG00000196747.5	1270	1379	1516	383	519	447
ENSG00000196748.10	0	1	0	1	4	0
ENSG00000196754.13	8	9	7	6	11	18
ENSG00000196757.8	365	431	402	485	371	524
ENSG00000196767.9	0	0	0	0	0	0
ENSG00000196772.5	0	0	0	0	0	0
ENSG00000196776.17	553	716	637	595	745	966
ENSG00000196778.4	0	0	0	0	0	0
ENSG00000196781.16	187	312	259	217	204	279
ENSG00000196782.13	65	98	108	88	66	79
ENSG00000196787.4	1745	2217	2190	661	703	749
ENSG00000196792.12	719	806	796	851	685	897
ENSG00000196793.14	292	383	370	328	327	409
ENSG00000196800.7	0	0	0	0	0	0
ENSG00000196805.8	0	0	0	0	0	0
ENSG00000196811.13	0	0	0	0	1	0
ENSG00000196812.6	244	281	281	313	253	302
ENSG00000196814.15	74	68	60	71	61	90
ENSG00000196821.10	585	672	629	389	346	400
ENSG00000196826.7	0	0	0	0	0	0
ENSG00000196832.5	0	0	0	0	0	0
ENSG00000196834.14	34	53	58	114	81	119
ENSG00000196839.14	95	106	106	56	83	76
ENSG00000196843.17	56	76	77	38	28	57
ENSG00000196844.9	2	0	1	1	0	1
ENSG00000196850.6	188	230	195	161	109	148
ENSG00000196859.8	0	0	0	0	0	0
ENSG00000196860.8	4	7	2	8	3	8
ENSG00000196862.10	1	0	1	0	0	1
ENSG00000196865.4	1539	1590	1559	1519	1409	1791
ENSG00000196866.3	4	5	7	3	1	2
ENSG00000196867.8	1	2	1	0	0	0
ENSG00000196872.12	270	340	318	327	224	314
ENSG00000196873.16	2	2	5	8	6	3
ENSG00000196876.19	387	543	453	734	489	653
ENSG00000196878.15	34	48	58	22	32	43
ENSG00000196890.5	146	160	129	87	72	96
ENSG00000196900.5	0	0	1	0	0	0
ENSG00000196911.12	185	241	219	269	190	283
ENSG00000196912.13	177	212	246	300	217	265
ENSG00000196914.9	2762	3249	3002	2977	2298	3254
ENSG00000196917.6	100	111	116	94	85	90
ENSG00000196923.14	523	600	598	575	491	618
ENSG00000196924.19	26114	35274	31175	30328	24216	33831
ENSG00000196932.12	0	0	0	0	0	0
ENSG00000196935.10	281	404	319	328	260	385
ENSG00000196937.11	9	4	6	12	10	13
ENSG00000196943.14	601	678	695	892	670	960
ENSG00000196944.5	0	0	0	0	0	0
ENSG00000196946.11	0	0	0	0	0	0
ENSG00000196950.14	158	165	160	121	150	164
ENSG00000196954.14	6	14	17	4	5	10
ENSG00000196961.13	940	1092	1155	803	725	985
ENSG00000196967.11	7	10	8	9	7	8
ENSG00000196968.11	156	140	191	85	132	127
ENSG00000196972.9	0	0	0	0	0	0
ENSG00000196975.16	561	703	612	315	331	393
ENSG00000196976.8	172	229	221	102	91	121
ENSG00000196981.4	146	150	121	111	126	125
ENSG00000196990.10	0	0	1	0	0	0
ENSG00000196993.8	0	0	0	0	0	0
ENSG00000196998.19	104	78	70	103	80	104
ENSG00000197006.15	938	1223	1114	746	709	922
ENSG00000197008.10	285	329	313	261	319	412
ENSG00000197013.11	57	81	73	92	65	101
ENSG00000197016.12	0	0	0	0	0	0
ENSG00000197019.5	51	99	63	74	60	75
ENSG00000197020.12	8	2	16	11	5	7
ENSG00000197021.9	97	113	108	137	107	122
ENSG00000197024.9	492	714	613	521	410	506
ENSG00000197037.11	439	474	538	584	375	488
ENSG00000197043.15	4568	5096	4850	3168	3293	4260
ENSG00000197044.11	0	0	1	0	0	0
ENSG00000197045.13	520	533	478	420	541	660
ENSG00000197046.12	0	0	0	0	0	0
ENSG00000197050.11	42	44	51	38	20	49
ENSG00000197054.12	0	0	0	0	0	0
ENSG00000197056.11	235	296	258	328	303	420
ENSG00000197057.10	0	0	0	0	0	0
ENSG00000197061.5	4569	4483	4879	1736	2457	2592
ENSG00000197062.12	160	170	171	235	140	207
ENSG00000197063.11	174	225	200	201	181	194
ENSG00000197070.14	528	789	710	682	523	714
ENSG00000197077.14	1093	1533	1439	1230	1008	1305
ENSG00000197079.9	2	0	0	1	0	0
ENSG00000197081.16	2569	2916	2916	2907	2478	3208
ENSG00000197084.6	0	0	0	0	0	0
ENSG00000197093.11	0	1	1	0	0	1
ENSG00000197102.14	39006	47427	43431	47004	37126	50243
ENSG00000197106.7	1	0	0	1	0	0
ENSG00000197110.10	0	0	0	0	0	0
ENSG00000197111.16	19750	17989	18814	13289	12279	15706
ENSG00000197114.12	362	425	435	482	367	483
ENSG00000197119.13	184	254	243	237	178	265
ENSG00000197121.15	26	51	64	61	69	77
ENSG00000197122.13	170	219	231	185	141	239
ENSG00000197123.9	0	0	2	0	0	0
ENSG00000197124.12	78	108	110	115	107	123
ENSG00000197125.3	0	0	0	0	0	0
ENSG00000197128.13	67	77	70	44	45	74
ENSG00000197134.13	0	2	0	1	0	1
ENSG00000197136.5	2094	3290	3005	2946	1983	2683
ENSG00000197140.15	9	9	8	19	11	16
ENSG00000197142.11	0	0	0	0	0	0
ENSG00000197147.15	77	145	135	93	90	131
ENSG00000197150.13	264	330	322	332	235	320
ENSG00000197153.5	697	823	860	299	301	237
ENSG00000197157.11	5251	5836	5510	3755	3817	4821
ENSG00000197162.10	313	338	349	441	289	434
ENSG00000197165.11	3	0	5	5	4	5
ENSG00000197168.14	38	33	51	69	52	58
ENSG00000197170.10	6201	5988	5973	4590	4644	6145
ENSG00000197172.11	0	0	0	0	0	0
ENSG00000197177.16	0	1	0	0	0	0
ENSG00000197181.12	0	6	2	1	0	1
ENSG00000197183.15	121	205	179	184	144	197
ENSG00000197191.7	0	0	0	1	0	0
ENSG00000197208.6	33	52	48	60	51	54
ENSG00000197213.11	0	0	0	0	0	0
ENSG00000197217.13	247	236	239	199	167	234
ENSG00000197223.12	197	250	217	148	167	226
ENSG00000197226.13	4522	6562	5838	5377	3845	5186
ENSG00000197233.7	0	0	0	0	0	1
ENSG00000197238.5	0	0	0	0	0	0
ENSG00000197241.4	1	0	0	0	0	0
ENSG00000197245.6	2	0	1	0	0	0
ENSG00000197249.14	0	1	0	0	2	0
ENSG00000197253.13	0	0	0	0	0	0
ENSG00000197256.11	475	649	684	546	390	523
ENSG00000197261.12	3	7	6	6	7	8
ENSG00000197265.9	604	622	568	372	390	545
ENSG00000197272.2	1	2	0	6	3	1
ENSG00000197273.4	1	1	0	2	0	0
ENSG00000197275.14	1624	1712	1640	1877	1732	2418
ENSG00000197279.5	254	257	282	216	195	256
ENSG00000197283.18	97	107	118	138	102	130
ENSG00000197296.6	114	136	135	86	79	90
ENSG00000197299.13	1233	1447	1391	1667	1424	1952
ENSG00000197302.11	536	502	535	505	523	511
ENSG00000197309.5	0	0	0	2	0	0
ENSG00000197312.12	640	730	731	672	593	697
ENSG00000197321.16	3381	4194	3884	4277	3023	4106
ENSG00000197323.12	5656	6400	5992	6414	5223	7212
ENSG00000197324.9	941	1104	1073	948	844	1065
ENSG00000197329.12	29	28	20	41	28	33
ENSG00000197343.11	0	0	0	1	0	0
ENSG00000197345.13	1132	1329	1298	811	765	845
ENSG00000197353.4	0	0	0	0	0	0
ENSG00000197355.11	573	707	745	610	559	697
ENSG00000197360.9	5	0	1	6	3	0
ENSG00000197361.8	4	3	4	0	4	7
ENSG00000197362.15	277	425	334	278	240	348
ENSG00000197363.11	44	41	40	47	22	44
ENSG00000197372.10	180	248	198	191	164	232
ENSG00000197375.14	413	555	625	605	451	666
ENSG00000197380.11	9	19	21	10	3	4
ENSG00000197381.18	296	324	306	442	368	454
ENSG00000197385.6	124	130	119	134	96	153
ENSG00000197386.14	3142	4463	4036	3924	3123	4128
ENSG00000197403.5	0	0	0	0	0	0
ENSG00000197405.8	0	5	10	10	4	7
ENSG00000197406.8	3	1	2	2	0	6
ENSG00000197408.10	0	0	0	0	0	0
ENSG00000197409.8	1045	967	1025	344	460	414
ENSG00000197410.14	0	1	1	2	0	0
ENSG00000197415.12	42	75	64	73	51	72
ENSG00000197416.5	0	0	0	0	0	0
ENSG00000197417.9	0	0	0	0	0	0
ENSG00000197428.3	0	0	0	0	0	0
ENSG00000197429.11	306	338	322	306	356	428
ENSG00000197430.11	0	0	0	0	0	0
ENSG00000197437.5	0	0	0	0	0	0
ENSG00000197442.11	338	354	396	432	349	422
ENSG00000197444.10	66	69	95	82	66	70
ENSG00000197446.9	0	0	0	0	0	0
ENSG00000197448.14	295	278	340	336	257	332
ENSG00000197451.12	8780	9388	9373	5590	5949	7363
ENSG00000197454.2	0	0	0	0	0	0
ENSG00000197457.10	1845	1875	1899	974	836	1186
ENSG00000197461.13	431	584	560	403	316	512
ENSG00000197465.14	0	0	0	0	0	0
ENSG00000197467.17	0	1	0	1	1	0
ENSG00000197471.12	0	0	0	0	1	0
ENSG00000197472.15	58	61	70	75	67	95
ENSG00000197479.7	20	30	18	28	16	34
ENSG00000197483.10	105	230	187	165	101	159
ENSG00000197487.9	0	0	0	0	0	0
ENSG00000197496.6	156	198	184	171	151	204
ENSG00000197497.11	0	1	0	0	0	1
ENSG00000197498.13	853	867	807	646	611	763
ENSG00000197506.8	0	0	0	0	0	0
ENSG00000197520.11	0	0	0	0	0	0
ENSG00000197530.13	73	122	103	103	66	110
ENSG00000197532.3	0	0	0	0	0	0
ENSG00000197535.16	1729	2250	2093	1657	1534	1842
ENSG00000197540.8	0	0	0	0	0	2
ENSG00000197548.13	478	613	592	492	447	542
ENSG00000197555.10	4423	5686	5379	5730	4508	6086
ENSG00000197557.7	60	48	47	39	41	53
ENSG00000197561.7	0	0	0	0	0	0
ENSG00000197562.10	191	205	248	215	128	221
ENSG00000197563.11	138	170	207	191	204	218
ENSG00000197565.17	0	0	0	0	0	2
ENSG00000197566.10	131	147	134	146	143	206
ENSG00000197576.14	15	19	18	17	19	12
ENSG00000197579.8	561	646	609	530	437	609
ENSG00000197580.13	5	8	6	3	4	11
ENSG00000197584.13	0	0	0	0	0	0
ENSG00000197586.13	467	642	643	646	496	679
ENSG00000197587.11	1	1	1	0	0	1
ENSG00000197591.3	0	0	0	0	0	0
ENSG00000197594.14	464	530	540	440	354	505
ENSG00000197599.13	4	12	9	4	3	4
ENSG00000197601.14	844	950	1023	855	919	1112
ENSG00000197603.16	613	747	707	927	771	1034
ENSG00000197608.12	250	321	301	395	220	347
ENSG00000197614.11	0	0	0	0	0	0
ENSG00000197616.13	5	4	12	1	7	2
ENSG00000197617.9	0	0	0	0	0	0
ENSG00000197619.15	31	27	38	28	21	34
ENSG00000197620.11	20	20	22	17	13	12
ENSG00000197622.13	1059	1365	1328	856	791	916
ENSG00000197629.6	0	0	0	0	0	0
ENSG00000197632.9	0	0	0	0	0	0
ENSG00000197635.11	7	3	2	4	7	3
ENSG00000197641.12	0	0	0	0	0	0
ENSG00000197646.8	0	0	0	0	0	0
ENSG00000197647.13	217	252	212	220	197	265
ENSG00000197651.4	1	0	1	1	0	1
ENSG00000197653.16	11	11	9	12	6	8
ENSG00000197658.9	0	0	0	0	0	0
ENSG00000197674.8	0	0	0	0	0	0
ENSG00000197683.5	0	0	0	0	0	0
ENSG00000197694.19	7541	8354	8235	8127	6738	8862
ENSG00000197696.10	5	8	12	4	4	4
ENSG00000197702.14	300	322	315	244	283	371
ENSG00000197705.10	1	0	0	0	0	0
ENSG00000197706.5	0	0	0	0	0	0
ENSG00000197712.12	361	395	327	342	290	349
ENSG00000197713.15	560	516	610	503	505	629
ENSG00000197714.9	470	508	543	384	380	423
ENSG00000197721.17	0	0	0	0	0	0
ENSG00000197724.11	986	1377	1246	1046	823	1087
ENSG00000197728.11	477	177	330	117	130	78
ENSG00000197745.3	0	0	0	0	0	0
ENSG00000197746.15	3768	4229	4385	2505	2667	3034
ENSG00000197747.9	1371	1543	1639	723	1012	996
ENSG00000197748.13	5	11	12	6	10	10
ENSG00000197753.11	0	0	0	0	0	0
ENSG00000197756.10	7563	7145	7287	4519	4796	5231
ENSG00000197757.8	58	116	76	83	73	113
ENSG00000197763.20	383	423	469	461	433	602
ENSG00000197766.9	28	7	17	15	12	14
ENSG00000197768.11	0	0	0	0	0	0
ENSG00000197769.6	0	0	0	0	0	0
ENSG00000197771.13	1039	1246	1307	925	907	1185
ENSG00000197774.14	27	48	32	44	20	40
ENSG00000197776.8	58	52	39	28	39	66
ENSG00000197779.15	100	122	119	142	109	139
ENSG00000197780.11	2261	2648	2235	1221	1225	1612
ENSG00000197782.15	203	183	231	205	173	195
ENSG00000197785.14	411	534	560	342	310	410
ENSG00000197786.3	0	0	0	0	0	0
ENSG00000197790.1	0	0	0	0	0	0
ENSG00000197798.9	119	115	103	120	109	125
ENSG00000197808.13	113	93	75	141	97	124
ENSG00000197816.16	45	40	38	68	26	57
ENSG00000197818.12	251	318	279	378	268	343
ENSG00000197822.12	59	57	79	75	45	60
ENSG00000197826.12	0	0	0	0	0	0
ENSG00000197837.4	735	849	838	300	381	335
ENSG00000197838.5	0	1	0	0	0	0
ENSG00000197841.15	70	65	74	67	60	72
ENSG00000197849.7	0	0	0	0	0	0
ENSG00000197852.12	103	107	83	66	50	67
ENSG00000197857.16	408	450	444	586	465	594
ENSG00000197858.12	265	384	399	337	233	325
ENSG00000197859.11	0	0	1	0	0	0
ENSG00000197860.10	32	35	42	26	27	55
ENSG00000197863.9	19	15	15	18	7	17
ENSG00000197870.13	0	0	0	0	0	0
ENSG00000197872.11	1	2	3	4	3	1
ENSG00000197879.17	6003	7612	7539	5140	4308	5906
ENSG00000197885.11	209	189	183	143	147	205
ENSG00000197887.6	0	0	0	0	0	0
ENSG00000197888.3	1	2	0	0	0	0
ENSG00000197889.10	9	2	3	8	3	7
ENSG00000197891.12	0	0	0	1	0	0
ENSG00000197892.13	604	738	693	671	562	742
ENSG00000197893.14	3	4	0	0	0	0
ENSG00000197894.12	3048	2996	3009	1687	1694	1928
ENSG00000197901.12	0	0	0	0	0	0
ENSG00000197903.8	315	324	325	271	183	185
ENSG00000197905.10	353	437	462	287	221	334
ENSG00000197912.16	1644	2113	1986	2815	2146	2880
ENSG00000197915.7	0	0	0	0	0	0
ENSG00000197919.6	0	0	0	0	0	0
ENSG00000197921.6	0	0	0	0	0	0
ENSG00000197928.11	0	0	1	0	0	0
ENSG00000197930.13	856	942	962	746	718	967
ENSG00000197933.13	161	228	206	214	185	273
ENSG00000197935.7	2	3	3	6	3	5
ENSG00000197937.13	0	0	0	1	0	1
ENSG00000197938.6	0	0	0	0	0	0
ENSG00000197943.12	213	277	278	263	192	258
ENSG00000197948.11	250	366	320	325	244	268
ENSG00000197951.10	0	0	0	0	0	1
ENSG00000197953.6	0	0	0	0	0	0
ENSG00000197956.10	2369	2337	2599	1124	1556	1443
ENSG00000197958.13	702	770	741	350	334	338
ENSG00000197959.15	1	2	2	1	2	5
ENSG00000197961.12	334	386	369	258	292	376
ENSG00000197965.12	90	142	109	72	62	71
ENSG00000197969.14	1965	2207	2019	3002	2461	3242
ENSG00000197971.16	8	12	5	7	8	3
ENSG00000197976.12	0	0	0	0	0	0
ENSG00000197976.12_PAR_Y	0	0	0	0	0	0
ENSG00000197977.4	8	14	7	9	10	8
ENSG00000197978.10	10	6	8	17	13	16
ENSG00000197980.14	16	22	14	23	14	28
ENSG00000197982.14	61	66	83	43	44	50
ENSG00000197991.11	0	0	0	0	0	0
ENSG00000197992.7	0	0	0	0	0	0
ENSG00000197993.9	1	2	1	3	1	4
ENSG00000198000.12	1894	2120	2044	2097	1568	2055
ENSG00000198001.16	144	140	154	160	124	158
ENSG00000198003.12	45	39	30	37	26	35
ENSG00000198010.13	0	0	0	2	0	0
ENSG00000198015.14	423	465	485	322	254	324
ENSG00000198018.7	187	302	254	168	156	199
ENSG00000198021.8	0	0	0	0	0	0
ENSG00000198026.8	682	937	840	1062	636	931
ENSG00000198028.4	0	0	1	0	0	0
ENSG00000198033.12	0	0	0	0	0	0
ENSG00000198034.11	4095	4056	4036	2458	2697	2993
ENSG00000198039.12	42	50	44	71	45	42
ENSG00000198040.11	699	850	800	821	709	811
ENSG00000198042.11	1662	1885	1684	1302	1315	1629
ENSG00000198046.13	0	0	0	0	0	0
ENSG00000198049.7	0	0	0	0	0	0
ENSG00000198053.12	6	4	5	5	6	2
ENSG00000198055.11	1685	1983	1834	1630	1264	1515
ENSG00000198056.15	875	871	918	756	758	998
ENSG00000198060.10	615	631	641	434	424	597
ENSG00000198062.16	1	0	0	1	0	0
ENSG00000198064.15	0	0	0	0	0	0
ENSG00000198074.10	0	0	5	1	1	5
ENSG00000198075.10	0	0	0	0	0	0
ENSG00000198077.11	0	0	0	0	0	0
ENSG00000198081.11	331	419	337	332	283	362
ENSG00000198083.9	0	0	0	0	0	0
ENSG00000198087.7	1160	1333	1142	1208	1087	1426
ENSG00000198088.10	50	74	78	72	52	79
ENSG00000198089.16	645	825	764	873	705	838
ENSG00000198090.4	0	0	0	0	0	0
ENSG00000198092.6	1	0	1	0	0	0
ENSG00000198093.11	0	0	0	1	0	0
ENSG00000198099.10	0	0	0	0	0	0
ENSG00000198104.4	0	0	0	0	0	0
ENSG00000198105.16	243	248	254	297	195	313
ENSG00000198108.4	165	199	194	175	166	223
ENSG00000198113.3	6	14	13	8	5	17
ENSG00000198121.15	0	0	0	0	0	0
ENSG00000198125.13	52	52	53	25	28	36
ENSG00000198128.4	0	0	0	0	0	0
ENSG00000198129.3	0	0	0	0	0	0
ENSG00000198130.16	428	477	455	398	374	467
ENSG00000198131.15	501	558	531	616	470	574
ENSG00000198133.9	9	16	19	8	14	11
ENSG00000198142.5	30	60	33	38	31	41
ENSG00000198146.4	503	528	522	427	419	568
ENSG00000198156.11	1	2	2	3	0	0
ENSG00000198157.11	238	288	197	172	150	237
ENSG00000198160.15	1241	1378	1239	1221	1018	1289
ENSG00000198162.12	1871	2236	2103	2021	1643	2041
ENSG00000198168.9	327	408	421	170	165	174
ENSG00000198169.9	21	20	18	37	21	29
ENSG00000198171.13	1083	1054	1055	801	707	932
ENSG00000198173.5	1	0	0	0	0	0
ENSG00000198176.13	874	1294	1076	899	676	915
ENSG00000198178.11	0	0	0	0	0	0
ENSG00000198182.13	158	143	131	136	127	158
ENSG00000198183.12	0	0	0	0	0	0
ENSG00000198185.12	0	0	0	0	0	0
ENSG00000198189.11	60	60	72	55	57	66
ENSG00000198198.17	647	872	852	1036	783	1145
ENSG00000198203.10	0	0	0	0	0	0
ENSG00000198205.7	13	23	19	17	9	12
ENSG00000198208.12	204	259	243	281	199	295
ENSG00000198211.8	0	0	0	0	0	0
ENSG00000198216.14	2	4	7	11	0	5
ENSG00000198218.12	1	1	2	1	3	1
ENSG00000198223.18	0	0	0	0	0	0
ENSG00000198223.18_PAR_Y	0	0	0	0	0	0
ENSG00000198225.5	1	0	0	1	0	1
ENSG00000198231.14	8801	9935	9550	10713	8348	10686
ENSG00000198242.14	890	781	1020	771	717	788
ENSG00000198246.10	55	114	85	72	52	71
ENSG00000198252.12	978	1106	1132	913	850	1082
ENSG00000198258.11	252	284	352	92	110	133
ENSG00000198265.12	2554	2971	2991	2790	2462	3239
ENSG00000198270.13	64	58	62	51	27	69
ENSG00000198271.5	0	0	0	0	0	0
ENSG00000198276.16	372	578	567	544	352	449
ENSG00000198283.3	0	0	0	0	0	0
ENSG00000198286.11	0	0	3	0	0	0
ENSG00000198298.13	347	307	281	286	240	342
ENSG00000198300.14	0	3	0	0	0	0
ENSG00000198301.12	1269	1389	1248	1031	943	1209
ENSG00000198315.11	356	473	445	529	453	586
ENSG00000198324.14	12	8	15	13	20	15
ENSG00000198326.10	0	0	0	0	0	0
ENSG00000198331.11	310	430	370	282	281	354
ENSG00000198336.9	0	0	3	1	0	0
ENSG00000198342.10	71	97	63	72	44	62
ENSG00000198346.11	2	0	0	0	0	1
ENSG00000198353.8	0	0	0	0	0	0
ENSG00000198354.7	1	9	12	3	1	7
ENSG00000198355.5	439	504	575	423	360	429
ENSG00000198356.12	1774	2187	2152	1225	1149	1511
ENSG00000198363.18	1752	1630	1773	1299	1268	1593
ENSG00000198369.10	278	323	281	249	184	214
ENSG00000198373.13	888	1100	1055	834	710	997
ENSG00000198380.13	3175	3251	3303	2552	2576	3331
ENSG00000198382.9	609	730	718	615	525	739
ENSG00000198390.5	0	0	0	0	0	0
ENSG00000198393.8	128	198	224	215	168	204
ENSG00000198398.3	0	0	0	0	0	0
ENSG00000198399.16	2906	3315	2914	3016	2445	3338
ENSG00000198400.13	0	0	0	0	2	1
ENSG00000198408.14	3298	3631	3719	5154	3903	4994
ENSG00000198417.7	19	18	22	6	8	10
ENSG00000198420.10	424	406	472	281	302	353
ENSG00000198429.10	0	0	1	0	0	0
ENSG00000198431.18	4217	4407	4319	3361	3240	4189
ENSG00000198435.4	15	45	27	23	16	22
ENSG00000198440.9	1	1	0	0	0	0
ENSG00000198443.8	0	0	0	0	0	0
ENSG00000198445.4	0	0	0	0	0	0
ENSG00000198452.8	0	0	0	0	0	0
ENSG00000198453.15	3	6	4	3	2	3
ENSG00000198455.5	12	28	18	12	19	19
ENSG00000198457.13	0	0	0	0	0	0
ENSG00000198464.14	988	1189	994	762	667	856
ENSG00000198466.12	217	225	205	330	296	339
ENSG00000198467.16	91	105	81	143	108	142
ENSG00000198471.1	0	0	0	0	0	0
ENSG00000198478.8	74	59	79	49	53	61
ENSG00000198482.14	354	304	347	277	204	286
ENSG00000198483.13	15	6	18	21	7	16
ENSG00000198488.10	0	0	0	0	0	0
ENSG00000198492.16	716	660	690	539	525	701
ENSG00000198498.10	277	261	304	229	211	266
ENSG00000198502.6	27	27	46	27	25	33
ENSG00000198513.14	49	63	70	37	46	65
ENSG00000198515.16	3	1	5	2	0	2
ENSG00000198517.10	505	535	568	412	375	437
ENSG00000198520.12	6	7	2	2	3	3
ENSG00000198521.12	5	2	4	3	1	6
ENSG00000198522.14	572	748	765	500	491	684
ENSG00000198523.6	0	0	0	0	0	0
ENSG00000198535.5	0	1	1	2	0	4
ENSG00000198538.11	59	61	52	53	43	36
ENSG00000198542.15	0	0	2	0	1	0
ENSG00000198546.15	24	47	42	24	27	40
ENSG00000198547.10	0	0	0	0	0	0
ENSG00000198551.10	201	180	189	158	153	204
ENSG00000198553.9	37	16	15	11	8	18
ENSG00000198554.12	4291	4256	4079	3956	3578	4497
ENSG00000198556.14	175	191	218	332	231	302
ENSG00000198561.16	2744	3281	3287	2651	2219	3119
ENSG00000198563.14	517	496	600	905	607	817
ENSG00000198569.10	2	3	3	4	1	4
ENSG00000198570.7	0	0	0	0	0	0
ENSG00000198573.7	0	0	0	0	0	0
ENSG00000198574.6	0	0	0	0	0	0
ENSG00000198576.4	18	19	26	23	17	24
ENSG00000198585.12	61	61	112	76	66	73
ENSG00000198586.14	2064	2438	2164	2204	1842	2502
ENSG00000198589.15	3769	4278	4031	3863	3362	4659
ENSG00000198597.10	7	2	13	4	4	3
ENSG00000198598.7	82	136	104	138	102	148
ENSG00000198601.4	0	0	0	0	0	0
ENSG00000198604.11	7548	8553	7576	7026	6553	8688
ENSG00000198610.11	0	0	1	0	0	0
ENSG00000198612.11	99	160	151	82	76	87
ENSG00000198624.13	24	38	32	26	14	20
ENSG00000198625.14	3877	4060	4012	6268	4623	6609
ENSG00000198626.18	2	1	0	1	0	1
ENSG00000198633.11	0	0	0	0	0	0
ENSG00000198642.7	415	470	439	372	353	569
ENSG00000198643.7	0	0	0	0	0	0
ENSG00000198646.14	972	1323	1193	1068	794	1065
ENSG00000198648.12	1094	1301	1193	869	801	1050
ENSG00000198650.11	1	1	0	0	0	1
ENSG00000198663.17	239	324	311	311	230	314
ENSG00000198668.14	6634	7092	7121	4730	5394	6541
ENSG00000198670.12	0	0	0	0	1	0
ENSG00000198673.11	0	0	0	0	0	0
ENSG00000198674.3	0	0	0	0	0	0
ENSG00000198677.13	1414	1523	1470	1508	1334	1756
ENSG00000198678.5	0	0	0	0	0	0
ENSG00000198680.6	4	4	2	2	2	0
ENSG00000198681.7	0	0	1	2	0	0
ENSG00000198682.13	2263	2468	2370	1420	1483	1786
ENSG00000198689.13	285	343	301	234	258	339
ENSG00000198690.10	54	49	65	142	74	125
ENSG00000198691.14	0	1	1	2	1	1
ENSG00000198692.10	0	0	0	0	1	0
ENSG00000198695.2	40457	37640	37522	21471	18706	26475
ENSG00000198700.10	1847	2188	2103	1709	1540	1959
ENSG00000198704.10	0	0	0	0	0	0
ENSG00000198707.17	1084	1219	1127	1540	1135	1578
ENSG00000198712.1	144	170	177	140	118	163
ENSG00000198715.13	20	13	23	15	20	23
ENSG00000198718.13	1322	1480	1361	1715	1332	1712
ENSG00000198719.9	42	68	48	43	43	61
ENSG00000198720.13	84	126	124	109	73	91
ENSG00000198721.13	585	670	591	463	460	594
ENSG00000198722.15	1412	1820	1721	1443	1154	1638
ENSG00000198723.11	1	0	1	1	1	1
ENSG00000198727.2	334	667	676	515	304	422
ENSG00000198728.11	449	512	526	523	373	533
ENSG00000198729.5	3	7	11	2	2	2
ENSG00000198730.9	1844	2295	1996	1680	1409	1966
ENSG00000198732.11	1	0	2	0	5	1
ENSG00000198734.12	0	0	0	0	4	1
ENSG00000198736.13	157	154	169	97	115	97
ENSG00000198739.11	1	3	2	2	1	0
ENSG00000198740.9	2761	3397	3099	2691	2119	2831
ENSG00000198742.10	1121	1374	1260	1038	875	974
ENSG00000198743.7	908	939	956	752	766	935
ENSG00000198746.13	345	449	387	337	249	327
ENSG00000198752.11	8207	10312	9495	10432	7589	10154
ENSG00000198753.12	170	271	235	286	201	304
ENSG00000198754.5	24	24	25	32	13	20
ENSG00000198755.11	1423	975	1357	986	864	934
ENSG00000198756.12	14	15	21	10	14	13
ENSG00000198758.11	0	0	0	0	0	0
ENSG00000198759.12	0	0	0	0	0	0
ENSG00000198763.3	108	342	302	186	130	227
ENSG00000198765.12	0	0	0	0	0	0
ENSG00000198768.11	0	1	0	0	0	0
ENSG00000198771.11	0	1	1	0	1	0
ENSG00000198774.5	0	0	0	0	0	0
ENSG00000198780.13	164	210	183	182	168	213
ENSG00000198783.6	512	539	513	433	380	466
ENSG00000198785.7	0	0	0	0	0	0
ENSG00000198786.2	635	1161	1211	468	358	484
ENSG00000198788.9	0	0	4	2	0	0
ENSG00000198791.12	449	514	469	302	278	302
ENSG00000198792.13	127	178	185	179	140	152
ENSG00000198793.14	2517	3207	2932	2936	2280	3182
ENSG00000198794.12	47	97	104	66	55	82
ENSG00000198795.11	0	2	0	0	0	0
ENSG00000198796.7	1	0	0	0	0	0
ENSG00000198797.7	88	108	112	85	44	79
ENSG00000198798.6	0	0	0	0	0	0
ENSG00000198799.12	387	432	380	627	580	729
ENSG00000198804.2	2738	6470	5602	2824	2230	3023
ENSG00000198805.13	1383	1552	1596	907	989	1097
ENSG00000198807.13	69	69	81	81	71	68
ENSG00000198812.5	0	0	0	0	0	0
ENSG00000198814.14	47	49	51	41	43	62
ENSG00000198815.9	174	232	227	249	187	298
ENSG00000198816.7	34	81	71	54	36	36
ENSG00000198818.10	75	77	92	40	63	75
ENSG00000198821.12	0	0	0	0	0	0
ENSG00000198822.11	0	0	0	0	0	0
ENSG00000198824.8	444	477	446	403	404	504
ENSG00000198825.15	974	973	959	1127	950	1314
ENSG00000198826.11	257	248	264	202	195	217
ENSG00000198829.6	0	0	0	0	0	0
ENSG00000198830.11	5659	5544	5101	2484	2794	3931
ENSG00000198832.11	4	3	10	2	8	5
ENSG00000198833.7	163	190	177	131	132	182
ENSG00000198835.4	2	2	0	4	1	0
ENSG00000198836.11	8227	9803	9248	7985	7036	8992
ENSG00000198837.10	1045	1648	1393	1471	1028	1398
ENSG00000198838.14	0	3	0	1	0	0
ENSG00000198839.10	575	542	589	508	486	616
ENSG00000198840.2	27	32	44	32	32	36
ENSG00000198841.4	35	39	44	26	37	28
ENSG00000198842.10	0	0	0	1	0	0
ENSG00000198843.14	293	271	270	125	181	256
ENSG00000198844.12	1	1	0	0	0	0
ENSG00000198846.6	0	0	0	0	0	0
ENSG00000198848.13	0	0	0	0	0	0
ENSG00000198851.10	0	0	0	0	0	0
ENSG00000198853.12	98	177	148	123	119	124
ENSG00000198854.5	0	0	0	0	0	0
ENSG00000198855.7	102	155	148	105	92	104
ENSG00000198856.13	70	68	75	35	44	36
ENSG00000198858.10	109	165	151	131	102	164
ENSG00000198860.14	334	352	325	229	242	327
ENSG00000198862.14	1531	1759	1638	1960	1709	2257
ENSG00000198863.8	509	615	606	622	429	575
ENSG00000198865.10	0	0	0	0	0	0
ENSG00000198870.8	9	6	9	11	3	3
ENSG00000198873.12	49	64	60	45	42	37
ENSG00000198874.14	667	653	617	632	474	602
ENSG00000198876.13	252	347	377	173	211	270
ENSG00000198879.13	309	405	358	359	287	409
ENSG00000198881.10	0	0	0	0	0	0
ENSG00000198883.12	0	0	0	0	1	0
ENSG00000198885.10	2	1	1	1	1	1
ENSG00000198886.2	95	133	129	178	109	139
ENSG00000198887.9	1267	1335	1189	1357	996	1467
ENSG00000198888.2	111	271	256	226	183	206
ENSG00000198889.5	0	0	0	0	0	0
ENSG00000198890.9	1717	2354	2142	1529	1344	1795
ENSG00000198892.7	3	0	0	0	1	1
ENSG00000198894.8	158	208	188	141	141	168
ENSG00000198898.15	1748	1695	1699	1095	1221	1702
ENSG00000198899.2	69	115	105	110	48	95
ENSG00000198900.7	9455	10957	9939	8416	7635	10829
ENSG00000198901.14	8300	9008	8696	7354	6594	8909
ENSG00000198908.12	0	0	0	0	0	0
ENSG00000198909.8	863	1116	1040	1183	798	1016
ENSG00000198910.14	2581	3323	3248	2488	2162	2748
ENSG00000198911.12	1200	1670	1543	1365	1031	1421
ENSG00000198912.12	55	76	88	66	54	58
ENSG00000198914.5	0	2	0	0	0	0
ENSG00000198915.12	0	0	2	0	1	0
ENSG00000198917.13	1862	1936	1811	1354	1354	1741
ENSG00000198918.8	0	0	0	0	0	0
ENSG00000198919.13	938	991	983	1067	839	1016
ENSG00000198920.11	345	428	448	431	324	399
ENSG00000198924.8	461	520	495	516	446	551
ENSG00000198925.12	151	215	184	142	123	157
ENSG00000198929.13	432	424	478	436	364	433
ENSG00000198930.13	0	0	0	0	0	0
ENSG00000198931.11	2078	2358	2393	1214	1385	1585
ENSG00000198932.13	74	94	108	164	111	175
ENSG00000198933.10	700	914	777	845	679	890
ENSG00000198934.5	110	101	98	73	61	98
ENSG00000198937.9	487	531	480	252	226	279
ENSG00000198938.2	71	85	105	110	76	98
ENSG00000198939.8	3	1	1	5	1	4
ENSG00000198944.6	8	8	17	2	4	11
ENSG00000198945.8	32	54	32	38	26	40
ENSG00000198947.18	1	0	1	0	0	1
ENSG00000198948.12	30	57	28	62	28	31
ENSG00000198951.12	24	53	78	39	49	64
ENSG00000198952.8	2160	2897	2657	2596	1805	2655
ENSG00000198954.9	1117	1143	1145	956	923	1165
ENSG00000198959.12	18	27	38	39	28	26
ENSG00000198960.11	205	206	228	152	166	198
ENSG00000198961.10	1676	1794	1681	1289	1324	1827
ENSG00000198963.11	0	0	0	0	0	0
ENSG00000198964.14	57	51	53	55	35	45
ENSG00000198965.5	0	0	0	0	0	0
ENSG00000198967.5	0	0	0	0	0	0
ENSG00000203326.12	0	0	1	0	0	0
ENSG00000203485.14	3341	4442	4217	3767	2723	3924
ENSG00000203499.12	0	1	4	1	2	3
ENSG00000203546.7	1	0	0	0	0	0
ENSG00000203618.6	0	0	0	0	0	2
ENSG00000203623.4	0	0	0	0	0	0
ENSG00000203624.10	0	0	0	0	0	0
ENSG00000203661.4	0	0	0	0	0	0
ENSG00000203663.4	0	0	0	0	0	0
ENSG00000203666.13	229	211	259	222	197	298
ENSG00000203667.10	1999	1605	1757	1392	1352	1700
ENSG00000203668.3	566	631	593	623	521	658
ENSG00000203685.11	0	0	2	0	0	2
ENSG00000203697.12	27	26	24	78	50	55
ENSG00000203705.11	160	162	149	160	144	186
ENSG00000203710.12	0	0	0	0	0	0
ENSG00000203722.8	2	1	2	1	0	1
ENSG00000203724.11	38	19	48	9	7	14
ENSG00000203727.4	0	0	0	0	0	0
ENSG00000203730.3	0	0	0	0	0	0
ENSG00000203733.6	0	0	0	0	0	0
ENSG00000203734.13	1	0	0	0	1	0
ENSG00000203737.5	0	2	5	1	3	0
ENSG00000203740.4	0	0	0	0	0	0
ENSG00000203747.13	0	0	0	0	0	0
ENSG00000203756.8	0	0	0	0	0	0
ENSG00000203757.2	0	0	0	0	0	0
ENSG00000203760.9	187	198	215	152	102	165
ENSG00000203772.8	3	0	0	0	1	1
ENSG00000203778.8	0	3	3	1	2	2
ENSG00000203780.12	7	20	23	32	27	23
ENSG00000203782.6	0	1	1	0	0	0
ENSG00000203783.5	0	0	0	0	0	0
ENSG00000203784.3	0	0	0	0	0	0
ENSG00000203785.9	0	0	0	0	0	0
ENSG00000203786.7	0	0	0	0	0	0
ENSG00000203791.15	81	96	109	113	106	136
ENSG00000203795.3	0	0	0	0	0	0
ENSG00000203797.12	0	0	0	0	1	0
ENSG00000203805.11	0	0	0	0	0	0
ENSG00000203811.2	0	0	0	0	0	0
ENSG00000203814.7	2452	2998	3004	1719	1612	1867
ENSG00000203837.5	0	0	0	0	0	0
ENSG00000203852.4	0	0	0	0	0	0
ENSG00000203857.10	0	0	0	0	0	0
ENSG00000203859.10	0	0	0	0	0	0
ENSG00000203867.8	16	21	20	20	17	22
ENSG00000203870.6	0	0	0	0	0	0
ENSG00000203872.7	15	12	17	14	11	21
ENSG00000203877.9	0	0	0	0	0	0
ENSG00000203879.12	1299	1582	1703	1574	1263	1766
ENSG00000203880.13	59	74	69	77	65	57
ENSG00000203883.7	21	33	30	18	15	41
ENSG00000203896.10	21	36	43	54	39	45
ENSG00000203907.10	2	0	1	0	0	1
ENSG00000203908.4	0	0	0	0	0	0
ENSG00000203909.4	0	0	0	0	0	0
ENSG00000203910.9	0	0	0	0	0	0
ENSG00000203923.5	0	0	0	0	0	0
ENSG00000203926.5	0	0	0	0	0	0
ENSG00000203933.3	0	0	0	0	0	0
ENSG00000203942.5	0	0	0	1	1	1
ENSG00000203943.9	2	1	0	0	0	2
ENSG00000203950.7	80	83	91	68	57	67
ENSG00000203952.10	0	2	0	0	0	5
ENSG00000203963.12	0	0	0	0	0	0
ENSG00000203965.13	39	43	43	50	30	46
ENSG00000203970.4	0	0	0	0	0	0
ENSG00000203972.10	0	0	0	0	0	0
ENSG00000203985.11	0	0	0	0	0	0
ENSG00000203989.5	0	0	0	0	0	0
ENSG00000203995.10	149	169	185	230	207	209
ENSG00000204001.10	0	0	0	0	0	0
ENSG00000204003.8	0	0	0	0	0	0
ENSG00000204006.11	0	0	0	0	0	0
ENSG00000204007.8	0	0	0	0	0	0
ENSG00000204010.3	0	0	0	0	0	0
ENSG00000204019.5	50	38	42	38	39	44
ENSG00000204020.6	0	0	0	0	0	0
ENSG00000204021.5	0	0	0	0	0	0
ENSG00000204022.9	0	0	0	0	0	0
ENSG00000204025.8	0	0	0	0	0	0
ENSG00000204033.10	0	0	0	0	0	0
ENSG00000204052.5	13	8	16	7	17	11
ENSG00000204060.8	31	48	61	46	20	42
ENSG00000204065.3	0	0	0	0	0	0
ENSG00000204070.10	74	82	51	51	60	48
ENSG00000204071.11	1	0	0	0	0	1
ENSG00000204084.13	253	335	350	478	362	452
ENSG00000204086.4	4	2	12	5	6	7
ENSG00000204099.12	0	0	0	0	0	0
ENSG00000204103.4	5	2	6	3	2	8
ENSG00000204104.12	539	641	569	541	429	505
ENSG00000204116.12	82	69	69	67	62	72
ENSG00000204120.16	4089	4542	4013	3406	2841	3944
ENSG00000204128.6	1	16	18	11	13	10
ENSG00000204130.14	802	935	933	932	742	990
ENSG00000204131.10	3	11	8	10	5	16
ENSG00000204136.12	0	0	0	0	0	0
ENSG00000204138.13	588	798	766	714	570	706
ENSG00000204140.10	0	0	0	0	0	0
ENSG00000204147.11	1	0	0	0	0	0
ENSG00000204149.16	73	78	99	199	124	156
ENSG00000204152.14	0	0	0	0	0	0
ENSG00000204160.12	102	118	112	123	86	91
ENSG00000204161.14	0	0	2	1	1	0
ENSG00000204165.6	0	0	0	0	0	0
ENSG00000204172.12	129	191	149	271	156	307
ENSG00000204174.8	0	0	0	0	0	0
ENSG00000204175.6	0	0	0	0	0	2
ENSG00000204176.14	0	0	0	0	0	0
ENSG00000204178.11	372	426	399	344	270	398
ENSG00000204179.11	0	0	0	0	0	0
ENSG00000204186.10	203	221	208	285	223	318
ENSG00000204193.11	0	0	0	0	0	0
ENSG00000204195.4	0	0	0	0	0	0
ENSG00000204197.9	0	0	0	0	0	0
ENSG00000204209.13	430	531	449	380	318	400
ENSG00000204217.16	672	890	956	727	548	746
ENSG00000204219.11	172	184	179	149	151	150
ENSG00000204220.12	68	48	76	29	38	27
ENSG00000204221.11	0	0	0	0	0	0
ENSG00000204227.5	52	72	67	28	34	33
ENSG00000204228.4	9	28	14	13	4	18
ENSG00000204231.11	46	27	45	60	51	44
ENSG00000204237.5	52	79	101	61	43	75
ENSG00000204246.4	0	0	0	0	0	0
ENSG00000204248.12	3	10	12	16	8	10
ENSG00000204252.14	0	0	0	0	0	0
ENSG00000204256.14	579	710	599	636	498	660
ENSG00000204257.15	0	0	0	0	0	0
ENSG00000204262.14	35	25	32	41	29	60
ENSG00000204264.12	2	3	7	0	4	4
ENSG00000204267.19	5	6	0	5	3	4
ENSG00000204271.13	151	150	119	170	122	207
ENSG00000204272.13	6	4	18	3	7	7
ENSG00000204278.14	0	0	0	0	0	0
ENSG00000204279.8	0	0	0	0	0	0
ENSG00000204287.14	0	0	0	0	0	0
ENSG00000204290.11	0	0	0	0	0	0
ENSG00000204291.11	0	0	0	0	0	0
ENSG00000204296.13	0	0	0	0	0	0
ENSG00000204300.7	0	0	0	0	0	0
ENSG00000204301.6	0	0	0	0	0	0
ENSG00000204304.12	75	61	59	65	48	62
ENSG00000204305.16	10	12	7	20	16	26
ENSG00000204308.8	69	73	64	23	22	22
ENSG00000204310.13	55	54	71	58	23	43
ENSG00000204311.15	23	40	26	36	20	34
ENSG00000204314.12	0	0	0	0	0	0
ENSG00000204315.4	0	0	0	0	0	0
ENSG00000204316.13	409	448	481	306	243	373
ENSG00000204323.5	2	3	3	1	3	4
ENSG00000204334.8	66	66	79	43	40	64
ENSG00000204335.4	2	0	0	1	1	0
ENSG00000204344.16	31	34	33	47	48	44
ENSG00000204345.1	0	1	0	0	0	0
ENSG00000204347.4	0	0	1	0	0	0
ENSG00000204348.10	2	6	5	5	3	4
ENSG00000204351.13	214	228	235	318	238	313
ENSG00000204356.14	42	41	61	43	38	28
ENSG00000204359.9	0	0	0	0	0	0
ENSG00000204361.10	0	0	0	0	0	0
ENSG00000204363.5	0	0	0	0	0	0
ENSG00000204364.10	0	0	0	0	0	0
ENSG00000204366.4	0	0	0	0	0	0
ENSG00000204370.13	9	1	13	4	6	3
ENSG00000204371.12	762	823	836	798	587	742
ENSG00000204379.11	0	0	0	0	0	0
ENSG00000204381.12	0	0	0	0	0	0
ENSG00000204382.12	0	0	0	0	0	0
ENSG00000204385.13	0	0	0	0	0	0
ENSG00000204386.12	36	55	47	34	29	41
ENSG00000204388.7	0	0	0	0	0	0
ENSG00000204389.10	5	2	2	0	5	0
ENSG00000204390.10	0	0	0	0	0	0
ENSG00000204392.11	10	5	12	3	7	7
ENSG00000204394.13	980	1101	1069	878	724	1042
ENSG00000204396.11	2	2	0	2	1	1
ENSG00000204397.10	0	0	0	0	0	0
ENSG00000204403.11	0	0	0	0	0	0
ENSG00000204406.14	303	380	340	269	190	327
ENSG00000204410.16	0	0	0	2	0	0
ENSG00000204414.14	0	0	0	0	0	0
ENSG00000204420.10	0	0	0	0	0	0
ENSG00000204421.3	0	0	0	0	0	0
ENSG00000204424.10	0	0	0	0	0	0
ENSG00000204427.12	214	229	248	193	141	193
ENSG00000204428.12	9	4	0	2	3	1
ENSG00000204435.15	2	3	8	1	4	2
ENSG00000204438.11	5	9	4	0	1	4
ENSG00000204439.4	0	0	0	0	0	0
ENSG00000204442.4	0	1	0	2	0	0
ENSG00000204444.11	0	2	0	1	0	0
ENSG00000204449.3	0	0	0	0	0	0
ENSG00000204450.9	0	0	0	0	0	0
ENSG00000204463.14	588	619	625	518	483	624
ENSG00000204469.13	1155	1280	1210	1018	737	956
ENSG00000204472.13	0	0	0	0	0	0
ENSG00000204475.10	0	1	0	0	0	0
ENSG00000204478.11	0	0	0	0	0	0
ENSG00000204479.4	0	0	0	0	0	0
ENSG00000204480.9	0	0	0	0	0	0
ENSG00000204481.8	0	0	0	0	0	0
ENSG00000204482.11	0	0	0	0	0	0
ENSG00000204487.8	0	0	0	0	0	0
ENSG00000204490.3	0	0	0	0	0	0
ENSG00000204498.11	14	15	18	14	19	30
ENSG00000204501.7	0	0	0	0	0	0
ENSG00000204505.5	0	0	0	0	0	0
ENSG00000204510.6	0	0	0	0	0	0
ENSG00000204511.3	0	0	0	0	0	0
ENSG00000204514.11	42	43	42	53	50	77
ENSG00000204516.10	8	11	10	2	4	12
ENSG00000204518.3	0	0	0	0	0	0
ENSG00000204519.11	211	252	260	234	168	223
ENSG00000204520.14	12	16	11	18	14	23
ENSG00000204524.7	52	68	79	52	49	69
ENSG00000204525.18	481	552	531	336	320	377
ENSG00000204531.21	0	0	0	3	0	0
ENSG00000204532.9	0	0	0	0	0	0
ENSG00000204536.15	85	63	87	113	70	89
ENSG00000204538.4	0	0	0	0	0	0
ENSG00000204539.4	1	0	0	0	0	0
ENSG00000204540.11	0	0	0	0	0	0
ENSG00000204542.3	0	0	0	0	0	0
ENSG00000204544.5	0	0	0	0	0	0
ENSG00000204548.4	0	0	0	0	0	0
ENSG00000204560.10	428	518	501	517	432	606
ENSG00000204564.12	11	13	9	9	4	9
ENSG00000204568.12	126	117	141	86	105	112
ENSG00000204569.10	485	606	616	539	384	498
ENSG00000204571.7	0	0	0	0	0	0
ENSG00000204572.10	0	0	0	0	0	0
ENSG00000204574.14	2423	2498	2533	1875	1735	2410
ENSG00000204576.12	15	9	6	6	5	2
ENSG00000204577.12	0	0	0	0	0	0
ENSG00000204580.14	753	725	841	748	645	787
ENSG00000204583.10	0	0	0	0	0	0
ENSG00000204590.13	285	263	283	217	211	242
ENSG00000204592.9	352	374	354	337	313	346
ENSG00000204595.2	0	0	0	0	0	0
ENSG00000204599.16	0	0	0	0	0	0
ENSG00000204604.13	90	95	88	104	81	85
ENSG00000204610.14	0	0	0	0	0	0
ENSG00000204611.7	154	183	182	168	151	231
ENSG00000204612.1	0	0	0	0	0	0
ENSG00000204613.11	0	0	0	0	0	0
ENSG00000204614.9	0	0	0	0	0	0
ENSG00000204616.11	0	0	0	0	0	2
ENSG00000204618.10	0	1	6	1	2	3
ENSG00000204619.8	2	4	3	5	2	4
ENSG00000204624.8	16	33	22	27	13	27
ENSG00000204628.12	4728	5804	5988	3810	3842	4228
ENSG00000204632.13	0	0	0	0	0	0
ENSG00000204634.13	443	547	565	610	403	619
ENSG00000204640.1	0	0	0	0	0	0
ENSG00000204642.14	27	32	30	21	15	19
ENSG00000204644.10	0	0	0	0	0	0
ENSG00000204653.10	0	0	0	0	0	0
ENSG00000204655.12	0	0	0	0	0	0
ENSG00000204657.4	0	0	0	0	0	0
ENSG00000204659.5	0	2	0	1	1	0
ENSG00000204669.11	0	0	0	0	0	0
ENSG00000204671.2	0	0	0	0	0	0
ENSG00000204673.11	708	762	823	524	483	748
ENSG00000204681.11	135	152	158	325	210	277
ENSG00000204687.4	0	0	0	0	0	0
ENSG00000204688.10	0	0	0	0	0	0
ENSG00000204689.7	0	0	0	0	0	0
ENSG00000204690.6	0	0	0	0	0	0
ENSG00000204692.9	0	0	0	0	0	0
ENSG00000204694.13	0	0	0	0	0	0
ENSG00000204695.4	0	0	0	0	0	0
ENSG00000204700.5	0	0	0	0	0	0
ENSG00000204701.3	0	0	0	0	0	0
ENSG00000204702.6	0	0	0	0	0	0
ENSG00000204703.5	0	0	0	0	0	0
ENSG00000204704.3	0	0	0	0	0	0
ENSG00000204710.3	1	1	6	1	1	1
ENSG00000204711.9	0	0	0	0	0	0
ENSG00000204713.11	332	287	309	606	373	536
ENSG00000204740.11	560	607	621	572	408	602
ENSG00000204764.14	480	585	534	659	591	844
ENSG00000204767.4	0	0	0	0	0	0
ENSG00000204779.2	0	0	0	0	0	0
ENSG00000204815.10	60	49	40	45	32	61
ENSG00000204822.7	207	216	189	92	115	133
ENSG00000204839.9	15	51	24	39	24	23
ENSG00000204842.18	1523	2057	1780	2313	1928	2597
ENSG00000204843.13	5258	6177	5439	4093	3791	5128
ENSG00000204849.10	0	0	0	0	0	0
ENSG00000204851.7	0	0	0	0	0	2
ENSG00000204852.17	35	38	30	43	27	33
ENSG00000204856.12	51	80	89	114	92	102
ENSG00000204859.13	269	240	243	339	253	315
ENSG00000204866.9	0	0	0	0	0	0
ENSG00000204869.9	0	0	0	0	0	0
ENSG00000204872.4	0	0	0	0	0	0
ENSG00000204873.5	0	0	0	0	0	0
ENSG00000204880.9	0	0	0	0	0	0
ENSG00000204882.4	0	0	0	0	0	0
ENSG00000204887.5	0	0	0	0	0	0
ENSG00000204889.11	0	0	0	0	0	0
ENSG00000204897.7	0	0	0	0	0	0
ENSG00000204899.6	128	129	140	68	88	64
ENSG00000204909.8	0	0	0	0	0	0
ENSG00000204913.7	0	0	0	0	0	0
ENSG00000204918.3	0	0	0	0	0	0
ENSG00000204919.1	0	0	0	0	0	0
ENSG00000204920.11	15	29	28	18	27	18
ENSG00000204922.5	1802	1594	1657	746	857	841
ENSG00000204923.4	1	4	6	4	15	9
ENSG00000204928.3	0	0	0	0	0	1
ENSG00000204930.10	0	0	0	0	0	0
ENSG00000204936.10	0	0	0	0	0	0
ENSG00000204941.14	2	2	2	1	1	0
ENSG00000204946.10	219	227	260	329	239	270
ENSG00000204947.9	243	262	302	211	187	221
ENSG00000204950.4	0	1	0	3	1	6
ENSG00000204952.3	0	0	0	0	1	0
ENSG00000204954.10	71	97	86	97	69	92
ENSG00000204956.6	16	34	24	27	16	26
ENSG00000204961.7	2	0	0	0	0	0
ENSG00000204962.6	1	5	2	3	10	3
ENSG00000204963.6	21	28	19	13	15	31
ENSG00000204965.9	0	0	0	0	1	0
ENSG00000204967.12	0	0	0	0	0	0
ENSG00000204969.7	0	0	1	0	0	0
ENSG00000204970.10	0	0	0	0	0	1
ENSG00000204977.10	17	23	32	15	14	39
ENSG00000204978.3	1	0	0	1	0	0
ENSG00000204979.8	0	0	0	0	0	0
ENSG00000204983.15	0	0	0	0	0	0
ENSG00000204991.11	764	871	865	1083	736	882
ENSG00000205002.4	7	21	14	4	21	23
ENSG00000205022.9	7	11	6	1	1	2
ENSG00000205029.1	0	0	0	0	0	0
ENSG00000205030.1	0	0	0	0	0	0
ENSG00000205038.12	1	0	0	0	0	1
ENSG00000205045.12	0	0	0	0	0	0
ENSG00000205060.11	120	118	139	119	91	165
ENSG00000205076.5	0	0	0	0	0	0
ENSG00000205078.6	18	19	23	7	7	14
ENSG00000205084.12	16	22	23	13	14	25
ENSG00000205085.13	2	7	2	8	2	4
ENSG00000205089.8	0	2	7	2	2	1
ENSG00000205090.9	2	3	3	1	3	0
ENSG00000205097.7	0	0	0	0	0	0
ENSG00000205108.6	0	0	0	0	0	0
ENSG00000205111.10	1	3	2	7	2	9
ENSG00000205116.4	0	0	0	0	0	0
ENSG00000205126.2	0	0	0	0	0	0
ENSG00000205129.9	0	1	0	0	0	1
ENSG00000205133.12	14	7	6	10	2	4
ENSG00000205138.4	5	1	2	0	4	0
ENSG00000205143.5	3	0	4	0	2	6
ENSG00000205155.8	5	14	7	3	6	5
ENSG00000205177.7	0	0	1	0	0	1
ENSG00000205186.4	0	0	0	0	0	0
ENSG00000205189.12	1859	1842	1887	1604	1522	2169
ENSG00000205208.5	64	68	87	37	31	45
ENSG00000205209.8	1	0	0	0	0	1
ENSG00000205213.14	106	100	146	149	112	157
ENSG00000205220.12	100	132	102	77	79	113
ENSG00000205221.13	0	2	0	0	0	0
ENSG00000205236.6	0	0	0	0	0	0
ENSG00000205238.12	0	0	0	0	0	0
ENSG00000205250.9	1141	1618	1418	1493	1029	1382
ENSG00000205268.11	407	427	393	537	405	626
ENSG00000205269.6	51	36	47	26	19	39
ENSG00000205274.4	0	0	3	0	1	1
ENSG00000205277.10	0	0	0	0	1	1
ENSG00000205279.9	0	0	0	0	0	0
ENSG00000205301.12	0	0	0	0	0	0
ENSG00000205302.7	1966	2212	2068	1586	1543	2046
ENSG00000205307.12	4	3	5	7	0	5
ENSG00000205309.14	9	15	13	17	10	16
ENSG00000205323.9	47	58	49	58	42	58
ENSG00000205327.3	0	0	0	0	0	0
ENSG00000205328.3	0	0	0	0	0	0
ENSG00000205329.3	0	0	0	0	0	0
ENSG00000205330.4	0	0	0	0	0	0
ENSG00000205336.14	492	582	654	430	360	515
ENSG00000205339.10	5201	5706	5314	4035	3639	4858
ENSG00000205352.11	678	860	798	804	725	890
ENSG00000205356.10	235	280	287	352	253	309
ENSG00000205358.4	0	0	0	0	0	0
ENSG00000205359.10	0	0	0	0	0	0
ENSG00000205362.11	0	0	0	0	0	0
ENSG00000205363.7	33	36	47	31	41	31
ENSG00000205364.4	0	0	0	0	0	0
ENSG00000205403.15	0	0	0	0	0	0
ENSG00000205409.3	0	0	0	0	0	0
ENSG00000205413.8	9	4	9	3	11	12
ENSG00000205420.11	0	1	1	0	1	0
ENSG00000205423.12	55	61	53	28	19	24
ENSG00000205426.11	148	138	144	107	95	83
ENSG00000205436.8	3	3	1	7	3	2
ENSG00000205439.10	0	0	0	0	0	0
ENSG00000205442.13	0	0	0	0	0	0
ENSG00000205445.3	0	0	0	0	0	0
ENSG00000205456.12	0	0	0	0	0	0
ENSG00000205457.12	0	0	0	0	0	0
ENSG00000205476.9	2095	2790	2651	1857	1451	2026
ENSG00000205482.11	0	0	1	0	1	2
ENSG00000205495.1	0	0	0	0	0	0
ENSG00000205496.1	0	0	0	0	0	0
ENSG00000205497.5	0	0	0	0	0	0
ENSG00000205502.4	0	0	0	0	0	0
ENSG00000205517.13	0	2	1	1	0	0
ENSG00000205531.14	1209	1243	1065	879	820	1025
ENSG00000205542.11	980	1131	1348	150	187	154
ENSG00000205544.4	1	4	12	2	4	5
ENSG00000205560.13	119	117	123	216	142	183
ENSG00000205571.14	8	3	4	6	3	3
ENSG00000205572.10	0	0	0	0	0	0
ENSG00000205581.11	3507	3891	3710	1971	1752	2160
ENSG00000205592.16	0	0	0	0	0	1
ENSG00000205593.12	12	20	27	30	20	25
ENSG00000205609.13	0	0	0	0	0	0
ENSG00000205629.12	451	607	525	403	390	522
ENSG00000205639.12	1	3	8	0	4	0
ENSG00000205642.11	0	0	0	0	0	0
ENSG00000205643.11	9	19	7	8	8	6
ENSG00000205649.9	0	0	0	0	0	0
ENSG00000205659.12	82	164	125	116	81	144
ENSG00000205667.3	1	0	0	0	0	0
ENSG00000205669.4	7	2	5	8	3	6
ENSG00000205670.12	0	0	0	0	0	0
ENSG00000205678.8	0	0	0	0	0	0
ENSG00000205683.12	26	23	36	43	17	37
ENSG00000205693.4	0	0	0	0	0	0
ENSG00000205702.12	0	0	1	2	0	0
ENSG00000205704.7	2	8	10	2	1	3
ENSG00000205707.11	8	22	25	20	17	20
ENSG00000205710.4	1	5	1	3	0	3
ENSG00000205718.10	0	0	0	0	0	0
ENSG00000205726.15	552	680	671	717	591	705
ENSG00000205730.7	94	167	142	107	87	130
ENSG00000205744.10	0	0	0	0	0	0
ENSG00000205755.12	0	0	0	0	0	0
ENSG00000205755.12_PAR_Y	0	0	0	0	0	0
ENSG00000205758.12	470	408	425	538	435	606
ENSG00000205765.10	428	530	480	283	323	399
ENSG00000205777.19	0	0	0	0	0	0
ENSG00000205784.4	0	0	0	0	0	0
ENSG00000205795.5	0	0	0	0	0	0
ENSG00000205808.7	39	48	57	25	26	37
ENSG00000205809.11	0	0	0	0	0	0
ENSG00000205810.9	0	0	0	0	0	0
ENSG00000205832.8	1	0	0	0	0	0
ENSG00000205835.9	0	0	0	0	0	0
ENSG00000205838.15	10	14	17	20	18	17
ENSG00000205846.4	0	0	0	0	0	0
ENSG00000205856.4	0	0	0	0	0	0
ENSG00000205857.2	0	0	0	0	0	0
ENSG00000205858.10	0	0	0	0	0	0
ENSG00000205863.11	0	0	0	0	2	1
ENSG00000205864.1	0	0	0	0	0	0
ENSG00000205867.3	0	0	0	0	0	0
ENSG00000205869.2	0	0	0	0	0	0
ENSG00000205882.9	0	0	0	0	0	0
ENSG00000205883.3	0	0	0	0	0	0
ENSG00000205884.2	0	0	0	0	0	0
ENSG00000205899.4	0	1	0	0	0	0
ENSG00000205903.7	2020	2516	2385	2304	1659	2334
ENSG00000205916.12	0	0	0	0	0	0
ENSG00000205922.5	0	0	0	0	0	0
ENSG00000205923.3	0	0	0	2	2	1
ENSG00000205927.5	1	0	0	0	0	0
ENSG00000205929.11	0	0	0	0	0	0
ENSG00000205937.12	724	949	923	802	690	977
ENSG00000205944.12	0	0	0	0	0	0
ENSG00000205978.6	164	229	215	207	167	234
ENSG00000205981.9	17	16	21	11	8	20
ENSG00000206013.2	0	0	0	0	0	0
ENSG00000206026.7	0	0	0	0	0	0
ENSG00000206043.7	0	0	0	0	0	0
ENSG00000206047.3	0	0	0	0	0	0
ENSG00000206052.11	0	1	0	0	0	0
ENSG00000206053.13	1408	1781	1583	1144	989	1368
ENSG00000206069.7	0	0	0	0	0	0
ENSG00000206072.13	0	0	0	0	0	0
ENSG00000206073.11	0	0	0	0	0	0
ENSG00000206075.14	3	2	0	2	0	1
ENSG00000206077.14	0	1	2	4	4	3
ENSG00000206102.2	0	0	0	0	0	0
ENSG00000206104.2	0	0	0	0	0	0
ENSG00000206105.2	0	0	0	0	0	0
ENSG00000206106.2	0	0	0	0	0	0
ENSG00000206107.2	0	0	0	0	0	0
ENSG00000206113.11	4	4	2	2	2	1
ENSG00000206127.11	0	0	1	1	0	0
ENSG00000206140.12	0	0	0	1	2	4
ENSG00000206150.4	0	0	0	0	0	0
ENSG00000206172.8	0	0	0	0	0	0
ENSG00000206177.7	0	0	0	0	0	0
ENSG00000206181.7	0	0	0	0	0	0
ENSG00000206190.13	0	0	0	0	0	0
ENSG00000206199.11	0	0	0	0	0	0
ENSG00000206203.5	0	1	0	0	0	0
ENSG00000206206.11	0	0	0	0	0	0
ENSG00000206208.11	0	0	0	0	0	0
ENSG00000206235.8	0	0	0	0	0	0
ENSG00000206237.6	0	0	0	0	0	0
ENSG00000206240.11	0	0	0	0	0	0
ENSG00000206245.11	0	0	0	0	0	0
ENSG00000206256.14	0	0	0	0	0	0
ENSG00000206258.12	0	0	0	0	0	0
ENSG00000206260.4	1	0	0	0	0	0
ENSG00000206262.9	6	11	2	0	0	3
ENSG00000206268.11	0	0	0	0	0	0
ENSG00000206279.10	0	0	0	0	0	0
ENSG00000206280.7	0	0	0	0	0	0
ENSG00000206281.11	0	0	0	0	0	0
ENSG00000206282.11	0	0	0	0	0	0
ENSG00000206283.10	0	0	0	0	0	0
ENSG00000206284.8	0	0	0	0	0	0
ENSG00000206285.6	0	0	0	0	0	0
ENSG00000206286.11	0	0	0	0	0	0
ENSG00000206287.5	0	0	0	0	0	0
ENSG00000206288.13	0	0	0	0	0	0
ENSG00000206289.11	0	0	0	0	0	0
ENSG00000206290.10	0	0	0	0	0	0
ENSG00000206291.10	0	0	0	0	0	0
ENSG00000206292.13	0	0	0	0	0	0
ENSG00000206297.7	0	0	0	0	0	0
ENSG00000206298.8	0	0	0	0	0	0
ENSG00000206299.8	0	0	0	0	0	0
ENSG00000206301.9	0	0	0	0	0	0
ENSG00000206302.10	0	0	0	0	0	0
ENSG00000206305.12	0	0	0	0	0	0
ENSG00000206306.10	0	0	0	0	0	0
ENSG00000206308.11	0	0	0	0	0	0
ENSG00000206310.8	0	0	0	0	0	0
ENSG00000206312.7	0	0	0	0	0	0
ENSG00000206314.9	0	0	0	0	0	0
ENSG00000206315.9	0	0	0	0	0	0
ENSG00000206320.12	0	0	0	0	0	0
ENSG00000206324.11	0	0	0	0	0	0
ENSG00000206329.15	0	0	0	0	0	0
ENSG00000206331.11	0	0	0	0	0	0
ENSG00000206338.9	0	0	0	0	0	0
ENSG00000206340.10	0	0	0	0	0	0
ENSG00000206342.12	0	0	0	0	0	0
ENSG00000206346.8	0	0	0	0	0	0
ENSG00000206353.11	0	0	0	0	0	0
ENSG00000206355.11	0	0	0	0	0	0
ENSG00000206357.11	0	0	0	0	0	0
ENSG00000206366.6	0	0	0	0	0	0
ENSG00000206372.11	0	0	0	0	0	0
ENSG00000206376.9	0	0	0	0	0	0
ENSG00000206378.10	0	0	0	0	0	0
ENSG00000206379.12	0	0	0	0	0	0
ENSG00000206380.11	0	0	0	0	0	0
ENSG00000206383.8	0	0	0	0	0	0
ENSG00000206384.11	0	1	0	0	0	0
ENSG00000206394.8	0	0	0	0	0	0
ENSG00000206395.8	0	0	0	0	0	0
ENSG00000206396.9	0	0	0	0	0	0
ENSG00000206398.5	0	0	0	0	0	0
ENSG00000206401.11	0	0	0	0	0	0
ENSG00000206402.10	0	0	0	0	0	0
ENSG00000206403.11	0	0	0	0	0	0
ENSG00000206404.11	0	0	0	0	0	0
ENSG00000206406.9	0	0	0	0	0	0
ENSG00000206408.8	0	0	0	0	0	0
ENSG00000206409.8	0	0	0	0	0	0
ENSG00000206412.6	0	0	0	0	0	0
ENSG00000206418.5	380	448	453	407	325	485
ENSG00000206422.3	0	0	0	0	0	0
ENSG00000206427.11	0	0	0	0	0	0
ENSG00000206428.9	0	0	0	0	0	0
ENSG00000206430.8	0	0	0	0	0	0
ENSG00000206432.4	0	0	0	0	0	0
ENSG00000206433.10	0	0	0	0	0	0
ENSG00000206435.10	0	0	0	0	0	0
ENSG00000206437.10	0	0	0	0	0	0
ENSG00000206439.5	0	0	0	0	0	0
ENSG00000206440.10	0	0	0	0	0	0
ENSG00000206445.4	0	0	0	0	0	0
ENSG00000206447.2	0	0	0	0	0	0
ENSG00000206449.11	0	0	0	0	0	0
ENSG00000206450.11	0	0	0	0	0	0
ENSG00000206452.10	0	0	0	0	0	0
ENSG00000206454.12	0	0	0	0	0	0
ENSG00000206455.8	0	0	0	0	0	0
ENSG00000206457.10	0	0	0	0	0	0
ENSG00000206458.10	0	0	0	0	0	0
ENSG00000206459.2	0	0	0	0	0	0
ENSG00000206460.4	0	0	0	0	0	0
ENSG00000206461.4	0	0	0	0	0	0
ENSG00000206463.7	0	0	0	0	0	0
ENSG00000206465.4	0	0	0	0	0	0
ENSG00000206466.10	0	0	0	0	0	0
ENSG00000206467.6	0	0	0	0	0	0
ENSG00000206468.3	0	0	0	0	0	0
ENSG00000206470.3	0	0	0	0	0	0
ENSG00000206471.10	0	0	0	0	0	0
ENSG00000206472.11	0	0	0	0	0	0
ENSG00000206474.8	0	0	0	0	0	0
ENSG00000206476.15	0	0	0	0	0	0
ENSG00000206478.5	0	0	0	0	0	0
ENSG00000206480.11	0	0	0	0	0	0
ENSG00000206481.11	0	0	0	0	0	0
ENSG00000206484.10	0	0	0	0	0	0
ENSG00000206485.10	0	0	0	0	0	0
ENSG00000206486.8	0	0	0	0	0	0
ENSG00000206487.11	0	0	0	0	0	0
ENSG00000206488.10	0	0	0	0	0	0
ENSG00000206489.9	0	0	0	0	0	0
ENSG00000206490.11	0	0	0	0	0	0
ENSG00000206491.12	0	0	0	0	0	0
ENSG00000206492.11	0	0	0	0	0	0
ENSG00000206493.7	0	0	0	0	0	0
ENSG00000206495.12	0	0	0	0	0	0
ENSG00000206500.9	0	0	0	0	0	0
ENSG00000206501.8	0	0	0	0	0	0
ENSG00000206502.8	0	0	0	0	0	0
ENSG00000206503.13	141	167	148	62	90	118
ENSG00000206505.13	0	0	0	0	0	0
ENSG00000206506.10	0	0	0	0	0	0
ENSG00000206509.13	0	0	0	0	0	0
ENSG00000206510.9	0	0	0	0	0	0
ENSG00000206511.10	0	0	0	0	0	0
ENSG00000206512.6	0	0	0	0	0	0
ENSG00000206513.2	0	0	0	0	0	0
ENSG00000206515.3	0	0	0	0	0	0
ENSG00000206516.10	0	0	0	0	0	0
ENSG00000206517.12	0	0	0	0	0	0
ENSG00000206522.1	0	0	0	0	0	0
ENSG00000206524.3	0	0	0	0	0	0
ENSG00000206525.2	0	0	0	0	0	0
ENSG00000206526.2	0	0	0	0	0	0
ENSG00000206527.10	764	984	910	615	666	764
ENSG00000206530.11	612	744	622	990	759	977
ENSG00000206531.11	0	0	0	0	0	0
ENSG00000206535.8	42	61	34	32	33	39
ENSG00000206536.1	0	0	0	0	0	0
ENSG00000206538.9	0	0	0	0	0	0
ENSG00000206549.13	0	0	0	0	0	0
ENSG00000206557.6	22	37	29	20	15	21
ENSG00000206559.8	1	0	2	1	3	2
ENSG00000206560.12	1109	1289	1247	1208	983	1372
ENSG00000206561.14	5	2	7	8	8	6
ENSG00000206562.12	429	486	481	432	404	569
ENSG00000206579.9	0	0	0	0	0	0
ENSG00000211445.13	106	115	133	86	79	87
ENSG00000211448.14	0	0	0	1	1	0
ENSG00000211450.11	311	304	349	169	155	194
ENSG00000211452.12	0	2	1	0	3	1
ENSG00000211454.16	0	0	3	2	1	1
ENSG00000211455.8	637	707	634	642	589	767
ENSG00000211456.13	535	493	496	448	450	582
ENSG00000211460.12	1874	1797	1819	1126	1272	1465
ENSG00000211584.14	111	101	119	68	67	81
ENSG00000211592.8	0	0	0	0	0	0
ENSG00000211593.2	0	0	0	0	0	0
ENSG00000211594.2	0	0	0	0	0	0
ENSG00000211595.2	0	0	0	0	0	0
ENSG00000211596.3	0	0	0	0	0	0
ENSG00000211597.2	0	0	0	0	0	0
ENSG00000211598.2	0	0	0	0	0	0
ENSG00000211599.2	0	0	0	0	0	0
ENSG00000211611.2	0	0	0	0	0	0
ENSG00000211623.2	0	0	0	0	0	0
ENSG00000211625.2	0	0	0	0	0	0
ENSG00000211626.2	0	0	0	0	0	0
ENSG00000211632.4	0	0	0	0	0	0
ENSG00000211633.3	0	0	0	0	0	0
ENSG00000211637.2	0	0	0	0	0	0
ENSG00000211638.2	0	0	0	0	0	0
ENSG00000211639.2	0	0	0	0	0	0
ENSG00000211640.4	0	0	0	0	0	0
ENSG00000211641.3	0	0	0	0	0	0
ENSG00000211642.4	0	0	0	0	0	0
ENSG00000211643.2	2	11	7	12	9	13
ENSG00000211644.3	1	0	0	2	1	1
ENSG00000211645.2	0	0	0	0	0	0
ENSG00000211647.1	0	0	0	0	0	0
ENSG00000211648.2	0	0	0	0	0	0
ENSG00000211649.3	0	0	0	0	0	0
ENSG00000211650.2	0	0	0	0	0	0
ENSG00000211651.3	0	0	0	0	0	0
ENSG00000211652.2	0	0	0	0	0	0
ENSG00000211653.2	0	0	0	0	0	0
ENSG00000211654.2	0	0	0	0	0	0
ENSG00000211655.3	0	0	0	0	0	0
ENSG00000211656.3	0	0	0	0	0	0
ENSG00000211657.3	0	0	0	0	0	0
ENSG00000211658.2	0	0	0	0	0	0
ENSG00000211659.2	0	0	0	0	0	0
ENSG00000211660.3	0	0	0	0	0	0
ENSG00000211661.2	0	0	0	0	0	0
ENSG00000211662.2	0	0	0	0	0	0
ENSG00000211663.2	0	0	0	0	0	0
ENSG00000211664.3	0	0	0	0	0	0
ENSG00000211665.3	0	0	0	0	0	0
ENSG00000211666.2	0	0	0	0	0	0
ENSG00000211667.3	0	0	0	0	0	0
ENSG00000211668.2	0	0	0	0	0	0
ENSG00000211669.3	0	0	0	0	0	0
ENSG00000211670.2	0	0	0	0	0	0
ENSG00000211672.2	0	0	0	1	0	0
ENSG00000211673.2	0	0	0	0	0	0
ENSG00000211674.2	0	0	0	0	0	0
ENSG00000211675.2	0	0	0	0	0	0
ENSG00000211676.2	0	0	0	0	0	0
ENSG00000211677.2	0	0	0	0	0	0
ENSG00000211678.2	0	0	0	0	0	0
ENSG00000211679.2	0	0	0	0	0	0
ENSG00000211680.2	0	0	0	0	0	0
ENSG00000211681.2	0	0	0	0	0	0
ENSG00000211682.2	0	0	0	0	0	0
ENSG00000211684.2	0	0	0	0	0	0
ENSG00000211685.3	0	0	0	0	0	0
ENSG00000211687.1	0	0	0	0	0	0
ENSG00000211688.1	6	4	8	6	2	3
ENSG00000211689.7	155	113	107	128	172	168
ENSG00000211690.1	0	0	0	0	0	0
ENSG00000211691.2	5	5	4	11	8	7
ENSG00000211692.1	0	0	0	0	0	0
ENSG00000211693.2	0	0	0	0	0	0
ENSG00000211694.2	0	0	0	0	0	0
ENSG00000211695.2	10	8	5	4	12	14
ENSG00000211696.2	4	3	6	7	7	7
ENSG00000211697.4	4	1	0	1	1	1
ENSG00000211698.2	0	0	0	2	1	0
ENSG00000211699.2	0	0	0	0	0	0
ENSG00000211701.2	0	0	0	0	0	0
ENSG00000211706.2	0	0	0	0	0	0
ENSG00000211707.3	0	0	0	0	0	0
ENSG00000211710.3	0	0	0	0	0	0
ENSG00000211713.3	0	0	0	0	0	0
ENSG00000211714.3	0	0	0	0	0	0
ENSG00000211715.1	0	0	0	0	0	0
ENSG00000211716.2	0	0	0	0	0	0
ENSG00000211717.3	0	0	0	0	0	0
ENSG00000211720.3	0	0	0	0	0	0
ENSG00000211721.2	0	0	0	0	0	0
ENSG00000211724.3	0	0	0	0	0	0
ENSG00000211725.3	0	0	0	0	0	0
ENSG00000211727.3	0	0	0	0	0	0
ENSG00000211728.2	0	0	0	0	0	0
ENSG00000211731.1	0	0	0	0	0	0
ENSG00000211734.3	0	0	0	0	0	0
ENSG00000211745.3	0	0	0	0	0	0
ENSG00000211746.3	0	0	0	0	0	0
ENSG00000211747.3	0	0	0	0	0	0
ENSG00000211749.1	0	0	0	0	0	0
ENSG00000211750.2	0	0	0	0	0	0
ENSG00000211751.9	0	0	0	0	0	0
ENSG00000211752.3	0	0	0	0	0	0
ENSG00000211753.4	0	0	0	0	0	0
ENSG00000211764.1	0	0	0	0	0	0
ENSG00000211765.1	0	0	0	0	0	0
ENSG00000211766.1	0	0	0	0	0	0
ENSG00000211767.1	0	0	0	0	0	0
ENSG00000211768.1	0	0	0	0	0	0
ENSG00000211769.1	0	0	0	0	0	0
ENSG00000211770.1	0	0	0	0	0	0
ENSG00000211771.1	0	0	0	0	0	0
ENSG00000211772.11	0	0	0	0	0	0
ENSG00000211776.2	0	0	0	0	0	0
ENSG00000211777.2	0	0	0	0	0	0
ENSG00000211778.2	0	0	0	0	0	0
ENSG00000211779.3	0	0	0	0	0	0
ENSG00000211780.3	0	0	0	0	0	0
ENSG00000211781.3	0	0	0	0	0	0
ENSG00000211782.2	0	0	0	0	0	0
ENSG00000211783.3	0	0	0	0	0	0
ENSG00000211784.2	0	0	0	0	0	0
ENSG00000211785.1	0	0	0	0	0	0
ENSG00000211786.3	0	0	0	0	0	0
ENSG00000211787.1	0	0	0	0	0	0
ENSG00000211788.2	0	0	0	0	0	0
ENSG00000211789.2	0	0	0	0	1	1
ENSG00000211790.2	0	0	0	0	0	0
ENSG00000211791.2	0	0	0	0	0	0
ENSG00000211792.2	0	0	0	0	0	0
ENSG00000211793.2	0	0	0	0	0	0
ENSG00000211794.3	0	0	0	0	0	0
ENSG00000211795.3	0	0	0	0	0	0
ENSG00000211796.1	0	0	0	0	0	0
ENSG00000211797.2	0	0	0	0	0	0
ENSG00000211798.3	0	0	0	0	0	0
ENSG00000211799.3	0	0	0	0	0	0
ENSG00000211800.3	0	0	0	0	0	0
ENSG00000211801.3	0	0	0	0	0	0
ENSG00000211802.3	0	0	0	0	0	0
ENSG00000211803.2	0	0	0	0	0	0
ENSG00000211804.4	0	0	0	0	0	0
ENSG00000211805.1	0	0	0	0	0	0
ENSG00000211806.2	0	0	0	0	0	0
ENSG00000211807.3	0	0	0	0	0	0
ENSG00000211808.3	0	0	0	0	0	0
ENSG00000211809.2	2	2	4	1	1	1
ENSG00000211810.3	2	3	2	1	2	1
ENSG00000211812.1	0	0	0	0	0	0
ENSG00000211813.2	1	0	0	0	0	0
ENSG00000211815.3	0	1	0	0	0	0
ENSG00000211816.2	0	0	0	0	0	0
ENSG00000211817.2	0	0	0	0	0	0
ENSG00000211818.1	38	40	21	11	16	14
ENSG00000211819.3	0	0	0	0	0	0
ENSG00000211820.1	1	2	1	3	0	3
ENSG00000211821.2	0	0	0	0	0	0
ENSG00000211825.1	0	0	0	0	0	0
ENSG00000211826.1	0	0	0	0	0	0
ENSG00000211827.1	0	0	0	0	0	0
ENSG00000211828.1	0	0	0	0	0	0
ENSG00000211829.9	0	0	0	0	0	0
ENSG00000211831.2	0	0	0	0	0	0
ENSG00000211832.2	0	0	0	0	0	0
ENSG00000211833.1	0	0	0	0	0	0
ENSG00000211834.1	0	0	0	0	0	0
ENSG00000211835.1	0	0	0	0	0	0
ENSG00000211836.1	0	0	0	0	0	0
ENSG00000211837.1	0	0	0	0	0	0
ENSG00000211838.1	0	0	0	0	0	0
ENSG00000211839.1	0	0	0	0	0	0
ENSG00000211840.1	0	0	0	0	0	0
ENSG00000211841.1	0	0	0	0	0	0
ENSG00000211842.1	0	0	0	0	0	0
ENSG00000211843.1	0	0	0	0	0	0
ENSG00000211844.1	0	0	0	0	0	0
ENSG00000211845.1	0	0	0	0	0	0
ENSG00000211846.1	0	7	1	0	0	0
ENSG00000211847.1	0	0	0	0	0	0
ENSG00000211848.1	0	0	0	0	0	0
ENSG00000211849.1	0	0	0	0	0	0
ENSG00000211850.1	0	0	0	0	0	0
ENSG00000211851.1	0	0	0	0	0	0
ENSG00000211854.1	0	0	0	0	0	0
ENSG00000211855.1	0	0	0	0	0	0
ENSG00000211856.1	0	0	0	0	0	0
ENSG00000211857.1	0	0	0	0	0	0
ENSG00000211858.1	0	0	0	0	0	0
ENSG00000211859.1	0	0	0	0	0	0
ENSG00000211860.1	0	0	0	0	0	0
ENSG00000211861.1	0	0	0	0	0	0
ENSG00000211862.1	0	0	0	0	0	0
ENSG00000211863.1	0	0	0	0	0	0
ENSG00000211864.2	0	0	0	0	0	0
ENSG00000211865.1	0	0	0	0	0	0
ENSG00000211866.1	0	0	0	0	0	0
ENSG00000211867.1	0	0	0	0	0	0
ENSG00000211868.1	0	0	0	0	0	0
ENSG00000211869.1	0	0	0	0	0	0
ENSG00000211870.1	0	0	0	0	0	0
ENSG00000211871.1	0	0	0	0	0	0
ENSG00000211872.1	0	0	0	0	0	0
ENSG00000211873.1	0	0	0	0	0	0
ENSG00000211875.1	0	0	0	0	0	0
ENSG00000211876.1	0	0	0	0	0	0
ENSG00000211877.1	0	0	0	0	0	0
ENSG00000211878.1	0	0	0	0	0	0
ENSG00000211879.1	0	0	0	0	0	0
ENSG00000211880.1	0	0	0	0	0	0
ENSG00000211882.1	0	0	0	0	0	0
ENSG00000211883.1	0	0	0	0	0	0
ENSG00000211884.1	0	0	0	0	0	0
ENSG00000211885.1	3	7	9	11	2	3
ENSG00000211886.1	0	0	0	0	0	0
ENSG00000211887.2	0	0	0	0	0	0
ENSG00000211888.2	0	0	0	0	0	0
ENSG00000211890.4	0	0	0	0	0	0
ENSG00000211891.6	0	0	0	0	0	0
ENSG00000211892.4	0	0	0	0	0	0
ENSG00000211893.4	0	0	0	0	0	0
ENSG00000211895.5	0	0	0	0	0	0
ENSG00000211896.7	0	0	0	0	0	0
ENSG00000211897.9	0	0	0	0	0	0
ENSG00000211898.8	0	0	0	0	0	0
ENSG00000211899.10	0	0	0	0	0	0
ENSG00000211900.2	0	0	0	0	0	0
ENSG00000211904.2	0	0	0	0	0	0
ENSG00000211905.1	0	0	0	0	0	0
ENSG00000211907.1	0	0	0	0	0	0
ENSG00000211909.1	0	0	0	0	0	0
ENSG00000211911.1	0	0	0	0	0	0
ENSG00000211912.1	0	0	0	0	0	0
ENSG00000211914.1	0	0	0	0	0	0
ENSG00000211915.1	0	0	0	0	0	0
ENSG00000211917.1	0	0	0	0	0	0
ENSG00000211918.1	0	0	0	0	0	0
ENSG00000211920.1	0	0	0	0	0	0
ENSG00000211921.1	0	0	0	0	0	0
ENSG00000211923.1	0	0	0	0	0	0
ENSG00000211924.1	0	0	0	0	0	0
ENSG00000211925.1	0	0	0	0	0	0
ENSG00000211928.1	0	0	0	0	0	0
ENSG00000211930.1	0	0	0	0	0	0
ENSG00000211931.1	0	0	0	0	0	0
ENSG00000211933.2	0	0	0	0	0	0
ENSG00000211934.3	0	0	0	0	0	0
ENSG00000211935.3	0	0	0	0	0	0
ENSG00000211937.3	0	0	0	0	0	0
ENSG00000211938.2	0	0	0	0	0	0
ENSG00000211941.3	0	0	0	0	0	0
ENSG00000211942.3	0	0	0	0	0	0
ENSG00000211943.2	0	0	0	0	0	0
ENSG00000211944.2	0	0	0	0	0	0
ENSG00000211945.2	0	0	0	0	0	0
ENSG00000211946.3	0	0	0	0	0	0
ENSG00000211947.2	0	0	0	0	0	0
ENSG00000211949.3	0	0	0	0	0	0
ENSG00000211950.2	0	0	0	0	0	0
ENSG00000211951.2	0	0	0	0	0	0
ENSG00000211952.3	0	0	0	0	0	0
ENSG00000211955.2	0	0	0	0	0	0
ENSG00000211956.2	0	0	0	0	0	0
ENSG00000211957.2	0	0	0	0	0	0
ENSG00000211958.2	0	0	0	0	0	0
ENSG00000211959.2	0	0	0	0	0	0
ENSG00000211961.3	0	0	0	0	0	0
ENSG00000211962.2	0	0	0	0	0	0
ENSG00000211964.3	0	0	0	0	0	0
ENSG00000211965.4	0	0	0	0	0	0
ENSG00000211966.2	0	0	0	0	0	0
ENSG00000211967.3	0	0	0	0	0	0
ENSG00000211968.3	0	0	0	0	0	0
ENSG00000211970.3	0	0	0	0	0	0
ENSG00000211972.2	0	0	0	0	0	0
ENSG00000211973.2	0	0	0	0	0	0
ENSG00000211974.3	0	0	0	0	0	0
ENSG00000211976.2	0	0	0	0	0	0
ENSG00000211979.2	0	0	0	0	0	0
ENSG00000212122.4	0	0	0	0	0	0
ENSG00000212123.4	7	17	14	11	8	12
ENSG00000212124.2	0	0	0	0	0	0
ENSG00000212126.3	0	0	0	0	0	0
ENSG00000212127.6	0	0	0	0	0	0
ENSG00000212128.2	0	0	0	0	0	0
ENSG00000212657.2	0	0	0	0	0	0
ENSG00000212658.1	0	0	0	0	0	0
ENSG00000212659.2	0	0	0	0	0	0
ENSG00000212710.5	0	0	4	0	0	1
ENSG00000212721.4	0	0	0	0	0	0
ENSG00000212722.9	0	0	0	0	0	0
ENSG00000212724.3	0	0	0	0	0	0
ENSG00000212725.4	0	0	0	0	0	0
ENSG00000212747.5	50	64	51	48	42	59
ENSG00000212807.3	0	0	0	0	0	0
ENSG00000212864.4	10	13	17	16	10	10
ENSG00000212866.6	0	0	0	0	0	0
ENSG00000212899.3	0	0	0	0	0	0
ENSG00000212900.3	0	0	0	0	0	0
ENSG00000212901.4	0	0	0	0	0	0
ENSG00000212907.2	12	43	43	27	23	31
ENSG00000212916.6	79	105	114	100	96	128
ENSG00000212933.1	0	0	0	0	0	0
ENSG00000212935.2	0	0	0	0	0	0
ENSG00000212938.3	0	0	0	0	0	0
ENSG00000212993.6	1	0	1	0	0	1
ENSG00000213015.9	21	36	35	33	22	36
ENSG00000213020.10	80	76	105	106	93	98
ENSG00000213022.6	0	0	0	0	0	0
ENSG00000213023.11	9	12	23	8	6	14
ENSG00000213024.13	732	984	944	946	775	961
ENSG00000213030.6	0	0	0	0	0	0
ENSG00000213047.13	284	285	302	342	251	360
ENSG00000213064.10	177	182	247	125	121	171
ENSG00000213066.14	35	52	43	57	47	67
ENSG00000213079.10	2910	3141	3231	2843	2572	3421
ENSG00000213085.10	87	83	62	64	53	72
ENSG00000213088.12	0	0	0	0	0	0
ENSG00000213096.11	173	213	218	220	205	243
ENSG00000213123.11	165	143	163	140	130	177
ENSG00000213139.8	3	5	13	12	7	13
ENSG00000213145.10	0	0	0	0	0	0
ENSG00000213160.10	392	402	463	328	318	395
ENSG00000213171.3	1	0	0	0	1	0
ENSG00000213185.7	1	4	1	5	2	3
ENSG00000213186.8	224	348	263	269	260	501
ENSG00000213190.4	15	13	16	13	12	11
ENSG00000213199.8	13	21	20	25	17	25
ENSG00000213203.3	0	0	0	0	0	0
ENSG00000213204.8	0	0	0	0	0	0
ENSG00000213213.14	55	52	56	80	61	55
ENSG00000213214.6	0	0	0	0	0	0
ENSG00000213215.5	0	0	0	0	0	0
ENSG00000213218.11	0	0	0	0	0	0
ENSG00000213221.5	64	81	105	60	57	80
ENSG00000213231.13	0	0	0	0	0	0
ENSG00000213246.7	459	523	592	263	383	434
ENSG00000213265.9	0	0	0	0	0	0
ENSG00000213281.5	1830	2049	2252	1355	1395	1777
ENSG00000213297.8	0	0	3	0	0	0
ENSG00000213316.10	0	2	2	0	0	0
ENSG00000213337.9	153	129	147	113	91	140
ENSG00000213339.9	172	254	212	331	199	326
ENSG00000213341.11	996	1065	1148	1125	939	1173
ENSG00000213347.11	249	268	246	304	250	303
ENSG00000213366.13	2	0	2	1	1	4
ENSG00000213380.16	102	159	110	71	64	97
ENSG00000213390.11	9	10	9	3	11	5
ENSG00000213397.12	553	659	623	519	398	595
ENSG00000213398.8	20	36	39	38	18	37
ENSG00000213401.10	0	1	0	0	0	1
ENSG00000213402.3	13	19	20	40	27	42
ENSG00000213413.3	0	1	0	0	0	0
ENSG00000213416.4	0	0	0	0	0	0
ENSG00000213417.3	0	0	0	0	0	0
ENSG00000213420.8	60	50	40	86	47	69
ENSG00000213424.9	0	0	0	0	0	0
ENSG00000213439.3	0	0	0	0	0	0
ENSG00000213445.10	10	21	13	21	7	12
ENSG00000213462.5	138	170	155	194	161	211
ENSG00000213463.5	84	84	68	83	74	96
ENSG00000213465.8	34	42	39	30	25	32
ENSG00000213471.10	6	14	8	17	7	10
ENSG00000213512.3	0	0	0	0	0	0
ENSG00000213516.10	189	181	129	133	127	142
ENSG00000213523.12	605	749	729	566	561	751
ENSG00000213533.13	1	4	0	5	0	1
ENSG00000213551.7	963	1068	1105	746	697	838
ENSG00000213563.7	58	51	58	41	39	49
ENSG00000213578.6	3	6	3	8	5	4
ENSG00000213585.11	225	198	200	121	138	166
ENSG00000213588.6	0	0	0	0	0	0
ENSG00000213593.10	667	678	636	444	509	647
ENSG00000213614.11	1000	1131	1168	895	806	1145
ENSG00000213619.11	1191	1400	1380	873	921	1101
ENSG00000213625.9	424	471	412	234	279	385
ENSG00000213626.13	2	1	0	0	0	1
ENSG00000213638.6	15	33	18	19	17	29
ENSG00000213639.11	8761	7944	8223	4965	5358	6382
ENSG00000213648.11	0	0	0	1	1	0
ENSG00000213654.10	7	5	5	3	2	2
ENSG00000213658.13	39	32	23	77	53	61
ENSG00000213672.8	201	236	264	261	167	299
ENSG00000213676.13	69	53	69	54	41	59
ENSG00000213689.14	6	4	5	8	6	10
ENSG00000213694.7	126	197	196	125	95	122
ENSG00000213699.9	534	605	635	456	393	508
ENSG00000213714.1	2	1	0	2	2	3
ENSG00000213719.8	649	666	629	360	430	415
ENSG00000213722.10	9	17	1	7	6	12
ENSG00000213741.11	97	97	115	84	66	83
ENSG00000213759.10	0	0	0	1	0	0
ENSG00000213760.11	0	0	0	0	1	0
ENSG00000213762.12	47	67	84	66	59	59
ENSG00000213780.11	127	132	126	85	67	94
ENSG00000213782.7	1573	1624	1559	1097	1134	1354
ENSG00000213793.6	0	1	0	0	0	0
ENSG00000213799.13	202	243	242	216	194	220
ENSG00000213809.9	0	0	0	0	0	0
ENSG00000213822.7	0	1	0	0	0	0
ENSG00000213853.10	1639	1608	1728	1103	1330	1626
ENSG00000213859.8	34	40	34	36	20	35
ENSG00000213886.4	0	0	0	0	0	0
ENSG00000213889.11	40	27	31	49	33	32
ENSG00000213892.12	0	0	0	0	0	0
ENSG00000213901.11	1	1	1	2	0	0
ENSG00000213903.9	10	22	14	27	13	23
ENSG00000213906.10	17	50	41	70	30	50
ENSG00000213918.11	140	193	165	220	149	221
ENSG00000213920.9	17	28	11	12	12	19
ENSG00000213921.8	0	0	0	0	0	0
ENSG00000213923.13	113	167	182	215	127	189
ENSG00000213927.4	0	0	0	0	0	0
ENSG00000213928.10	143	168	155	144	123	147
ENSG00000213930.12	12	11	11	18	9	13
ENSG00000213931.7	40	53	55	33	32	54
ENSG00000213934.9	0	0	0	0	0	0
ENSG00000213937.4	54	51	69	30	35	25
ENSG00000213949.10	21	20	14	35	24	16
ENSG00000213965.4	82	130	124	94	113	138
ENSG00000213967.12	16	19	24	20	21	32
ENSG00000213973.10	0	0	0	0	0	0
ENSG00000213977.8	903	886	883	489	511	568
ENSG00000213983.12	953	1407	1329	1162	945	1295
ENSG00000213988.11	0	2	1	0	0	2
ENSG00000213995.12	411	520	489	598	431	685
ENSG00000213996.13	0	0	0	0	0	0
ENSG00000213999.17	0	0	0	0	0	0
ENSG00000214013.10	45	69	40	54	58	69
ENSG00000214021.18	49	78	70	108	71	103
ENSG00000214022.12	495	770	622	511	346	541
ENSG00000214026.11	69	66	69	33	31	33
ENSG00000214029.6	31	35	41	49	37	53
ENSG00000214042.1	0	0	0	0	0	0
ENSG00000214046.9	4	8	2	2	0	2
ENSG00000214050.8	54	52	44	49	25	39
ENSG00000214063.12	382	322	390	233	202	239
ENSG00000214078.13	503	529	533	396	478	622
ENSG00000214087.9	46	62	55	44	38	61
ENSG00000214097.5	2	1	1	1	0	2
ENSG00000214102.7	0	1	0	0	0	1
ENSG00000214107.9	0	0	1	0	0	2
ENSG00000214113.11	30	13	18	6	6	23
ENSG00000214114.9	2	1	6	2	1	0
ENSG00000214128.11	0	0	0	0	0	0
ENSG00000214140.11	0	0	0	0	0	0
ENSG00000214160.10	279	404	397	214	202	253
ENSG00000214193.11	181	258	242	338	214	324
ENSG00000214194.9	62	82	72	14	28	23
ENSG00000214212.9	1	0	0	2	1	3
ENSG00000214216.11	0	0	0	0	0	0
ENSG00000214226.9	0	1	0	1	0	0
ENSG00000214237.11	0	0	0	0	0	0
ENSG00000214253.9	1624	1559	1577	619	695	876
ENSG00000214265.11	0	0	0	0	0	0
ENSG00000214274.10	0	0	0	1	0	0
ENSG00000214279.13	7	6	7	5	6	9
ENSG00000214285.3	0	0	0	0	0	0
ENSG00000214290.9	0	0	0	0	0	0
ENSG00000214300.7	0	0	0	0	0	0
ENSG00000214309.5	34	46	40	41	27	48
ENSG00000214324.5	0	0	0	0	0	0
ENSG00000214336.5	2	5	4	3	2	1
ENSG00000214338.11	0	0	0	0	0	0
ENSG00000214357.9	33	47	39	40	35	50
ENSG00000214360.5	2	1	0	1	0	0
ENSG00000214367.10	0	0	0	0	0	0
ENSG00000214376.6	0	1	0	1	0	0
ENSG00000214402.7	0	0	0	0	0	0
ENSG00000214413.9	14	35	24	22	22	34
ENSG00000214414.9	0	0	0	0	0	0
ENSG00000214415.4	0	0	0	0	0	0
ENSG00000214435.9	32	37	46	44	33	33
ENSG00000214447.5	2	1	0	2	1	0
ENSG00000214456.8	17	18	21	40	30	49
ENSG00000214491.9	0	0	0	0	0	0
ENSG00000214510.10	0	0	0	0	0	0
ENSG00000214511.4	0	0	0	0	0	0
ENSG00000214513.4	0	0	1	0	0	2
ENSG00000214517.10	1928	2018	1823	1415	1439	1790
ENSG00000214518.4	0	0	0	0	0	0
ENSG00000214530.10	6164	6598	6799	5089	4735	5782
ENSG00000214558.5	0	0	0	0	0	0
ENSG00000214562.15	0	1	0	0	0	0
ENSG00000214575.10	0	0	0	1	3	0
ENSG00000214595.13	200	249	212	501	353	482
ENSG00000214642.1	0	0	0	0	0	0
ENSG00000214652.6	0	0	1	0	1	0
ENSG00000214654.9	21	33	23	26	21	24
ENSG00000214655.11	723	893	869	921	744	982
ENSG00000214681.4	0	0	0	0	0	0
ENSG00000214686.7	0	0	0	0	0	0
ENSG00000214688.6	0	0	0	0	0	0
ENSG00000214694.13	1	1	1	0	0	0
ENSG00000214700.6	0	0	0	0	0	0
ENSG00000214706.12	621	675	677	480	413	532
ENSG00000214711.10	3	1	1	1	7	4
ENSG00000214717.12	0	0	0	0	0	0
ENSG00000214717.12_PAR_Y	0	0	0	0	0	0
ENSG00000214736.8	283	327	394	127	157	165
ENSG00000214753.4	71	81	95	88	89	114
ENSG00000214756.8	8	6	6	4	5	2
ENSG00000214782.7	0	0	0	0	0	0
ENSG00000214787.11	0	0	0	0	0	0
ENSG00000214814.7	0	0	2	0	1	0
ENSG00000214819.2	0	0	0	0	0	0
ENSG00000214827.11	48	65	51	75	44	81
ENSG00000214842.6	1	0	0	0	0	0
ENSG00000214860.5	6	5	9	9	11	12
ENSG00000214866.9	0	0	0	0	0	0
ENSG00000214872.9	0	0	0	0	0	0
ENSG00000214891.9	0	0	0	0	0	0
ENSG00000214897.5	0	2	3	0	1	1
ENSG00000214929.4	0	0	0	0	0	0
ENSG00000214940.9	0	0	0	0	0	0
ENSG00000214941.8	176	183	188	103	95	88
ENSG00000214943.5	0	0	0	0	0	0
ENSG00000214944.10	700	910	767	956	733	964
ENSG00000214946.15	0	3	0	2	0	0
ENSG00000214954.9	11	12	8	17	14	19
ENSG00000214960.11	14	15	6	16	13	19
ENSG00000214967.6	0	0	0	0	0	0
ENSG00000214978.8	0	0	0	0	0	0
ENSG00000215009.6	0	1	0	0	0	0
ENSG00000215012.9	205	306	257	230	251	258
ENSG00000215018.10	9	14	11	20	14	18
ENSG00000215021.10	2898	3527	3119	2010	1834	2270
ENSG00000215029.12	0	0	0	0	0	0
ENSG00000215041.10	650	686	696	888	722	932
ENSG00000215045.9	48	51	40	58	27	46
ENSG00000215048.13	0	0	0	0	0	0
ENSG00000215077.10	0	0	0	0	0	0
ENSG00000215113.7	0	0	0	0	0	0
ENSG00000215114.10	117	134	141	126	110	137
ENSG00000215115.7	0	0	0	0	0	0
ENSG00000215126.11	38	78	57	125	91	115
ENSG00000215131.11	0	0	0	0	0	0
ENSG00000215148.11	0	1	0	0	0	0
ENSG00000215174.2	0	0	0	0	0	0
ENSG00000215182.8	0	3	4	1	0	0
ENSG00000215183.5	0	0	0	0	0	0
ENSG00000215186.7	0	0	0	2	0	0
ENSG00000215187.13	1	2	2	2	5	2
ENSG00000215193.14	3	5	11	5	3	7
ENSG00000215203.3	0	0	0	0	0	0
ENSG00000215217.7	0	0	0	0	0	0
ENSG00000215218.4	43	59	58	47	45	47
ENSG00000215251.5	323	360	431	309	318	395
ENSG00000215252.12	0	0	0	0	0	0
ENSG00000215262.8	0	0	0	0	0	0
ENSG00000215269.6	0	0	0	0	0	0
ENSG00000215274.6	0	0	0	3	0	2
ENSG00000215277.9	1	0	1	0	1	1
ENSG00000215301.11	10287	9401	10378	8700	9340	11667
ENSG00000215305.10	1028	1106	1111	977	820	989
ENSG00000215328.6	0	0	0	0	0	0
ENSG00000215343.8	0	0	0	0	0	0
ENSG00000215354.9	0	0	0	0	0	0
ENSG00000215356.4	0	0	0	0	0	0
ENSG00000215372.6	0	0	0	0	0	0
ENSG00000215373.4	0	0	0	0	0	0
ENSG00000215375.7	44	53	39	38	22	39
ENSG00000215397.4	0	0	0	0	0	0
ENSG00000215421.10	338	384	339	301	223	334
ENSG00000215425.11	0	0	0	0	0	0
ENSG00000215440.12	1018	1339	1359	1291	1003	1435
ENSG00000215454.7	0	0	0	0	0	0
ENSG00000215455.4	0	0	0	0	0	0
ENSG00000215472.10	34	57	45	42	48	69
ENSG00000215474.8	0	1	0	0	0	0
ENSG00000215475.5	0	0	0	0	0	0
ENSG00000215522.11	0	0	0	0	0	0
ENSG00000215529.13	1	2	1	3	1	1
ENSG00000215545.1	0	0	0	0	0	0
ENSG00000215547.1	0	0	0	0	0	0
ENSG00000215568.9	0	0	0	0	0	0
ENSG00000215595.3	0	0	0	0	0	0
ENSG00000215612.8	0	0	0	0	0	0
ENSG00000215641.8	0	0	0	0	0	0
ENSG00000215644.10	0	1	0	0	2	0
ENSG00000215695.2	120	178	157	142	103	151
ENSG00000215704.10	0	0	0	0	0	0
ENSG00000215712.11	37	53	43	23	26	43
ENSG00000215717.7	247	215	252	137	152	255
ENSG00000215784.6	0	0	0	0	0	0
ENSG00000215788.11	15	17	31	26	18	35
ENSG00000215817.9	0	0	0	0	0	0
ENSG00000215845.11	525	666	629	279	335	422
ENSG00000215853.3	0	0	0	0	0	0
ENSG00000215883.11	4	2	3	4	2	1
ENSG00000215906.9	0	0	0	0	0	0
ENSG00000215910.8	0	0	0	0	1	0
ENSG00000215912.13	0	0	0	0	0	0
ENSG00000215915.10	8	11	5	16	9	13
ENSG00000216490.4	1381	1454	1498	844	952	1254
ENSG00000216588.9	0	0	0	0	0	0
ENSG00000216649.5	0	0	0	0	0	0
ENSG00000216921.9	0	0	0	0	0	0
ENSG00000216937.14	71	85	61	93	73	104
ENSG00000217128.13	1069	1297	1271	1106	939	1377
ENSG00000217236.2	1	4	3	3	0	0
ENSG00000217442.4	8	0	4	0	0	4
ENSG00000217555.13	158	142	144	62	99	107
ENSG00000217930.8	16	19	20	15	10	13
ENSG00000218305.5	0	0	0	0	0	0
ENSG00000218336.9	147	168	171	150	113	162
ENSG00000218739.10	184	196	194	144	170	157
ENSG00000218819.6	0	0	0	0	0	0
ENSG00000218823.2	3	10	6	5	1	2
ENSG00000218891.5	151	215	170	141	106	186
ENSG00000219073.8	0	0	0	0	0	0
ENSG00000219200.12	462	365	423	159	203	184
ENSG00000219435.6	5	5	12	4	2	8
ENSG00000219438.9	4	9	8	3	3	3
ENSG00000219481.11	440	505	524	707	443	527
ENSG00000219545.12	61	103	75	69	57	61
ENSG00000219607.4	1	1	1	1	0	0
ENSG00000219626.9	13	16	25	11	14	19
ENSG00000220008.4	0	0	0	1	0	0
ENSG00000220201.7	3	10	10	6	6	11
ENSG00000220205.9	0	0	0	0	0	1
ENSG00000220550.7	0	0	0	0	0	0
ENSG00000220948.6	0	0	0	0	0	0
ENSG00000221813.4	0	0	0	0	0	0
ENSG00000221818.9	2	1	0	3	1	2
ENSG00000221821.4	11	13	12	3	9	7
ENSG00000221823.11	60	55	56	36	40	50
ENSG00000221826.10	0	0	0	0	0	0
ENSG00000221829.11	500	636	567	510	401	552
ENSG00000221836.4	0	0	0	0	0	0
ENSG00000221837.7	0	0	0	0	0	0
ENSG00000221838.10	324	372	333	249	246	292
ENSG00000221840.4	0	0	0	0	0	0
ENSG00000221843.6	0	0	1	0	0	0
ENSG00000221852.5	0	0	0	0	0	0
ENSG00000221855.1	0	0	0	0	0	0
ENSG00000221858.3	0	0	0	0	0	0
ENSG00000221859.2	0	0	0	0	0	0
ENSG00000221864.4	0	0	0	0	0	0
ENSG00000221866.10	25	42	36	23	23	24
ENSG00000221867.9	3	1	1	2	1	0
ENSG00000221869.5	98	100	119	75	58	86
ENSG00000221874.4	0	0	2	0	0	0
ENSG00000221878.13	0	0	0	0	0	0
ENSG00000221880.4	0	0	0	0	0	0
ENSG00000221882.4	0	0	0	0	0	0
ENSG00000221886.4	43	41	34	47	32	51
ENSG00000221887.6	0	0	0	0	0	0
ENSG00000221888.4	0	0	0	0	0	0
ENSG00000221890.6	131	136	124	109	92	116
ENSG00000221900.6	0	0	0	0	0	0
ENSG00000221909.3	96	78	71	81	72	93
ENSG00000221910.3	0	0	0	0	0	0
ENSG00000221914.11	2196	2187	2134	1654	1430	1948
ENSG00000221916.4	15	18	14	8	7	7
ENSG00000221923.9	3	0	0	2	2	1
ENSG00000221926.13	163	199	190	192	134	199
ENSG00000221931.3	0	0	0	0	0	0
ENSG00000221932.6	0	0	0	0	0	0
ENSG00000221933.3	0	0	0	0	0	0
ENSG00000221937.4	0	0	0	0	0	0
ENSG00000221938.5	0	0	0	0	0	0
ENSG00000221944.9	238	288	222	229	194	229
ENSG00000221946.8	0	0	0	0	0	0
ENSG00000221947.8	0	1	1	2	2	4
ENSG00000221954.2	0	0	0	0	0	0
ENSG00000221955.11	65	111	99	112	65	87
ENSG00000221957.8	0	0	0	0	0	0
ENSG00000221963.6	1	2	0	1	0	1
ENSG00000221968.9	70	83	93	92	61	58
ENSG00000221970.4	0	0	0	0	0	0
ENSG00000221974.11	0	0	0	0	0	0
ENSG00000221977.3	0	0	0	0	0	0
ENSG00000221978.13	610	806	797	1339	838	1097
ENSG00000221983.8	897	1288	1258	604	778	886
ENSG00000221986.7	0	0	0	0	1	0
ENSG00000221988.13	86	91	77	51	58	61
ENSG00000221989.3	0	0	0	0	0	0
ENSG00000221994.12	162	244	173	212	165	220
ENSG00000221996.6	0	0	0	0	0	0
ENSG00000222009.9	1	0	2	0	1	0
ENSG00000222011.9	105	81	117	138	118	143
ENSG00000222014.6	16	23	24	18	14	27
ENSG00000222018.2	0	0	0	0	0	0
ENSG00000222028.5	1	1	2	0	1	2
ENSG00000222036.8	0	0	0	0	0	0
ENSG00000222038.4	0	5	0	1	2	0
ENSG00000222046.3	0	0	0	0	0	0
ENSG00000223350.2	0	0	0	0	0	0
ENSG00000223355.5	0	0	0	0	0	0
ENSG00000223367.6	0	0	0	0	0	0
ENSG00000223417.9	0	0	0	0	0	0
ENSG00000223443.3	0	0	0	0	0	0
ENSG00000223448.7	0	0	0	0	0	0
ENSG00000223465.8	0	0	0	0	0	0
ENSG00000223481.9	0	0	0	0	0	0
ENSG00000223493.9	0	0	0	0	0	0
ENSG00000223494.11	0	0	0	0	0	0
ENSG00000223496.3	103	158	132	75	89	120
ENSG00000223501.9	823	773	924	864	746	1017
ENSG00000223510.7	0	0	0	0	0	0
ENSG00000223531.9	0	0	0	0	0	0
ENSG00000223532.10	0	0	0	0	0	0
ENSG00000223533.8	0	0	0	0	0	0
ENSG00000223547.10	0	0	0	0	0	0
ENSG00000223569.8	0	0	0	0	0	0
ENSG00000223572.10	123	152	144	104	91	127
ENSG00000223573.7	2	7	3	0	2	1
ENSG00000223590.5	0	0	0	0	0	0
ENSG00000223591.5	0	0	0	0	0	0
ENSG00000223601.3	0	0	0	0	0	0
ENSG00000223609.11	0	0	2	0	1	0
ENSG00000223611.7	0	0	0	0	0	0
ENSG00000223614.6	0	1	0	0	0	0
ENSG00000223618.7	0	0	0	0	0	0
ENSG00000223638.4	0	0	0	0	0	0
ENSG00000223639.6	0	0	0	0	0	0
ENSG00000223648.4	0	0	0	0	0	0
ENSG00000223654.3	0	0	0	0	0	0
ENSG00000223658.8	77	80	83	65	49	93
ENSG00000223666.2	0	0	0	0	0	0
ENSG00000223680.10	0	0	0	0	0	0
ENSG00000223687.4	0	0	0	0	0	0
ENSG00000223699.8	0	0	0	0	0	0
ENSG00000223731.4	1	0	0	1	0	0
ENSG00000223752.8	0	0	0	0	0	0
ENSG00000223757.8	0	0	0	0	0	0
ENSG00000223766.10	0	0	0	0	0	0
ENSG00000223767.5	0	0	0	0	0	0
ENSG00000223775.8	0	0	0	0	0	0
ENSG00000223793.7	0	0	0	0	0	0
ENSG00000223802.9	20	37	25	16	8	17
ENSG00000223833.6	0	0	0	0	0	0
ENSG00000223852.7	0	0	0	0	0	0
ENSG00000223858.7	0	0	0	0	0	0
ENSG00000223865.11	0	0	0	0	0	0
ENSG00000223885.4	0	0	0	0	0	0
ENSG00000223887.10	0	0	0	0	0	0
ENSG00000223898.8	0	0	0	0	0	0
ENSG00000223919.8	0	0	0	0	0	0
ENSG00000223932.6	0	0	0	0	0	0
ENSG00000223952.3	0	0	0	0	0	0
ENSG00000223953.6	0	0	0	0	0	0
ENSG00000223957.6	0	0	0	0	0	0
ENSG00000223980.10	0	0	0	0	0	0
ENSG00000223997.1	0	0	0	0	0	0
ENSG00000224041.3	0	0	0	0	0	0
ENSG00000224051.7	54	66	59	61	48	43
ENSG00000224089.3	0	0	0	0	0	0
ENSG00000224103.7	0	0	0	0	0	0
ENSG00000224105.2	0	0	0	0	0	0
ENSG00000224107.5	0	0	0	0	0	0
ENSG00000224109.4	0	0	0	0	0	0
ENSG00000224120.9	0	0	0	0	0	0
ENSG00000224143.10	0	0	0	0	0	0
ENSG00000224145.8	0	0	0	0	0	0
ENSG00000224156.10	0	0	0	0	0	0
ENSG00000224168.9	0	0	0	0	0	0
ENSG00000224180.8	0	0	0	0	0	0
ENSG00000224200.2	0	0	0	0	0	0
ENSG00000224212.4	0	0	0	0	0	0
ENSG00000224234.5	0	0	0	0	0	0
ENSG00000224242.7	0	0	0	0	0	0
ENSG00000224246.2	0	0	0	0	0	0
ENSG00000224264.9	0	0	0	0	0	0
ENSG00000224290.7	0	0	0	0	0	0
ENSG00000224305.9	0	0	0	0	0	0
ENSG00000224313.6	0	0	0	0	0	0
ENSG00000224319.4	0	0	0	0	0	0
ENSG00000224320.9	0	0	0	0	0	0
ENSG00000224373.3	0	0	0	0	0	0
ENSG00000224378.9	0	0	0	0	0	0
ENSG00000224379.6	0	0	0	0	0	0
ENSG00000224383.8	1	1	0	2	3	7
ENSG00000224389.9	0	0	0	0	0	0
ENSG00000224393.6	0	0	0	0	0	0
ENSG00000224395.8	0	0	0	0	0	0
ENSG00000224398.7	0	0	0	0	0	0
ENSG00000224399.11	0	0	0	0	0	0
ENSG00000224420.4	0	0	0	0	0	1
ENSG00000224440.2	0	0	0	0	0	0
ENSG00000224455.9	0	0	0	0	0	0
ENSG00000224470.9	860	1135	993	996	687	948
ENSG00000224472.6	0	0	0	0	0	0
ENSG00000224487.8	0	0	0	0	0	0
ENSG00000224496.7	0	0	0	0	0	0
ENSG00000224501.5	0	0	0	0	0	0
ENSG00000224531.6	67	46	42	41	45	56
ENSG00000224542.7	0	0	0	0	0	0
ENSG00000224544.2	0	0	0	0	0	0
ENSG00000224552.9	0	0	0	0	0	0
ENSG00000224578.5	1	4	4	9	4	8
ENSG00000224586.7	0	0	0	0	0	0
ENSG00000224587.9	0	0	0	0	0	0
ENSG00000224608.10	0	0	0	0	0	0
ENSG00000224650.2	0	0	0	0	0	0
ENSG00000224654.2	0	0	0	0	0	0
ENSG00000224659.3	0	0	0	0	0	0
ENSG00000224708.8	0	0	0	0	0	0
ENSG00000224712.13	0	0	0	0	0	0
ENSG00000224740.8	0	0	0	0	0	0
ENSG00000224748.4	0	0	0	0	0	0
ENSG00000224770.7	0	0	0	0	0	0
ENSG00000224774.7	0	0	0	0	0	0
ENSG00000224782.8	0	0	0	0	0	0
ENSG00000224841.9	0	0	0	0	0	0
ENSG00000224859.6	0	0	0	0	0	0
ENSG00000224877.4	134	125	129	100	87	121
ENSG00000224902.6	8	3	6	4	0	6
ENSG00000224916.9	0	0	0	0	0	0
ENSG00000224940.9	6	14	12	20	7	15
ENSG00000224941.6	0	0	0	0	0	0
ENSG00000224952.7	0	0	0	0	0	0
ENSG00000224960.5	0	0	0	0	0	1
ENSG00000224979.6	0	0	0	0	0	0
ENSG00000224982.4	0	0	0	0	0	0
ENSG00000224994.10	0	0	0	0	0	0
ENSG00000225060.8	0	0	0	0	0	0
ENSG00000225073.10	0	0	0	0	0	0
ENSG00000225103.3	0	0	0	0	0	0
ENSG00000225110.3	0	0	0	0	0	0
ENSG00000225130.9	0	0	0	0	0	0
ENSG00000225141.9	0	0	0	0	0	0
ENSG00000225164.9	0	0	0	0	0	0
ENSG00000225180.8	0	0	0	0	0	0
ENSG00000225190.12	8	8	7	15	10	13
ENSG00000225201.6	0	0	0	0	0	0
ENSG00000225211.6	0	0	0	0	0	0
ENSG00000225228.2	0	0	0	0	0	0
ENSG00000225247.4	0	0	0	0	0	0
ENSG00000225291.4	0	0	0	0	0	0
ENSG00000225312.2	0	0	0	0	0	0
ENSG00000225327.3	0	0	0	0	0	0
ENSG00000225351.4	0	0	0	0	0	0
ENSG00000225366.6	0	0	0	0	0	0
ENSG00000225396.6	0	0	0	0	0	0
ENSG00000225412.7	0	0	0	0	0	0
ENSG00000225452.5	0	0	0	0	0	0
ENSG00000225454.2	0	0	0	0	0	0
ENSG00000225523.2	0	0	0	0	0	0
ENSG00000225526.6	24	32	23	11	12	24
ENSG00000225528.4	1	0	0	0	0	1
ENSG00000225543.2	0	0	0	0	0	0
ENSG00000225550.4	0	0	0	0	0	0
ENSG00000225553.7	0	0	0	0	0	0
ENSG00000225556.2	2	3	8	4	3	4
ENSG00000225589.9	0	0	0	0	0	0
ENSG00000225590.9	0	0	0	0	0	0
ENSG00000225614.4	45	94	82	66	45	63
ENSG00000225635.7	0	0	0	0	0	0
ENSG00000225663.8	24	20	16	12	13	25
ENSG00000225682.6	0	0	0	0	0	0
ENSG00000225691.7	0	0	0	0	0	0
ENSG00000225697.13	416	426	450	434	378	459
ENSG00000225698.4	0	0	0	0	0	0
ENSG00000225736.3	0	0	0	0	0	0
ENSG00000225737.9	0	0	0	0	0	0
ENSG00000225748.9	0	0	0	0	0	0
ENSG00000225781.2	0	0	0	0	0	0
ENSG00000225805.4	0	0	0	0	0	0
ENSG00000225824.8	0	0	0	0	0	0
ENSG00000225825.1	0	0	0	0	0	0
ENSG00000225828.2	0	0	0	2	0	1
ENSG00000225830.16	1340	1442	1256	1484	1177	1554
ENSG00000225845.7	0	0	0	0	0	0
ENSG00000225859.10	0	0	0	0	0	0
ENSG00000225890.10	0	0	0	0	0	0
ENSG00000225899.8	0	0	0	0	0	0
ENSG00000225921.7	1449	1540	1510	825	934	1085
ENSG00000225950.9	2	1	0	1	0	4
ENSG00000225967.9	0	0	0	0	0	0
ENSG00000225968.8	36	47	47	44	21	23
ENSG00000225973.4	49	68	47	53	60	70
ENSG00000225987.7	0	0	0	0	0	0
ENSG00000225989.9	0	0	0	0	0	0
ENSG00000225993.9	0	0	0	0	0	0
ENSG00000225997.1	0	0	0	0	0	0
ENSG00000225998.6	0	0	0	0	0	0
ENSG00000226000.4	0	0	0	0	0	0
ENSG00000226023.6	0	0	0	0	0	0
ENSG00000226033.11	0	0	0	0	0	0
ENSG00000226060.7	0	0	0	0	0	0
ENSG00000226103.2	0	0	0	0	0	0
ENSG00000226111.8	0	0	0	0	0	0
ENSG00000226124.10	32	43	53	39	41	39
ENSG00000226127.7	0	0	0	0	0	0
ENSG00000226165.9	0	0	0	0	0	0
ENSG00000226171.6	0	0	0	0	0	0
ENSG00000226173.4	0	0	0	0	0	0
ENSG00000226174.7	7	6	11	21	4	22
ENSG00000226182.8	0	0	0	0	0	0
ENSG00000226187.8	0	0	0	0	0	0
ENSG00000226201.6	0	0	0	0	0	0
ENSG00000226215.6	0	0	0	0	0	0
ENSG00000226225.6	0	0	0	0	0	0
ENSG00000226248.6	0	0	0	0	0	0
ENSG00000226257.9	0	0	0	0	0	0
ENSG00000226260.9	0	0	0	0	0	0
ENSG00000226264.10	0	0	0	0	0	0
ENSG00000226271.1	0	0	0	0	0	0
ENSG00000226275.8	0	0	0	0	0	0
ENSG00000226288.3	0	0	0	0	0	0
ENSG00000226314.9	2	5	5	6	4	6
ENSG00000226321.6	0	1	2	1	0	1
ENSG00000226347.4	0	0	0	0	0	0
ENSG00000226372.4	0	0	0	2	0	1
ENSG00000226384.10	0	0	0	0	0	0
ENSG00000226402.8	0	0	0	0	0	0
ENSG00000226404.9	0	0	0	0	0	0
ENSG00000226417.6	0	0	0	0	0	0
ENSG00000226430.7	0	0	0	0	0	0
ENSG00000226437.10	0	0	0	0	0	0
ENSG00000226463.1	0	0	0	0	0	0
ENSG00000226467.9	0	0	0	0	0	0
ENSG00000226479.4	268	327	346	171	164	222
ENSG00000226490.2	0	0	1	0	0	0
ENSG00000226492.7	0	0	0	0	0	0
ENSG00000226531.2	0	0	0	0	0	0
ENSG00000226560.10	0	0	0	0	0	0
ENSG00000226589.9	0	0	0	0	0	0
ENSG00000226600.3	0	0	0	0	0	0
ENSG00000226603.8	0	0	0	0	0	0
ENSG00000226614.11	0	0	0	0	0	0
ENSG00000226618.9	0	0	0	0	0	0
ENSG00000226634.6	0	0	0	0	0	0
ENSG00000226650.6	181	177	144	53	70	78
ENSG00000226651.6	0	0	0	0	0	0
ENSG00000226660.2	0	0	0	0	0	0
ENSG00000226685.4	0	0	0	0	0	0
ENSG00000226690.9	0	0	0	1	1	1
ENSG00000226704.6	0	0	0	0	0	0
ENSG00000226710.9	0	0	0	0	0	0
ENSG00000226742.4	27	17	25	22	33	28
ENSG00000226761.3	0	0	0	0	0	0
ENSG00000226763.5	8	30	27	38	18	25
ENSG00000226784.3	2	3	0	0	0	0
ENSG00000226788.3	0	0	0	0	0	0
ENSG00000226792.8	0	0	0	0	0	0
ENSG00000226807.7	0	0	1	0	0	0
ENSG00000226826.10	0	0	0	0	0	0
ENSG00000226832.3	0	0	0	0	0	0
ENSG00000226841.2	0	0	0	0	0	0
ENSG00000226850.2	0	0	0	0	0	0
ENSG00000226858.7	0	0	0	0	0	0
ENSG00000226882.9	0	0	0	0	0	0
ENSG00000226887.8	29	41	39	28	34	41
ENSG00000226892.6	0	0	0	0	0	0
ENSG00000226898.2	0	0	0	0	0	0
ENSG00000226916.8	0	0	0	0	0	0
ENSG00000226923.2	0	0	0	0	0	0
ENSG00000226929.3	0	0	0	0	0	0
ENSG00000226931.2	0	0	0	0	0	0
ENSG00000226936.4	0	0	0	0	0	0
ENSG00000226941.9	0	0	0	0	0	0
ENSG00000226979.9	0	0	0	0	0	0
ENSG00000227044.4	0	0	0	0	0	0
ENSG00000227046.8	0	0	0	0	0	0
ENSG00000227051.7	68	110	108	124	104	115
ENSG00000227057.10	534	540	521	492	394	474
ENSG00000227059.7	0	0	0	0	0	1
ENSG00000227074.11	0	0	0	0	0	0
ENSG00000227108.1	0	0	0	0	0	0
ENSG00000227122.9	0	0	0	0	0	0
ENSG00000227124.11	0	1	1	0	0	0
ENSG00000227129.6	0	0	0	0	0	0
ENSG00000227137.8	0	0	0	0	0	0
ENSG00000227140.3	0	0	0	0	0	0
ENSG00000227144.8	0	0	0	0	0	0
ENSG00000227147.9	0	0	0	0	0	0
ENSG00000227151.4	0	0	0	0	0	0
ENSG00000227152.6	0	0	0	0	0	0
ENSG00000227171.8	0	0	0	0	0	0
ENSG00000227191.8	1	1	3	3	4	6
ENSG00000227196.1	0	0	0	0	0	0
ENSG00000227222.7	0	0	0	0	0	0
ENSG00000227231.3	0	0	0	0	0	0
ENSG00000227234.2	0	0	0	0	0	0
ENSG00000227246.2	0	0	0	0	0	0
ENSG00000227268.5	5	16	8	6	6	8
ENSG00000227277.9	0	0	0	0	0	0
ENSG00000227314.12	0	0	0	0	0	0
ENSG00000227315.7	0	0	0	0	0	0
ENSG00000227317.6	0	0	0	0	0	0
ENSG00000227322.11	0	0	0	0	0	0
ENSG00000227333.8	0	0	0	0	0	0
ENSG00000227345.9	555	553	588	575	459	637
ENSG00000227357.2	0	0	0	0	0	0
ENSG00000227402.11	0	0	0	0	0	0
ENSG00000227420.8	0	0	0	0	0	0
ENSG00000227446.2	0	0	0	0	0	0
ENSG00000227458.8	0	0	0	0	0	0
ENSG00000227460.8	0	0	0	0	0	0
ENSG00000227471.9	0	0	0	0	0	1
ENSG00000227472.8	0	0	0	0	0	0
ENSG00000227488.3	0	0	0	0	0	0
ENSG00000227500.11	121	205	159	98	83	109
ENSG00000227506.5	0	0	0	0	0	0
ENSG00000227507.3	0	0	0	0	0	0
ENSG00000227551.1	0	0	0	0	0	0
ENSG00000227565.8	0	0	0	0	0	0
ENSG00000227567.7	0	0	0	0	0	0
ENSG00000227587.2	0	0	0	0	0	0
ENSG00000227600.11	0	0	0	0	0	0
ENSG00000227639.1	0	0	0	0	0	0
ENSG00000227642.9	0	0	0	0	0	0
ENSG00000227686.7	0	0	0	0	0	0
ENSG00000227715.11	0	0	0	0	0	0
ENSG00000227717.5	0	0	0	0	0	0
ENSG00000227720.6	0	0	0	0	0	0
ENSG00000227729.5	0	0	0	0	0	0
ENSG00000227739.10	0	0	0	0	0	0
ENSG00000227746.9	0	0	0	0	0	0
ENSG00000227761.10	0	0	0	0	0	0
ENSG00000227772.8	0	0	0	0	0	0
ENSG00000227780.5	0	0	0	0	0	0
ENSG00000227794.5	0	0	0	0	0	0
ENSG00000227800.1	0	0	0	0	0	0
ENSG00000227801.8	0	0	0	0	0	0
ENSG00000227804.7	0	0	0	0	0	0
ENSG00000227816.4	0	0	0	0	0	0
ENSG00000227826.9	0	0	0	0	0	0
ENSG00000227858.1	0	0	0	0	0	0
ENSG00000227861.9	0	0	0	0	0	0
ENSG00000227868.7	0	0	2	0	0	0
ENSG00000227877.7	0	0	0	0	0	0
ENSG00000227993.9	0	0	0	0	0	0
ENSG00000228001.8	0	0	0	0	0	0
ENSG00000228049.8	0	0	0	0	0	0
ENSG00000228075.5	0	1	0	0	0	0
ENSG00000228080.10	0	0	0	0	0	0
ENSG00000228083.3	0	0	0	0	0	0
ENSG00000228090.6	0	0	0	0	0	0
ENSG00000228116.9	0	0	0	0	0	0
ENSG00000228128.6	0	0	0	0	0	0
ENSG00000228131.1	0	0	0	0	0	0
ENSG00000228144.2	0	0	0	0	0	0
ENSG00000228163.8	0	0	0	0	0	0
ENSG00000228177.2	0	0	0	0	0	0
ENSG00000228186.10	0	0	0	0	0	0
ENSG00000228198.3	0	0	0	0	0	0
ENSG00000228250.2	0	0	0	0	0	0
ENSG00000228253.1	4	9	6	9	2	3
ENSG00000228254.9	0	0	0	0	0	0
ENSG00000228263.8	0	0	0	0	0	0
ENSG00000228267.8	0	0	0	0	0	0
ENSG00000228278.5	0	0	0	0	0	0
ENSG00000228284.8	0	0	0	0	0	0
ENSG00000228299.9	0	0	0	0	0	0
ENSG00000228300.14	114	178	167	71	98	76
ENSG00000228321.3	0	0	0	0	0	0
ENSG00000228325.5	0	0	0	0	0	0
ENSG00000228333.9	0	0	0	0	0	0
ENSG00000228336.2	0	0	0	0	0	0
ENSG00000228357.2	0	0	0	0	0	0
ENSG00000228377.3	0	0	0	0	0	0
ENSG00000228405.5	0	0	0	0	0	0
ENSG00000228425.9	0	0	0	0	0	0
ENSG00000228435.2	0	0	0	0	0	0
ENSG00000228454.7	0	0	0	0	0	0
ENSG00000228474.6	13	19	13	7	5	9
ENSG00000228486.11	41	31	31	95	48	87
ENSG00000228515.3	0	0	0	0	0	0
ENSG00000228517.3	0	0	0	0	0	0
ENSG00000228520.3	0	0	0	0	0	0
ENSG00000228567.3	0	0	0	0	0	0
ENSG00000228570.8	0	0	0	0	0	0
ENSG00000228575.9	0	0	0	0	0	0
ENSG00000228581.9	0	0	0	0	0	0
ENSG00000228582.9	0	0	0	0	0	0
ENSG00000228594.4	5	11	15	13	2	9
ENSG00000228605.6	0	0	0	0	0	0
ENSG00000228607.3	0	0	0	0	0	0
ENSG00000228628.8	0	0	0	0	0	0
ENSG00000228652.1	0	0	0	0	0	0
ENSG00000228662.2	0	0	0	0	0	0
ENSG00000228672.4	4	12	7	5	5	4
ENSG00000228691.6	0	0	0	0	0	0
ENSG00000228696.11	0	0	0	0	0	0
ENSG00000228712.2	0	0	0	0	0	0
ENSG00000228716.7	11	5	2	2	0	1
ENSG00000228727.10	1	3	1	11	0	3
ENSG00000228736.9	0	0	0	0	0	0
ENSG00000228760.10	0	0	0	0	0	0
ENSG00000228789.9	0	0	0	0	0	0
ENSG00000228813.9	0	0	0	0	0	0
ENSG00000228836.9	0	0	0	0	0	0
ENSG00000228849.3	0	0	0	0	0	0
ENSG00000228854.8	0	0	0	0	0	0
ENSG00000228856.3	0	0	0	0	0	0
ENSG00000228859.2	0	0	0	0	0	0
ENSG00000228867.8	0	0	0	0	0	0
ENSG00000228875.8	0	0	0	0	0	0
ENSG00000228881.7	0	0	0	0	0	0
ENSG00000228883.9	0	0	0	0	0	0
ENSG00000228892.9	0	0	0	0	0	0
ENSG00000228896.9	0	0	0	0	0	0
ENSG00000228907.5	0	0	0	0	0	0
ENSG00000228913.2	0	0	0	0	0	0
ENSG00000228927.10	0	0	0	0	0	0
ENSG00000228964.10	0	0	0	0	0	0
ENSG00000228977.1	0	0	0	0	0	0
ENSG00000228978.2	0	0	0	0	0	0
ENSG00000228985.1	0	0	0	0	0	0
ENSG00000228987.9	0	0	0	0	0	0
ENSG00000229006.7	0	0	0	0	0	0
ENSG00000229058.10	0	0	0	0	0	0
ENSG00000229061.8	0	0	0	0	0	0
ENSG00000229071.9	0	0	0	0	0	0
ENSG00000229074.8	0	0	0	0	0	0
ENSG00000229077.8	0	0	0	0	0	0
ENSG00000229094.9	0	0	0	0	0	0
ENSG00000229117.9	27331	30789	26730	11313	12119	14824
ENSG00000229125.8	0	0	0	0	0	0
ENSG00000229176.11	0	0	0	0	0	0
ENSG00000229183.10	0	0	0	0	0	0
ENSG00000229185.4	0	0	0	0	0	0
ENSG00000229202.10	0	0	0	0	0	0
ENSG00000229215.9	0	0	0	0	0	0
ENSG00000229252.6	0	0	0	0	0	0
ENSG00000229253.5	0	0	0	0	0	0
ENSG00000229284.4	0	0	0	0	0	0
ENSG00000229292.2	0	0	0	0	0	0
ENSG00000229295.11	0	0	0	0	0	0
ENSG00000229300.9	0	0	0	0	0	0
ENSG00000229314.6	0	0	0	0	0	0
ENSG00000229328.1	0	0	0	0	0	0
ENSG00000229341.2	0	0	0	0	0	0
ENSG00000229346.8	0	0	0	0	0	0
ENSG00000229353.10	0	0	0	0	0	0
ENSG00000229363.9	0	0	0	0	0	0
ENSG00000229381.8	0	0	0	0	0	0
ENSG00000229408.8	0	0	0	0	0	0
ENSG00000229412.5	0	0	0	0	0	0
ENSG00000229432.2	0	0	0	0	0	0
ENSG00000229453.3	0	0	0	0	0	0
ENSG00000229470.9	0	0	0	0	0	0
ENSG00000229474.8	0	1	2	5	1	2
ENSG00000229488.9	0	0	0	0	0	0
ENSG00000229493.9	0	0	0	0	0	0
ENSG00000229496.10	0	0	0	0	0	0
ENSG00000229524.10	0	0	0	0	0	0
ENSG00000229544.9	0	0	0	0	0	0
ENSG00000229549.9	0	0	0	0	0	0
ENSG00000229571.7	0	0	0	0	0	0
ENSG00000229579.5	0	0	0	0	0	0
ENSG00000229597.7	0	0	0	0	0	0
ENSG00000229637.4	0	0	0	0	0	0
ENSG00000229665.8	0	0	0	0	0	0
ENSG00000229674.3	11	12	9	10	7	12
ENSG00000229676.3	3	2	2	2	4	0
ENSG00000229680.4	0	0	0	0	0	0
ENSG00000229684.10	0	0	0	0	0	0
ENSG00000229685.8	0	0	0	0	0	0
ENSG00000229698.11	0	0	0	0	0	0
ENSG00000229741.7	0	0	0	0	0	0
ENSG00000229767.9	0	0	0	0	0	0
ENSG00000229769.2	0	0	0	0	0	0
ENSG00000229802.11	0	0	0	0	0	0
ENSG00000229809.9	247	274	281	271	200	259
ENSG00000229833.11	188	204	242	124	152	140
ENSG00000229859.10	0	0	0	0	0	0
ENSG00000229861.8	0	0	0	0	0	0
ENSG00000229866.1	0	0	0	0	0	0
ENSG00000229894.5	0	0	0	0	0	0
ENSG00000229924.3	0	0	0	0	0	0
ENSG00000229929.10	0	0	0	0	0	0
ENSG00000229937.9	0	1	0	1	0	0
ENSG00000229972.10	0	0	0	0	0	0
ENSG00000229998.8	0	0	0	0	0	0
ENSG00000230031.10	0	0	0	0	0	0
ENSG00000230034.8	0	0	0	0	0	0
ENSG00000230045.4	0	0	0	0	0	0
ENSG00000230048.8	0	0	0	0	0	0
ENSG00000230054.3	0	0	0	0	0	0
ENSG00000230060.6	0	0	0	0	0	0
ENSG00000230062.7	0	0	0	0	0	0
ENSG00000230072.2	0	0	0	0	0	0
ENSG00000230099.2	0	0	0	0	0	0
ENSG00000230108.3	0	0	0	0	0	0
ENSG00000230124.8	1088	1161	1161	1080	924	1226
ENSG00000230128.3	0	0	0	0	0	0
ENSG00000230141.11	0	0	0	0	0	0
ENSG00000230143.9	0	0	0	0	0	0
ENSG00000230178.1	0	0	0	0	0	0
ENSG00000230230.7	0	0	0	0	0	0
ENSG00000230254.7	0	0	0	0	0	0
ENSG00000230268.3	0	0	0	0	0	0
ENSG00000230279.8	0	0	0	0	0	0
ENSG00000230293.11	0	0	0	0	0	0
ENSG00000230301.6	0	0	0	0	0	0
ENSG00000230308.10	0	0	0	0	0	0
ENSG00000230332.8	0	0	0	0	0	0
ENSG00000230336.9	0	0	0	0	0	0
ENSG00000230341.8	0	0	0	0	0	0
ENSG00000230347.5	0	0	0	0	0	0
ENSG00000230358.6	0	0	0	0	0	0
ENSG00000230413.9	0	0	0	0	0	0
ENSG00000230430.5	0	0	0	0	0	0
ENSG00000230453.11	304	289	277	367	257	321
ENSG00000230456.10	0	0	0	0	0	0
ENSG00000230463.2	0	0	0	0	0	0
ENSG00000230467.8	0	0	0	0	0	0
ENSG00000230475.9	0	0	0	0	0	0
ENSG00000230505.4	0	0	0	0	0	0
ENSG00000230514.11	0	0	0	0	0	0
ENSG00000230522.5	0	0	0	0	0	0
ENSG00000230549.3	0	0	0	0	0	0
ENSG00000230561.6	0	3	1	1	0	4
ENSG00000230594.3	0	0	0	0	0	0
ENSG00000230601.7	0	0	0	0	0	0
ENSG00000230624.10	0	0	0	0	0	0
ENSG00000230657.8	0	0	0	0	0	0
ENSG00000230667.7	7	2	3	5	4	2
ENSG00000230669.6	0	0	0	0	0	0
ENSG00000230675.9	0	0	0	0	0	0
ENSG00000230678.10	0	0	0	0	0	0
ENSG00000230685.6	0	0	0	0	0	0
ENSG00000230700.11	0	0	0	0	0	0
ENSG00000230705.4	0	0	0	0	0	0
ENSG00000230707.3	0	0	0	0	0	0
ENSG00000230708.10	0	0	0	0	0	0
ENSG00000230726.9	0	0	0	0	0	0
ENSG00000230763.11	0	0	0	0	0	0
ENSG00000230778.2	0	1	2	1	0	1
ENSG00000230780.8	0	0	0	0	0	0
ENSG00000230791.8	0	0	0	0	0	0
ENSG00000230797.3	35	42	42	30	25	28
ENSG00000230855.3	0	0	0	0	0	0
ENSG00000230873.9	1	1	2	3	0	0
ENSG00000230885.9	0	0	0	0	0	0
ENSG00000230900.5	0	0	0	0	0	0
ENSG00000230907.2	0	0	0	0	0	0
ENSG00000230930.8	0	0	0	0	0	0
ENSG00000230961.10	0	0	0	0	0	0
ENSG00000230985.11	0	0	0	0	0	0
ENSG00000230989.8	1367	1215	1508	743	949	996
ENSG00000230995.7	0	0	0	0	0	0
ENSG00000231002.7	0	0	0	0	0	0
ENSG00000231003.6	0	0	0	0	0	0
ENSG00000231021.9	0	0	0	0	0	0
ENSG00000231041.1	0	0	0	0	0	0
ENSG00000231044.10	0	0	0	0	0	0
ENSG00000231048.8	0	0	0	0	0	0
ENSG00000231051.3	0	0	0	0	0	0
ENSG00000231068.1	0	0	0	0	0	0
ENSG00000231094.8	0	0	0	0	0	0
ENSG00000231115.3	0	0	0	0	0	0
ENSG00000231116.9	0	0	0	0	0	0
ENSG00000231129.8	0	0	0	0	0	0
ENSG00000231135.9	0	0	0	0	0	0
ENSG00000231179.9	0	0	0	0	0	0
ENSG00000231192.3	0	0	0	0	0	0
ENSG00000231213.7	0	0	0	0	0	0
ENSG00000231225.9	0	0	0	0	0	0
ENSG00000231247.8	0	0	0	0	0	0
ENSG00000231256.8	0	0	0	0	0	0
ENSG00000231257.8	0	0	0	0	0	0
ENSG00000231268.9	0	0	0	0	0	0
ENSG00000231274.5	2	12	9	6	5	2
ENSG00000231286.7	0	0	0	0	0	0
ENSG00000231292.6	0	0	0	0	0	0
ENSG00000231314.7	0	0	0	0	0	0
ENSG00000231319.3	0	0	0	0	0	0
ENSG00000231321.9	0	0	0	0	0	0
ENSG00000231325.9	0	0	0	0	0	0
ENSG00000231350.5	0	0	0	0	0	0
ENSG00000231370.9	0	0	0	0	0	0
ENSG00000231372.8	0	0	0	0	0	0
ENSG00000231377.6	0	0	0	0	0	0
ENSG00000231389.8	0	0	0	0	0	0
ENSG00000231396.3	0	0	0	0	0	0
ENSG00000231408.8	0	0	0	0	0	0
ENSG00000231475.3	0	0	0	0	0	0
ENSG00000231479.8	0	0	0	0	0	0
ENSG00000231488.9	0	0	0	0	0	0
ENSG00000231500.7	1684	1124	1447	899	1210	1032
ENSG00000231502.6	0	0	0	0	0	0
ENSG00000231526.3	0	0	0	0	0	0
ENSG00000231543.9	0	0	0	0	0	0
ENSG00000231555.4	0	0	0	0	0	0
ENSG00000231558.11	0	0	0	0	0	0
ENSG00000231608.9	0	0	0	0	0	0
ENSG00000231617.8	0	0	0	0	0	0
ENSG00000231618.10	0	0	0	0	0	0
ENSG00000231624.2	0	0	0	0	0	0
ENSG00000231631.6	0	0	0	0	0	0
ENSG00000231637.3	0	0	0	0	0	0
ENSG00000231641.9	0	0	0	0	0	0
ENSG00000231676.4	0	0	0	0	0	0
ENSG00000231679.7	0	0	0	0	0	0
ENSG00000231737.7	0	0	0	0	0	0
ENSG00000231738.11	0	0	0	0	0	0
ENSG00000231823.3	0	0	0	0	0	0
ENSG00000231824.4	0	0	0	0	0	0
ENSG00000231825.9	0	0	0	0	0	0
ENSG00000231834.10	0	0	0	0	0	0
ENSG00000231852.9	2	0	0	0	0	5
ENSG00000231861.3	0	0	0	0	0	0
ENSG00000231887.9	0	0	0	0	0	0
ENSG00000231924.10	0	0	0	0	0	0
ENSG00000231925.14	144	201	141	149	124	172
ENSG00000231939.5	0	0	0	0	0	0
ENSG00000231945.8	0	0	0	0	0	0
ENSG00000231968.2	0	0	0	0	0	0
ENSG00000231974.6	0	0	0	0	0	0
ENSG00000231975.2	0	0	0	0	0	0
ENSG00000231989.5	2	2	3	2	3	1
ENSG00000232005.7	0	0	0	0	0	0
ENSG00000232030.4	0	0	0	0	0	1
ENSG00000232040.4	6	1	8	9	4	12
ENSG00000232045.7	0	0	0	0	0	0
ENSG00000232062.9	0	0	0	0	0	0
ENSG00000232070.9	9	19	24	20	18	17
ENSG00000232099.7	0	0	0	0	0	0
ENSG00000232106.9	0	0	0	0	0	0
ENSG00000232112.3	795	766	762	465	436	461
ENSG00000232113.3	0	0	0	0	0	0
ENSG00000232119.8	67	75	81	47	66	92
ENSG00000232125.5	0	0	0	0	0	0
ENSG00000232126.8	0	0	0	0	0	0
ENSG00000232127.2	0	0	0	0	0	0
ENSG00000232143.9	0	0	0	0	0	0
ENSG00000232169.9	0	0	0	0	0	0
ENSG00000232178.1	0	0	0	0	0	0
ENSG00000232180.8	0	0	0	0	0	0
ENSG00000232216.1	0	0	0	0	0	0
ENSG00000232237.5	0	0	0	0	0	0
ENSG00000232251.5	0	0	0	0	0	0
ENSG00000232258.7	0	0	0	0	0	0
ENSG00000232263.1	0	0	0	0	0	0
ENSG00000232264.5	0	0	0	0	0	0
ENSG00000232268.7	0	0	0	0	0	0
ENSG00000232280.9	0	0	0	0	0	0
ENSG00000232289.8	0	0	0	0	0	0
ENSG00000232308.4	0	0	0	0	0	0
ENSG00000232312.6	0	0	0	0	0	0
ENSG00000232326.9	0	0	0	0	0	0
ENSG00000232339.5	0	0	0	0	0	0
ENSG00000232357.2	0	0	0	0	0	0
ENSG00000232367.5	0	0	0	0	0	0
ENSG00000232382.2	0	0	0	0	0	0
ENSG00000232388.5	74	58	75	22	26	34
ENSG00000232397.5	0	0	0	0	0	0
ENSG00000232399.4	0	0	0	0	0	0
ENSG00000232414.6	0	0	0	0	0	0
ENSG00000232421.10	0	0	0	0	0	0
ENSG00000232423.6	0	0	0	0	0	0
ENSG00000232434.3	32	46	39	34	26	30
ENSG00000232535.2	0	0	0	0	0	0
ENSG00000232541.10	0	0	0	0	0	0
ENSG00000232543.2	0	0	0	0	0	0
ENSG00000232569.8	0	0	0	0	0	0
ENSG00000232575.10	0	0	0	0	0	0
ENSG00000232593.8	0	0	0	0	0	0
ENSG00000232616.9	0	0	0	0	0	0
ENSG00000232629.9	0	0	0	0	0	0
ENSG00000232632.8	0	0	0	0	0	0
ENSG00000232641.10	0	0	0	0	0	0
ENSG00000232653.9	0	0	0	0	0	0
ENSG00000232804.5	0	0	0	0	0	0
ENSG00000232810.5	0	0	0	0	0	0
ENSG00000232838.4	91	151	139	121	136	141
ENSG00000232839.10	0	0	0	0	0	0
ENSG00000232859.10	0	2	0	0	0	0
ENSG00000232869.2	0	0	0	0	0	0
ENSG00000232945.4	0	0	0	0	0	0
ENSG00000232948.1	0	0	0	0	0	0
ENSG00000232957.11	0	0	0	0	0	0
ENSG00000232960.12	0	0	0	0	0	0
ENSG00000232962.11	0	0	0	0	0	0
ENSG00000232984.8	0	0	0	0	0	0
ENSG00000233024.7	0	0	0	0	0	0
ENSG00000233041.8	0	0	0	0	0	0
ENSG00000233046.8	0	0	0	0	0	0
ENSG00000233049.6	0	0	0	0	0	0
ENSG00000233050.1	0	0	0	0	0	0
ENSG00000233051.9	0	0	0	0	0	0
ENSG00000233054.3	0	0	0	0	0	0
ENSG00000233056.4	0	0	0	0	0	0
ENSG00000233076.6	0	0	0	0	0	0
ENSG00000233087.8	5	5	8	2	10	2
ENSG00000233095.8	0	0	0	0	0	0
ENSG00000233115.4	0	0	0	0	0	0
ENSG00000233132.4	0	0	0	0	0	0
ENSG00000233136.3	0	0	0	0	0	0
ENSG00000233141.3	0	0	0	0	0	0
ENSG00000233149.10	0	0	0	0	0	0
ENSG00000233151.6	0	0	0	0	0	0
ENSG00000233164.9	0	0	0	0	0	0
ENSG00000233180.3	0	0	0	0	0	0
ENSG00000233192.7	0	0	0	0	0	0
ENSG00000233198.4	4	4	0	2	4	6
ENSG00000233209.6	0	0	0	0	0	0
ENSG00000233210.6	0	0	0	0	0	0
ENSG00000233232.8	0	0	0	0	0	0
ENSG00000233276.9	0	0	2	0	1	0
ENSG00000233295.3	0	0	0	0	0	0
ENSG00000233306.2	0	0	0	0	0	0
ENSG00000233312.8	0	0	0	0	0	0
ENSG00000233314.6	0	0	0	0	0	0
ENSG00000233323.10	0	0	0	0	0	0
ENSG00000233345.9	0	0	0	0	0	0
ENSG00000233348.10	0	0	0	0	0	0
ENSG00000233381.4	0	0	0	0	0	0
ENSG00000233412.6	0	0	0	0	0	0
ENSG00000233418.8	0	0	0	0	0	0
ENSG00000233436.8	0	0	0	0	0	0
ENSG00000233439.8	0	0	0	0	0	0
ENSG00000233450.7	0	0	0	0	0	0
ENSG00000233481.4	0	0	0	0	0	0
ENSG00000233490.7	0	0	0	0	0	0
ENSG00000233493.4	21	20	37	12	13	11
ENSG00000233561.6	0	0	0	0	0	0
ENSG00000233564.10	0	0	0	0	0	0
ENSG00000233566.1	0	0	0	0	0	0
ENSG00000233573.9	0	0	0	0	0	0
ENSG00000233599.8	0	0	0	0	0	0
ENSG00000233608.4	0	0	0	0	0	0
ENSG00000233618.1	0	0	0	0	0	0
ENSG00000233636.1	0	0	0	0	0	0
ENSG00000233641.9	0	0	0	0	0	0
ENSG00000233655.1	0	0	0	0	0	0
ENSG00000233670.7	0	0	0	0	0	0
ENSG00000233687.3	0	0	0	0	0	0
ENSG00000233701.3	0	0	0	0	0	0
ENSG00000233732.5	0	0	0	0	0	0
ENSG00000233734.8	0	0	0	0	0	0
ENSG00000233757.7	11	11	12	12	11	5
ENSG00000233795.6	0	0	0	0	0	0
ENSG00000233801.9	0	0	0	0	0	0
ENSG00000233802.8	0	0	0	0	0	0
ENSG00000233803.9	0	0	0	0	0	0
ENSG00000233813.8	0	0	0	0	0	0
ENSG00000233816.4	0	0	0	0	0	0
ENSG00000233822.6	84	114	109	86	82	82
ENSG00000233831.4	0	0	0	0	0	0
ENSG00000233841.11	0	0	0	0	0	0
ENSG00000233890.6	0	0	0	0	0	0
ENSG00000233904.6	0	0	0	0	0	0
ENSG00000233911.9	0	0	0	0	0	0
ENSG00000233917.9	0	0	0	0	0	0
ENSG00000233927.5	19	17	17	7	3	2
ENSG00000233931.7	0	0	0	0	0	0
ENSG00000233932.6	0	0	0	0	1	1
ENSG00000233948.10	0	0	0	0	0	0
ENSG00000233954.7	235	157	181	114	133	128
ENSG00000233999.3	0	0	0	0	0	0
ENSG00000234000.8	0	0	0	0	0	0
ENSG00000234012.9	0	0	0	0	0	0
ENSG00000234032.11	0	0	0	0	0	0
ENSG00000234046.7	0	0	0	0	0	0
ENSG00000234058.6	0	0	0	0	0	0
ENSG00000234068.7	0	0	0	0	0	0
ENSG00000234078.10	0	0	0	0	0	0
ENSG00000234096.9	0	0	0	0	0	0
ENSG00000234100.4	0	0	0	0	0	0
ENSG00000234101.1	0	0	0	0	0	0
ENSG00000234114.8	0	0	0	0	0	0
ENSG00000234127.9	107	86	121	110	90	98
ENSG00000234137.5	0	0	0	0	0	0
ENSG00000234154.10	0	0	0	0	0	0
ENSG00000234186.5	0	0	0	0	0	0
ENSG00000234195.4	0	0	0	0	0	0
ENSG00000234196.2	0	0	0	0	0	0
ENSG00000234218.9	0	0	0	0	0	0
ENSG00000234224.3	1	0	0	0	1	0
ENSG00000234243.7	0	0	0	0	0	0
ENSG00000234258.6	0	0	0	0	0	0
ENSG00000234278.3	0	0	0	0	0	0
ENSG00000234280.6	0	0	0	0	0	0
ENSG00000234284.7	36	30	37	51	43	48
ENSG00000234289.6	0	0	0	0	0	0
ENSG00000234343.6	0	0	0	0	0	0
ENSG00000234347.8	0	0	0	0	0	0
ENSG00000234370.10	0	0	0	0	0	0
ENSG00000234409.7	0	0	0	0	0	0
ENSG00000234414.8	0	0	0	0	0	0
ENSG00000234433.8	0	0	0	0	0	0
ENSG00000234438.5	0	0	0	2	0	0
ENSG00000234443.9	0	0	0	0	0	0
ENSG00000234444.10	359	403	425	444	386	454
ENSG00000234465.11	2	0	2	6	3	1
ENSG00000234469.4	1	4	0	0	0	1
ENSG00000234475.5	0	0	0	0	0	0
ENSG00000234487.11	0	0	0	0	0	0
ENSG00000234495.7	0	0	0	0	0	0
ENSG00000234507.9	0	0	0	0	0	0
ENSG00000234508.7	0	0	0	0	0	0
ENSG00000234511.10	0	0	0	0	0	0
ENSG00000234514.8	0	0	0	0	0	0
ENSG00000234530.8	0	0	0	0	0	0
ENSG00000234539.9	0	0	0	0	0	0
ENSG00000234545.8	233	216	259	253	241	253
ENSG00000234549.8	0	0	0	0	0	0
ENSG00000234560.5	0	0	0	0	0	0
ENSG00000234602.9	12	17	12	32	26	20
ENSG00000234605.2	0	0	0	0	0	0
ENSG00000234616.9	334	394	347	437	273	473
ENSG00000234623.9	0	0	0	0	0	0
ENSG00000234651.10	0	0	0	0	0	0
ENSG00000234668.3	0	0	0	0	0	0
ENSG00000234669.7	0	0	0	0	0	0
ENSG00000234674.6	0	0	0	0	0	0
ENSG00000234704.9	0	0	0	0	0	0
ENSG00000234719.9	2	5	0	1	5	3
ENSG00000234728.9	0	0	0	0	0	0
ENSG00000234729.9	0	0	0	0	0	0
ENSG00000234745.14	4	0	5	2	6	4
ENSG00000234746.4	0	0	0	0	0	0
ENSG00000234776.5	0	0	0	0	0	0
ENSG00000234794.9	0	0	0	0	0	0
ENSG00000234798.6	0	0	0	0	0	0
ENSG00000234809.8	0	0	0	0	0	0
ENSG00000234828.9	0	0	3	3	0	3
ENSG00000234829.4	0	0	0	0	0	0
ENSG00000234836.7	0	0	0	0	0	0
ENSG00000234846.7	0	0	0	0	0	0
ENSG00000234852.2	0	0	0	0	0	0
ENSG00000234857.2	0	4	1	5	5	3
ENSG00000234876.5	0	0	0	0	0	0
ENSG00000234906.11	0	0	0	0	0	0
ENSG00000234920.3	0	0	0	0	0	0
ENSG00000234947.8	0	0	0	0	0	0
ENSG00000234951.9	0	0	0	0	0	0
ENSG00000234954.3	0	0	0	0	0	0
ENSG00000234965.3	0	0	0	3	0	1
ENSG00000235007.3	0	0	0	0	0	0
ENSG00000235017.9	0	0	0	0	0	0
ENSG00000235022.8	0	0	0	0	0	0
ENSG00000235025.8	0	0	0	0	0	0
ENSG00000235030.3	0	0	0	0	0	0
ENSG00000235034.7	0	2	1	1	0	0
ENSG00000235067.10	0	0	0	0	0	0
ENSG00000235068.9	0	0	0	0	0	0
ENSG00000235098.9	0	0	0	0	0	0
ENSG00000235106.10	4	5	11	7	10	12
ENSG00000235107.3	0	0	0	0	0	0
ENSG00000235109.8	21	36	32	20	27	21
ENSG00000235118.9	0	0	0	0	0	0
ENSG00000235125.8	0	0	0	0	0	0
ENSG00000235132.8	0	0	0	0	0	0
ENSG00000235134.7	0	0	0	0	0	0
ENSG00000235155.4	0	0	0	0	0	0
ENSG00000235162.9	679	816	603	429	444	681
ENSG00000235169.11	22	21	26	4	9	20
ENSG00000235173.7	326	402	481	375	291	421
ENSG00000235176.6	0	0	0	0	0	0
ENSG00000235178.4	0	0	0	0	0	0
ENSG00000235194.9	8	24	17	25	18	14
ENSG00000235220.10	0	0	0	0	0	0
ENSG00000235222.12	0	0	0	0	0	0
ENSG00000235233.9	0	0	0	0	0	0
ENSG00000235259.8	0	0	0	0	0	0
ENSG00000235268.2	0	0	0	0	0	0
ENSG00000235272.3	0	0	1	0	1	0
ENSG00000235291.7	0	0	0	0	0	0
ENSG00000235302.9	0	0	0	0	0	0
ENSG00000235307.12	0	0	0	0	0	0
ENSG00000235336.8	0	0	0	0	0	0
ENSG00000235346.9	0	0	0	0	0	0
ENSG00000235360.2	0	0	0	0	0	0
ENSG00000235376.5	3	1	3	1	4	5
ENSG00000235387.5	0	0	0	0	0	0
ENSG00000235396.5	0	0	0	0	0	0
ENSG00000235439.10	0	0	0	0	0	0
ENSG00000235441.5	0	0	0	0	0	0
ENSG00000235443.6	0	0	0	0	0	0
ENSG00000235452.2	0	0	0	0	0	0
ENSG00000235453.12	2	5	2	0	3	0
ENSG00000235487.8	0	0	0	0	0	0
ENSG00000235568.7	0	0	0	0	0	0
ENSG00000235569.12	0	0	0	0	0	0
ENSG00000235588.8	0	0	0	0	0	0
ENSG00000235589.4	0	0	0	0	0	0
ENSG00000235608.2	0	0	0	0	0	1
ENSG00000235631.2	11	7	9	10	3	6
ENSG00000235650.6	0	0	0	0	0	0
ENSG00000235657.9	0	0	0	0	0	0
ENSG00000235658.8	0	0	0	0	0	0
ENSG00000235676.9	0	0	0	0	0	0
ENSG00000235680.8	0	0	0	0	0	0
ENSG00000235692.8	0	0	0	0	0	0
ENSG00000235696.8	0	0	0	0	0	0
ENSG00000235699.3	0	0	0	0	0	0
ENSG00000235708.8	0	0	0	0	0	0
ENSG00000235711.5	0	0	0	0	0	0
ENSG00000235712.10	0	0	0	0	0	0
ENSG00000235715.6	0	0	0	0	0	0
ENSG00000235718.9	0	0	0	0	0	0
ENSG00000235744.11	0	0	0	0	0	0
ENSG00000235750.10	33	38	57	44	42	36
ENSG00000235754.7	0	0	0	0	0	0
ENSG00000235758.9	0	0	0	0	0	0
ENSG00000235769.8	0	0	0	0	0	0
ENSG00000235773.8	0	0	0	0	0	0
ENSG00000235780.3	0	0	0	0	0	0
ENSG00000235844.8	0	0	0	0	0	0
ENSG00000235863.4	0	0	0	0	0	0
ENSG00000235905.8	0	0	0	0	0	0
ENSG00000235915.8	0	0	0	0	0	0
ENSG00000235925.3	0	0	0	0	0	0
ENSG00000235941.5	0	0	0	0	0	0
ENSG00000235942.3	0	0	0	0	0	0
ENSG00000235956.9	0	0	0	0	0	0
ENSG00000235960.9	0	0	0	0	0	0
ENSG00000235961.6	0	0	0	0	0	0
ENSG00000235966.4	0	0	0	0	0	0
ENSG00000235985.7	0	0	0	0	0	0
ENSG00000235986.9	0	0	0	0	0	0
ENSG00000236011.6	0	0	0	0	0	0
ENSG00000236014.10	0	0	0	0	0	0
ENSG00000236027.3	0	0	0	0	0	0
ENSG00000236032.3	0	0	0	0	0	0
ENSG00000236063.9	0	0	0	0	0	0
ENSG00000236104.3	0	0	0	0	0	0
ENSG00000236125.3	0	0	0	0	0	0
ENSG00000236126.3	0	0	0	0	0	0
ENSG00000236149.9	0	0	0	0	0	0
ENSG00000236170.1	0	0	0	0	0	0
ENSG00000236177.9	0	0	0	0	0	0
ENSG00000236178.11	0	0	0	0	0	0
ENSG00000236183.2	0	0	0	0	0	0
ENSG00000236196.8	0	0	0	0	0	0
ENSG00000236210.8	0	0	0	0	0	0
ENSG00000236221.9	0	0	0	0	0	0
ENSG00000236222.8	0	0	0	0	0	0
ENSG00000236227.8	0	0	0	0	0	0
ENSG00000236236.9	0	0	0	0	0	0
ENSG00000236237.7	0	0	0	0	0	0
ENSG00000236250.8	0	0	0	0	0	0
ENSG00000236251.6	0	0	0	0	0	0
ENSG00000236271.8	0	0	0	0	0	0
ENSG00000236279.7	0	0	0	0	0	0
ENSG00000236287.8	164	168	176	220	247	278
ENSG00000236315.6	0	0	0	0	0	0
ENSG00000236320.4	1	3	2	1	1	1
ENSG00000236334.3	0	0	0	0	0	0
ENSG00000236342.8	0	0	0	0	0	0
ENSG00000236346.8	0	0	0	0	0	0
ENSG00000236353.7	0	0	0	0	0	0
ENSG00000236362.9	0	0	0	0	0	0
ENSG00000236371.6	0	0	0	0	0	0
ENSG00000236383.9	0	0	0	0	0	0
ENSG00000236396.8	0	0	0	0	0	0
ENSG00000236398.2	0	0	0	0	0	0
ENSG00000236399.7	0	0	0	0	0	0
ENSG00000236418.8	0	0	0	0	0	0
ENSG00000236424.7	0	0	0	0	0	0
ENSG00000236428.10	0	0	0	0	0	0
ENSG00000236443.6	0	0	0	0	0	0
ENSG00000236444.5	1	0	0	0	0	0
ENSG00000236446.4	0	0	0	0	0	0
ENSG00000236490.9	0	0	0	0	0	0
ENSG00000236515.3	0	0	0	0	0	0
ENSG00000236543.3	0	0	0	0	0	0
ENSG00000236560.6	0	0	0	0	0	0
ENSG00000236561.9	0	0	0	0	0	0
ENSG00000236597.1	0	0	0	0	0	0
ENSG00000236609.4	107	206	195	145	100	145
ENSG00000236625.8	0	0	0	0	0	0
ENSG00000236632.5	0	0	0	0	0	0
ENSG00000236637.5	0	0	0	0	0	0
ENSG00000236649.10	0	0	0	0	0	0
ENSG00000236672.6	0	0	0	0	0	0
ENSG00000236693.11	0	0	0	0	0	0
ENSG00000236697.7	0	0	0	0	0	0
ENSG00000236699.9	280	293	350	438	363	404
ENSG00000236737.1	0	0	0	0	0	0
ENSG00000236759.7	0	0	0	0	0	0
ENSG00000236761.6	0	1	0	0	0	0
ENSG00000236765.6	0	0	0	0	0	0
ENSG00000236782.8	0	0	0	0	0	0
ENSG00000236802.4	0	0	0	0	0	0
ENSG00000236808.6	0	0	0	0	0	0
ENSG00000236826.7	0	0	0	0	0	0
ENSG00000236843.8	0	0	0	0	0	0
ENSG00000236873.9	0	0	0	0	0	0
ENSG00000236884.8	0	0	0	0	0	0
ENSG00000236895.10	0	0	0	0	0	0
ENSG00000236902.8	0	0	0	0	0	0
ENSG00000236925.7	0	0	0	0	0	0
ENSG00000236927.4	0	0	0	0	0	0
ENSG00000236949.6	0	0	0	0	0	0
ENSG00000236967.8	0	0	0	0	0	0
ENSG00000236979.6	0	0	0	0	0	0
ENSG00000236980.10	0	0	0	0	0	0
ENSG00000236981.1	0	0	0	0	0	0
ENSG00000237012.9	0	0	0	0	0	0
ENSG00000237020.1	0	0	0	0	0	0
ENSG00000237022.10	0	0	0	0	0	0
ENSG00000237038.5	0	0	0	0	0	0
ENSG00000237046.8	0	0	0	0	0	0
ENSG00000237051.8	0	0	0	0	0	0
ENSG00000237052.7	0	0	0	0	0	0
ENSG00000237056.5	0	0	0	0	0	0
ENSG00000237071.7	0	0	0	0	0	0
ENSG00000237095.9	0	0	0	0	0	0
ENSG00000237100.9	0	0	0	0	0	0
ENSG00000237103.6	0	0	0	0	0	0
ENSG00000237110.3	0	0	0	0	0	0
ENSG00000237112.8	0	0	0	0	0	0
ENSG00000237114.2	0	0	0	0	0	0
ENSG00000237123.2	0	0	0	0	0	0
ENSG00000237136.8	0	0	0	0	0	0
ENSG00000237155.3	0	0	0	0	0	0
ENSG00000237165.2	0	0	0	0	0	0
ENSG00000237172.4	9	23	30	20	10	16
ENSG00000237190.4	317	271	310	182	223	270
ENSG00000237192.8	0	0	0	0	0	0
ENSG00000237197.1	0	0	0	0	0	0
ENSG00000237216.8	0	0	0	0	0	0
ENSG00000237235.2	0	0	0	0	0	0
ENSG00000237247.6	0	0	0	0	0	0
ENSG00000237254.2	0	0	0	0	0	0
ENSG00000237258.8	0	0	0	0	0	0
ENSG00000237284.3	0	0	0	0	0	0
ENSG00000237289.10	191	213	217	156	151	178
ENSG00000237313.1	0	0	0	0	0	0
ENSG00000237330.3	49	99	85	56	61	72
ENSG00000237333.13	0	0	0	0	0	0
ENSG00000237335.8	0	0	0	0	0	0
ENSG00000237344.7	0	0	0	0	0	0
ENSG00000237353.7	0	0	0	0	0	0
ENSG00000237378.3	0	0	0	0	0	0
ENSG00000237388.3	0	0	0	0	0	0
ENSG00000237403.6	0	0	0	0	0	0
ENSG00000237405.10	0	0	0	0	0	0
ENSG00000237412.7	0	0	0	0	0	0
ENSG00000237440.9	23	34	26	31	21	11
ENSG00000237441.10	248	330	289	370	259	324
ENSG00000237452.3	0	8	1	4	4	3
ENSG00000237459.6	0	0	0	0	0	0
ENSG00000237462.10	0	0	0	0	0	0
ENSG00000237482.8	0	0	0	0	0	0
ENSG00000237489.5	21	15	25	17	11	24
ENSG00000237495.9	0	0	0	0	0	0
ENSG00000237508.10	0	0	0	0	0	0
ENSG00000237515.9	17	34	25	23	20	16
ENSG00000237521.4	0	0	0	0	0	0
ENSG00000237524.10	0	0	0	0	0	0
ENSG00000237541.4	0	0	0	0	0	0
ENSG00000237582.10	0	0	0	0	0	0
ENSG00000237599.9	0	0	0	0	0	0
ENSG00000237621.4	0	0	0	0	0	0
ENSG00000237634.1	0	0	0	0	0	0
ENSG00000237649.8	594	577	587	691	494	669
ENSG00000237651.8	568	654	630	425	429	516
ENSG00000237671.4	0	0	0	0	0	0
ENSG00000237693.5	0	0	0	0	0	0
ENSG00000237700.2	0	0	0	0	0	0
ENSG00000237702.2	0	0	0	0	0	0
ENSG00000237703.8	0	0	0	0	0	0
ENSG00000237710.10	0	0	0	0	0	0
ENSG00000237724.5	0	0	0	0	0	0
ENSG00000237727.7	0	0	0	0	0	0
ENSG00000237733.8	0	0	0	0	0	0
ENSG00000237763.10	0	0	0	0	0	0
ENSG00000237765.8	28	21	38	45	33	41
ENSG00000237777.4	0	0	0	0	0	0
ENSG00000237808.6	0	0	0	0	0	0
ENSG00000237814.2	0	0	0	0	0	0
ENSG00000237825.9	0	0	0	0	0	0
ENSG00000237829.6	0	0	0	0	0	0
ENSG00000237834.9	0	0	0	0	0	0
ENSG00000237850.8	0	0	0	0	0	0
ENSG00000237881.6	0	0	0	0	0	0
ENSG00000237889.11	0	0	0	0	0	0
ENSG00000237900.2	0	0	0	0	0	0
ENSG00000237918.9	0	0	0	0	0	0
ENSG00000237957.6	0	0	0	0	0	0
ENSG00000237962.5	0	0	0	0	0	0
ENSG00000237988.6	0	0	0	0	0	0
ENSG00000238056.9	0	0	0	0	0	0
ENSG00000238074.6	0	0	0	0	0	0
ENSG00000238083.10	0	0	0	0	0	0
ENSG00000238104.7	0	0	0	0	0	0
ENSG00000238114.7	0	0	0	0	0	0
ENSG00000238130.8	0	0	0	0	0	0
ENSG00000238134.8	0	0	0	0	0	0
ENSG00000238196.5	0	0	0	0	0	0
ENSG00000238203.8	0	0	0	0	0	0
ENSG00000238205.4	0	0	0	0	0	0
ENSG00000238210.4	0	0	0	0	0	0
ENSG00000238227.8	14	14	12	24	6	11
ENSG00000238238.2	0	0	0	0	0	0
ENSG00000238243.3	0	0	0	0	0	0
ENSG00000238269.9	2	0	0	0	2	3
ENSG00000238289.9	0	0	0	0	0	0
ENSG00000239264.9	1488	1941	1744	1084	1086	1530
ENSG00000239282.8	11	12	18	11	9	11
ENSG00000239285.7	0	0	0	0	0	0
ENSG00000239305.7	653	856	795	768	717	903
ENSG00000239306.5	249	296	298	234	188	235
ENSG00000239329.8	0	0	0	0	0	0
ENSG00000239382.11	133	140	154	175	133	144
ENSG00000239388.9	0	0	0	0	0	0
ENSG00000239389.8	67	77	65	52	57	53
ENSG00000239395.2	0	0	0	0	0	0
ENSG00000239457.6	0	0	0	0	0	0
ENSG00000239463.7	0	0	0	0	0	0
ENSG00000239474.7	5	4	7	5	2	5
ENSG00000239497.7	0	0	0	0	0	0
ENSG00000239571.1	0	0	0	0	0	0
ENSG00000239590.1	0	0	0	0	0	0
ENSG00000239605.11	63	160	119	175	138	171
ENSG00000239620.3	0	0	0	0	0	0
ENSG00000239642.6	0	0	0	0	0	0
ENSG00000239672.8	7886	7591	8011	4594	5018	6008
ENSG00000239697.12	0	1	0	0	1	1
ENSG00000239704.12	0	5	1	0	1	4
ENSG00000239713.9	0	0	0	0	0	1
ENSG00000239732.4	0	0	0	0	0	0
ENSG00000239741.3	0	0	0	0	0	0
ENSG00000239754.9	0	0	0	0	0	0
ENSG00000239779.7	43	39	33	43	49	16
ENSG00000239789.6	0	0	0	0	0	0
ENSG00000239810.3	0	0	0	0	0	0
ENSG00000239819.2	0	0	0	0	0	0
ENSG00000239836.7	0	0	0	0	0	0
ENSG00000239839.7	0	0	0	0	0	0
ENSG00000239855.1	0	0	0	0	0	0
ENSG00000239857.7	847	1141	1094	927	740	910
ENSG00000239862.1	0	0	0	0	0	0
ENSG00000239865.6	0	0	0	0	0	0
ENSG00000239886.5	0	0	0	0	0	0
ENSG00000239887.6	25	47	47	36	14	42
ENSG00000239900.14	948	1105	1016	794	768	972
ENSG00000239920.2	0	0	0	0	0	0
ENSG00000239927.6	0	0	0	0	0	0
ENSG00000239951.1	0	0	0	0	0	0
ENSG00000239961.3	0	0	0	0	0	0
ENSG00000239974.6	0	0	0	0	0	0
ENSG00000239975.3	0	0	0	0	0	0
ENSG00000239998.7	0	0	0	0	0	0
ENSG00000240008.1	0	0	0	0	0	0
ENSG00000240021.10	0	0	0	0	0	0
ENSG00000240038.7	1	1	1	1	1	0
ENSG00000240041.1	0	0	0	0	0	0
ENSG00000240045.2	0	0	0	0	0	0
ENSG00000240053.9	0	0	0	1	0	0
ENSG00000240065.8	30	19	21	12	14	7
ENSG00000240118.7	0	0	0	0	0	0
ENSG00000240184.7	350	427	389	253	257	333
ENSG00000240204.3	6	12	8	10	4	11
ENSG00000240230.6	417	444	415	337	353	451
ENSG00000240247.8	0	0	0	0	0	0
ENSG00000240303.8	464	585	562	742	592	779
ENSG00000240344.9	320	392	411	339	327	407
ENSG00000240382.3	0	0	0	0	0	0
ENSG00000240386.4	0	0	0	0	0	0
ENSG00000240389.5	0	0	0	0	0	0
ENSG00000240403.5	0	0	0	0	0	0
ENSG00000240432.4	0	0	0	0	0	0
ENSG00000240433.4	0	0	0	0	0	0
ENSG00000240445.6	5	15	16	11	4	11
ENSG00000240505.9	0	0	0	0	0	0
ENSG00000240508.7	0	0	0	0	0	0
ENSG00000240542.5	0	0	0	0	0	0
ENSG00000240563.2	1	0	0	2	0	0
ENSG00000240583.14	0	0	1	2	0	0
ENSG00000240592.5	0	0	0	0	0	0
ENSG00000240654.6	0	0	0	0	1	0
ENSG00000240671.4	0	0	0	0	0	0
ENSG00000240682.10	16	15	18	17	17	16
ENSG00000240694.9	24	23	24	13	23	24
ENSG00000240720.10	1	0	0	0	0	1
ENSG00000240747.9	0	0	0	0	0	0
ENSG00000240764.4	5	1	8	8	7	10
ENSG00000240771.8	50	78	64	65	50	63
ENSG00000240849.11	14	14	15	8	5	16
ENSG00000240857.2	500	484	469	424	344	441
ENSG00000240864.3	0	0	0	0	0	0
ENSG00000240871.7	0	0	0	0	0	0
ENSG00000240891.8	6	8	5	6	4	8
ENSG00000240957.1	0	0	0	0	0	0
ENSG00000240972.2	4	2	3	3	3	1
ENSG00000241058.4	186	169	211	258	225	285
ENSG00000241106.8	0	0	0	0	0	2
ENSG00000241119.2	0	0	0	0	0	0
ENSG00000241123.1	0	0	0	0	0	0
ENSG00000241127.8	158	124	134	86	64	84
ENSG00000241128.2	0	0	0	0	0	0
ENSG00000241132.7	0	0	0	0	0	0
ENSG00000241149.4	0	0	1	0	0	0
ENSG00000241186.10	0	0	0	0	0	0
ENSG00000241224.8	0	0	0	0	0	0
ENSG00000241233.4	0	0	0	0	0	0
ENSG00000241241.1	0	0	0	0	0	0
ENSG00000241244.1	0	0	0	0	0	0
ENSG00000241253.8	0	0	0	0	0	0
ENSG00000241258.7	68	119	88	59	56	72
ENSG00000241294.1	0	0	0	0	0	0
ENSG00000241296.8	0	0	0	0	0	0
ENSG00000241322.11	0	0	0	2	0	2
ENSG00000241343.10	1083	903	824	898	818	1053
ENSG00000241351.3	0	0	0	0	0	0
ENSG00000241356.2	0	0	0	0	0	0
ENSG00000241360.2	11	13	20	14	10	7
ENSG00000241370.6	5	5	13	5	3	2
ENSG00000241386.6	0	0	0	0	0	0
ENSG00000241394.7	0	0	0	0	0	0
ENSG00000241399.7	0	1	0	0	1	0
ENSG00000241404.7	11	4	8	41	11	18
ENSG00000241468.8	3238	2754	3109	1464	1863	1981
ENSG00000241476.9	0	0	0	0	0	0
ENSG00000241484.10	13	23	21	35	22	28
ENSG00000241489.8	0	0	0	0	0	0
ENSG00000241534.9	0	0	0	0	0	0
ENSG00000241553.13	3	7	4	4	2	1
ENSG00000241563.4	0	0	0	0	0	0
ENSG00000241566.1	0	0	0	0	0	0
ENSG00000241595.2	0	0	0	0	0	0
ENSG00000241598.6	0	0	0	0	0	0
ENSG00000241635.8	0	1	0	1	0	5
ENSG00000241644.2	0	0	0	0	0	1
ENSG00000241674.8	0	0	0	0	0	0
ENSG00000241685.10	52	54	45	49	46	68
ENSG00000241690.3	0	0	0	0	0	0
ENSG00000241697.5	1	2	0	0	0	2
ENSG00000241713.7	0	0	0	0	0	0
ENSG00000241755.1	0	0	0	0	0	0
ENSG00000241779.6	0	0	0	0	0	0
ENSG00000241794.2	0	0	0	0	0	0
ENSG00000241822.3	0	0	0	0	0	0
ENSG00000241837.7	1207	1013	1227	448	502	508
ENSG00000241839.10	60	87	86	75	81	76
ENSG00000241852.11	0	3	2	6	4	2
ENSG00000241863.6	0	0	0	0	0	0
ENSG00000241878.12	1012	1229	1060	1029	906	1117
ENSG00000241910.5	0	0	0	0	0	0
ENSG00000241935.9	4	12	13	4	3	15
ENSG00000241945.8	0	0	0	0	0	0
ENSG00000241962.9	47	114	82	121	133	221
ENSG00000241973.11	2784	3442	3350	2936	2424	3213
ENSG00000242019.2	0	0	0	0	0	0
ENSG00000242022.8	0	0	0	0	0	0
ENSG00000242028.8	3330	3652	3524	2267	2255	2669
ENSG00000242038.5	0	0	0	0	0	0
ENSG00000242076.3	0	0	0	0	0	0
ENSG00000242092.8	0	0	0	0	0	0
ENSG00000242110.9	387	458	445	361	315	393
ENSG00000242114.6	9	14	11	4	3	5
ENSG00000242120.4	0	0	0	0	0	0
ENSG00000242173.10	98	135	143	176	145	147
ENSG00000242220.9	0	0	0	0	0	0
ENSG00000242221.9	0	0	0	0	0	0
ENSG00000242247.11	199	289	250	201	182	232
ENSG00000242252.2	0	1	0	0	0	4
ENSG00000242259.9	15	10	10	10	9	7
ENSG00000242265.6	138	168	143	111	86	137
ENSG00000242335.8	0	0	0	0	0	0
ENSG00000242361.7	0	0	0	0	0	0
ENSG00000242362.2	0	0	0	0	0	0
ENSG00000242366.4	0	0	0	0	0	0
ENSG00000242371.1	0	0	0	0	0	0
ENSG00000242372.9	1314	1513	1540	621	703	808
ENSG00000242386.8	0	0	0	0	0	0
ENSG00000242389.9	0	0	0	0	0	0
ENSG00000242419.6	2	5	8	3	10	8
ENSG00000242441.8	0	0	0	0	0	0
ENSG00000242472.1	0	0	0	0	0	0
ENSG00000242485.6	505	558	642	307	287	352
ENSG00000242498.8	7	6	2	8	3	3
ENSG00000242515.6	0	0	0	0	0	1
ENSG00000242534.3	0	0	0	0	0	0
ENSG00000242550.7	0	0	0	0	0	0
ENSG00000242574.9	0	0	0	0	0	0
ENSG00000242580.1	0	0	0	0	0	0
ENSG00000242612.7	9	3	17	11	5	14
ENSG00000242616.4	183	183	165	47	63	47
ENSG00000242685.7	0	0	0	0	0	0
ENSG00000242689.3	2	7	5	4	5	2
ENSG00000242711.8	0	0	0	0	0	0
ENSG00000242715.8	0	0	0	0	0	0
ENSG00000242726.6	0	0	0	0	0	0
ENSG00000242732.5	41	57	44	46	27	57
ENSG00000242766.1	0	0	0	0	0	0
ENSG00000242802.9	347	491	470	410	293	401
ENSG00000242852.7	2	2	1	0	0	1
ENSG00000242866.10	0	2	3	0	2	0
ENSG00000242875.7	0	0	0	0	0	0
ENSG00000242887.1	0	0	0	0	0	0
ENSG00000242950.7	0	0	0	0	0	0
ENSG00000243003.3	0	0	0	0	0	0
ENSG00000243009.6	0	0	0	0	0	0
ENSG00000243056.2	89	72	71	88	76	98
ENSG00000243063.1	0	0	0	0	0	0
ENSG00000243067.7	0	0	0	0	0	0
ENSG00000243073.4	0	0	0	0	0	0
ENSG00000243130.8	0	0	0	0	0	0
ENSG00000243137.8	0	1	0	1	2	4
ENSG00000243147.8	973	1143	1084	380	390	585
ENSG00000243156.9	2664	3626	3182	3513	2666	3525
ENSG00000243189.7	0	0	0	0	0	0
ENSG00000243207.6	0	0	0	1	0	0
ENSG00000243215.7	0	0	0	0	0	0
ENSG00000243232.6	45	63	69	57	44	52
ENSG00000243238.1	0	0	0	0	0	0
ENSG00000243244.7	4	4	0	0	1	1
ENSG00000243264.3	0	0	0	0	0	0
ENSG00000243279.4	3	3	1	2	3	4
ENSG00000243284.1	0	2	2	2	0	0
ENSG00000243290.3	0	0	0	0	0	0
ENSG00000243317.8	469	460	453	119	133	164
ENSG00000243335.10	14	32	21	24	14	27
ENSG00000243364.8	136	158	148	145	118	137
ENSG00000243414.6	0	2	0	1	0	0
ENSG00000243441.6	0	0	0	0	0	0
ENSG00000243449.8	54	66	63	26	22	27
ENSG00000243466.1	0	0	0	0	0	0
ENSG00000243477.6	1	3	1	4	8	8
ENSG00000243480.8	0	0	0	0	0	0
ENSG00000243489.4	0	0	0	0	0	0
ENSG00000243496.6	0	0	0	0	0	0
ENSG00000243501.5	0	0	0	0	0	0
ENSG00000243509.6	21	46	24	41	21	14
ENSG00000243543.10	0	0	0	0	0	0
ENSG00000243566.7	8	4	5	5	3	4
ENSG00000243570.9	0	0	0	0	0	0
ENSG00000243594.7	0	0	0	0	0	0
ENSG00000243612.5	0	0	0	0	0	0
ENSG00000243627.5	0	0	0	0	0	0
ENSG00000243641.3	0	0	0	0	0	0
ENSG00000243646.11	13	13	13	8	3	5
ENSG00000243649.10	0	0	0	0	0	0
ENSG00000243660.12	11	17	14	10	13	14
ENSG00000243667.7	676	587	632	524	445	590
ENSG00000243678.12	0	0	0	0	0	0
ENSG00000243696.5	0	0	0	0	0	0
ENSG00000243708.11	0	0	0	0	0	0
ENSG00000243709.1	0	0	0	0	0	4
ENSG00000243710.8	0	3	0	2	0	5
ENSG00000243716.12	10	16	22	25	10	10
ENSG00000243719.7	0	0	0	0	0	0
ENSG00000243725.7	161	164	181	146	111	181
ENSG00000243729.5	0	0	0	0	0	0
ENSG00000243749.2	43	34	36	26	28	25
ENSG00000243772.8	0	0	0	0	0	0
ENSG00000243789.11	12	15	12	16	10	16
ENSG00000243804.1	0	0	0	0	0	0
ENSG00000243811.12	0	0	0	0	0	0
ENSG00000243896.4	0	0	0	0	0	0
ENSG00000243897.8	0	0	0	0	0	0
ENSG00000243910.8	0	0	0	0	0	0
ENSG00000243927.6	501	497	531	378	353	404
ENSG00000243943.10	378	457	449	524	414	474
ENSG00000243955.6	0	0	0	0	0	0
ENSG00000243958.7	0	0	0	0	0	0
ENSG00000243978.9	2	1	0	0	4	2
ENSG00000243989.9	0	3	0	0	3	2
ENSG00000244005.13	820	923	847	763	713	936
ENSG00000244020.3	0	0	0	0	0	0
ENSG00000244025.5	0	0	0	0	0	0
ENSG00000244038.11	1890	2107	2120	1472	1495	1932
ENSG00000244045.13	351	363	359	170	219	203
ENSG00000244057.5	0	0	0	0	0	0
ENSG00000244067.3	0	0	2	0	0	0
ENSG00000244094.2	0	0	0	0	0	0
ENSG00000244115.1	0	0	0	0	0	0
ENSG00000244116.3	0	0	0	0	0	0
ENSG00000244122.3	1	0	0	1	0	0
ENSG00000244165.2	0	0	0	0	0	0
ENSG00000244187.8	259	265	244	126	141	174
ENSG00000244207.8	0	0	0	0	0	0
ENSG00000244219.7	0	0	0	0	0	0
ENSG00000244234.3	1	2	1	0	0	2
ENSG00000244242.2	2	13	3	7	5	8
ENSG00000244255.5	0	0	0	0	0	0
ENSG00000244274.9	253	326	323	176	182	253
ENSG00000244355.8	0	0	0	0	0	0
ENSG00000244362.3	0	0	0	0	0	0
ENSG00000244395.6	0	0	0	0	0	0
ENSG00000244405.8	2	3	2	6	2	3
ENSG00000244411.4	0	0	0	0	1	0
ENSG00000244414.8	0	0	0	0	0	0
ENSG00000244437.1	0	0	0	0	0	0
ENSG00000244444.6	0	0	0	0	0	0
ENSG00000244462.8	838	943	943	741	836	992
ENSG00000244474.6	6	6	3	18	24	24
ENSG00000244476.3	0	0	0	0	0	0
ENSG00000244482.10	0	0	0	0	0	0
ENSG00000244486.9	25	63	39	36	29	28
ENSG00000244509.4	1	1	0	0	0	2
ENSG00000244537.3	0	0	0	0	0	0
ENSG00000244575.3	0	0	0	0	0	0
ENSG00000244588.6	4	3	1	2	0	2
ENSG00000244607.7	0	0	0	0	0	0
ENSG00000244617.3	1	0	2	3	1	0
ENSG00000244623.2	0	0	0	0	0	0
ENSG00000244624.3	0	0	0	0	0	0
ENSG00000244672.4	0	0	0	0	0	0
ENSG00000244682.8	0	0	0	0	0	0
ENSG00000244687.13	36	35	47	32	33	25
ENSG00000244694.8	0	0	0	0	0	0
ENSG00000244731.10	2	1	1	3	8	6
ENSG00000244734.4	0	0	0	0	0	0
ENSG00000244752.3	0	1	0	0	0	0
ENSG00000244754.9	1226	1375	1286	2189	1828	2306
ENSG00000245680.11	13	24	13	27	13	19
ENSG00000245848.3	43	56	52	23	29	36
ENSG00000246705.5	641	669	648	377	382	373
ENSG00000246922.10	24	34	13	48	36	36
ENSG00000247077.8	2177	2226	2244	1117	1061	1368
ENSG00000247315.4	181	223	209	147	130	189
ENSG00000247595.5	39	35	49	43	53	58
ENSG00000247596.10	564	554	557	195	201	243
ENSG00000247626.5	196	227	203	182	113	190
ENSG00000247746.5	52	99	75	65	49	57
ENSG00000248098.12	9	13	6	7	7	2
ENSG00000248099.4	0	0	2	0	0	0
ENSG00000248109.3	0	0	0	0	0	0
ENSG00000248144.6	0	0	0	0	0	0
ENSG00000248167.7	0	0	0	0	0	0
ENSG00000248235.6	0	0	0	0	0	0
ENSG00000248329.6	0	0	0	0	0	0
ENSG00000248333.9	1022	1093	1033	917	723	967
ENSG00000248383.5	23	43	44	35	27	53
ENSG00000248385.8	0	0	0	0	0	0
ENSG00000248405.10	234	292	280	416	269	384
ENSG00000248483.7	7	12	11	13	9	6
ENSG00000248485.2	0	4	0	1	1	1
ENSG00000248487.10	2	3	7	1	2	1
ENSG00000248496.3	0	0	0	0	0	0
ENSG00000248592.7	0	0	0	0	0	0
ENSG00000248643.5	65	61	71	94	60	69
ENSG00000248672.5	0	0	0	0	0	0
ENSG00000248710.1	0	0	0	0	0	0
ENSG00000248712.8	36	34	27	26	22	36
ENSG00000248713.2	0	0	0	0	1	0
ENSG00000248746.6	1	1	3	0	0	1
ENSG00000248751.6	0	0	0	0	0	0
ENSG00000248767.2	0	0	0	0	0	0
ENSG00000248771.5	0	0	0	0	1	0
ENSG00000248871.1	0	0	0	0	0	0
ENSG00000248905.10	335	369	379	298	263	386
ENSG00000248919.7	8	4	2	5	6	3
ENSG00000248920.3	0	0	0	0	0	0
ENSG00000248933.3	0	0	0	0	0	0
ENSG00000248993.1	0	0	0	0	0	0
ENSG00000249103.2	0	0	0	0	0	0
ENSG00000249104.3	0	0	0	0	0	0
ENSG00000249115.9	271	290	283	326	252	297
ENSG00000249139.2	0	0	0	0	0	0
ENSG00000249141.1	0	0	2	0	0	0
ENSG00000249156.2	1	0	0	0	0	0
ENSG00000249158.7	322	315	321	283	269	330
ENSG00000249209.2	0	0	0	0	0	0
ENSG00000249222.1	1	0	2	0	1	0
ENSG00000249240.2	0	0	0	0	0	0
ENSG00000249242.8	183	193	187	197	152	236
ENSG00000249319.2	0	0	0	0	0	0
ENSG00000249437.8	0	0	2	0	0	1
ENSG00000249467.2	0	0	0	0	0	0
ENSG00000249471.8	41	69	54	45	46	48
ENSG00000249481.7	0	0	0	0	0	0
ENSG00000249581.2	0	0	0	0	0	0
ENSG00000249590.7	13	22	21	20	12	19
ENSG00000249624.10	0	0	0	0	0	0
ENSG00000249662.6	0	0	0	0	0	0
ENSG00000249693.3	0	0	1	0	0	0
ENSG00000249709.8	281	308	285	396	336	459
ENSG00000249715.13	0	0	0	1	0	2
ENSG00000249730.1	0	0	0	0	0	0
ENSG00000249751.4	0	0	0	0	0	0
ENSG00000249773.3	2	2	2	7	1	1
ENSG00000249811.3	0	0	0	0	0	0
ENSG00000249853.9	3	4	4	4	2	1
ENSG00000249861.4	0	0	0	0	0	0
ENSG00000249884.8	0	1	1	3	0	2
ENSG00000249915.9	261	261	290	144	132	201
ENSG00000249931.5	0	0	0	0	0	0
ENSG00000249948.7	0	0	0	0	0	0
ENSG00000249961.10	4	1	3	4	2	1
ENSG00000249967.1	0	0	0	0	0	0
ENSG00000249992.2	3	1	6	0	1	0
ENSG00000250021.7	1	0	0	3	0	1
ENSG00000250036.1	0	0	0	0	0	0
ENSG00000250067.12	19	32	19	26	19	49
ENSG00000250120.8	0	1	0	0	1	0
ENSG00000250151.9	0	1	0	2	0	0
ENSG00000250254.2	3	1	1	3	0	4
ENSG00000250264.1	0	0	0	0	0	0
ENSG00000250298.6	0	0	0	0	0	0
ENSG00000250305.9	1	0	0	0	0	0
ENSG00000250312.8	65	72	54	105	89	98
ENSG00000250317.9	144	130	105	69	80	111
ENSG00000250349.3	0	0	0	0	0	0
ENSG00000250361.9	0	0	0	3	0	3
ENSG00000250364.6	0	0	0	0	0	0
ENSG00000250366.4	0	0	0	0	0	0
ENSG00000250374.5	0	0	0	0	0	0
ENSG00000250423.3	16	18	23	22	13	18
ENSG00000250424.4	0	0	0	0	0	0
ENSG00000250479.9	3	10	7	8	4	2
ENSG00000250506.9	125	177	159	250	225	264
ENSG00000250510.8	4	2	7	6	5	7
ENSG00000250565.7	79	95	87	71	59	82
ENSG00000250571.7	45	75	83	59	33	78
ENSG00000250641.1	0	0	0	0	0	0
ENSG00000250644.3	2	5	2	9	6	7
ENSG00000250673.3	2	1	0	1	2	0
ENSG00000250709.1	0	0	0	0	0	0
ENSG00000250719.2	0	0	0	0	0	0
ENSG00000250722.6	0	0	0	0	0	0
ENSG00000250741.6	0	0	0	0	0	0
ENSG00000250745.3	0	0	0	0	0	0
ENSG00000250782.1	0	0	0	0	0	1
ENSG00000250799.11	0	0	0	0	0	0
ENSG00000250803.7	0	0	0	0	0	0
ENSG00000250821.3	0	0	0	0	0	0
ENSG00000250844.3	0	0	0	0	0	0
ENSG00000250913.2	0	0	0	0	0	0
ENSG00000251012.2	0	0	0	0	0	0
ENSG00000251039.3	0	0	0	0	0	0
ENSG00000251154.2	0	1	0	0	0	0
ENSG00000251184.1	0	0	0	0	0	0
ENSG00000251192.8	42	42	30	34	26	48
ENSG00000251201.8	0	0	0	0	0	0
ENSG00000251246.1	0	0	0	0	0	0
ENSG00000251247.13	1	6	6	6	6	6
ENSG00000251258.2	1	1	0	0	1	0
ENSG00000251287.9	0	0	0	0	0	0
ENSG00000251322.11	296	549	445	513	333	444
ENSG00000251349.3	0	0	0	0	0	0
ENSG00000251357.4	0	0	0	0	0	0
ENSG00000251369.10	82	107	85	93	85	77
ENSG00000251380.3	0	0	0	0	0	0
ENSG00000251394.6	0	0	0	0	0	0
ENSG00000251493.5	74	108	98	55	51	88
ENSG00000251503.8	1	0	1	0	0	1
ENSG00000251537.4	0	0	1	0	0	0
ENSG00000251546.1	0	0	0	0	0	0
ENSG00000251569.1	0	0	0	0	0	0
ENSG00000251608.2	0	0	0	0	0	0
ENSG00000251655.7	0	0	0	0	0	0
ENSG00000251664.5	80	93	91	86	75	94
ENSG00000251692.8	11	8	13	15	6	13
ENSG00000253117.5	0	0	0	0	0	0
ENSG00000253148.1	0	0	0	0	0	0
ENSG00000253159.3	20	13	15	22	19	20
ENSG00000253188.1	0	0	0	0	0	0
ENSG00000253250.3	3	0	0	4	1	5
ENSG00000253251.3	13	12	10	14	17	28
ENSG00000253276.5	26	17	30	13	16	23
ENSG00000253291.1	0	0	0	0	0	0
ENSG00000253293.6	4	7	5	2	1	0
ENSG00000253304.2	0	2	0	0	1	1
ENSG00000253305.3	12	35	41	26	14	38
ENSG00000253309.7	0	0	0	0	0	0
ENSG00000253313.6	23	25	37	21	16	19
ENSG00000253352.10	703	645	743	822	643	754
ENSG00000253368.4	2	15	6	6	2	6
ENSG00000253409.1	0	0	0	0	0	0
ENSG00000253457.3	0	0	0	0	0	0
ENSG00000253485.3	61	70	67	82	58	94
ENSG00000253506.3	87	68	94	39	38	41
ENSG00000253534.1	0	0	0	0	0	0
ENSG00000253537.3	14	16	21	22	18	18
ENSG00000253548.1	0	0	0	0	0	0
ENSG00000253598.3	15	9	6	12	12	11
ENSG00000253626.4	13	2	5	5	6	1
ENSG00000253649.5	0	2	5	6	1	5
ENSG00000253710.5	629	572	540	508	465	585
ENSG00000253719.4	498	493	535	292	340	373
ENSG00000253729.9	18030	22826	21638	19014	15861	21727
ENSG00000253731.3	33	38	24	57	17	34
ENSG00000253767.3	3	5	8	8	6	8
ENSG00000253797.2	432	501	445	512	337	413
ENSG00000253831.3	0	0	0	0	0	0
ENSG00000253846.3	10	18	15	26	18	11
ENSG00000253873.6	5	13	13	8	7	7
ENSG00000253910.3	42	57	45	80	70	76
ENSG00000253953.3	16	9	19	13	18	24
ENSG00000253958.2	19	15	15	4	3	1
ENSG00000254004.7	45	50	74	41	42	40
ENSG00000254087.8	130	127	143	88	106	108
ENSG00000254093.9	82	117	99	78	66	79
ENSG00000254122.3	0	8	14	16	6	9
ENSG00000254126.8	0	0	0	0	0	0
ENSG00000254167.2	0	0	0	0	0	0
ENSG00000254206.6	10	9	12	13	4	7
ENSG00000254221.3	189	198	151	201	154	228
ENSG00000254229.3	0	0	0	0	0	0
ENSG00000254245.3	5	7	11	17	6	12
ENSG00000254402.7	12	12	22	16	18	20
ENSG00000254405.10	0	0	0	0	0	0
ENSG00000254413.8	0	0	0	0	0	0
ENSG00000254415.4	0	0	0	0	0	0
ENSG00000254440.3	0	0	0	0	0	0
ENSG00000254445.1	0	0	0	0	0	0
ENSG00000254466.2	0	0	0	0	0	0
ENSG00000254469.11	2	5	3	1	4	6
ENSG00000254470.3	282	406	382	366	263	394
ENSG00000254505.11	68	56	65	73	55	70
ENSG00000254521.7	0	0	0	0	0	0
ENSG00000254535.4	48	37	40	46	24	29
ENSG00000254536.2	0	0	0	0	0	0
ENSG00000254550.1	1	3	1	2	2	1
ENSG00000254553.1	0	0	0	0	0	0
ENSG00000254585.5	0	0	0	0	1	0
ENSG00000254598.3	0	3	4	0	2	4
ENSG00000254636.1	0	0	0	0	0	0
ENSG00000254647.7	0	0	0	0	0	0
ENSG00000254656.3	2	0	0	0	0	0
ENSG00000254658.3	0	0	0	0	0	0
ENSG00000254673.1	0	0	0	0	0	0
ENSG00000254685.8	85	81	70	89	87	88
ENSG00000254692.1	17	21	22	19	16	43
ENSG00000254706.3	1	0	0	1	0	0
ENSG00000254709.8	0	0	0	0	0	0
ENSG00000254726.3	46	46	51	41	38	56
ENSG00000254732.2	0	0	0	0	0	0
ENSG00000254737.3	0	0	0	0	0	0
ENSG00000254772.10	2619	2378	2673	2074	1919	2270
ENSG00000254778.7	0	0	0	0	0	0
ENSG00000254788.7	0	0	0	0	0	0
ENSG00000254806.5	0	0	0	0	0	0
ENSG00000254834.5	0	0	0	0	0	0
ENSG00000254852.9	0	0	0	0	0	0
ENSG00000254858.10	119	153	162	110	99	142
ENSG00000254870.5	0	0	0	0	0	0
ENSG00000254875.8	0	0	0	0	0	0
ENSG00000254899.1	0	0	0	0	0	0
ENSG00000254901.8	1	4	3	9	2	1
ENSG00000254959.6	0	0	0	0	0	0
ENSG00000254979.5	0	0	0	0	0	0
ENSG00000254986.8	1560	1728	1903	1277	1281	1625
ENSG00000254995.4	0	2	2	0	0	1
ENSG00000254996.5	17	26	28	22	18	19
ENSG00000254997.4	0	0	0	1	2	0
ENSG00000254999.4	3702	3892	3857	1150	1449	1548
ENSG00000255009.4	0	0	0	0	0	0
ENSG00000255012.3	0	0	0	0	0	0
ENSG00000255054.3	0	0	0	0	0	0
ENSG00000255071.3	0	0	0	0	0	0
ENSG00000255072.2	0	0	0	1	0	0
ENSG00000255073.8	0	0	0	0	0	0
ENSG00000255104.9	0	0	0	0	0	0
ENSG00000255112.3	609	610	617	304	407	404
ENSG00000255150.2	82	76	95	121	65	97
ENSG00000255151.2	0	0	0	0	0	0
ENSG00000255152.8	0	0	2	2	0	0
ENSG00000255154.9	19	31	17	28	19	25
ENSG00000255181.3	0	0	0	0	0	0
ENSG00000255192.6	0	0	0	0	0	0
ENSG00000255223.5	0	0	0	0	0	0
ENSG00000255245.4	0	0	0	0	0	0
ENSG00000255251.2	0	0	0	0	0	0
ENSG00000255274.10	0	0	0	0	0	0
ENSG00000255292.9	0	0	0	0	0	0
ENSG00000255298.5	0	0	1	0	0	0
ENSG00000255302.5	2050	1925	1984	1106	1211	1568
ENSG00000255307.2	0	0	0	0	0	0
ENSG00000255330.9	0	0	0	0	0	0
ENSG00000255339.6	0	0	0	0	0	0
ENSG00000255346.11	0	0	0	0	0	0
ENSG00000255359.3	0	0	0	0	0	0
ENSG00000255374.3	0	0	0	0	0	0
ENSG00000255378.1	0	0	0	0	0	0
ENSG00000255393.2	0	0	0	0	0	0
ENSG00000255398.3	1	3	2	5	7	8
ENSG00000255408.4	0	1	1	0	1	0
ENSG00000255419.7	0	0	0	0	0	0
ENSG00000255423.1	98	74	88	104	75	93
ENSG00000255425.6	0	2	3	3	0	0
ENSG00000255432.1	0	0	0	0	0	0
ENSG00000255439.6	0	0	0	0	0	0
ENSG00000255501.3	0	0	0	0	0	0
ENSG00000255508.7	0	0	4	0	0	0
ENSG00000255524.8	0	0	0	0	0	0
ENSG00000255526.6	0	0	0	0	2	1
ENSG00000255529.9	194	196	228	118	158	126
ENSG00000255561.7	7	4	5	9	9	17
ENSG00000255569.1	0	0	0	0	0	0
ENSG00000255582.1	0	0	0	0	0	0
ENSG00000255587.9	1	0	1	1	0	0
ENSG00000255639.3	0	0	0	0	0	0
ENSG00000255641.1	0	0	0	0	0	0
ENSG00000255663.1	0	0	0	0	0	0
ENSG00000255690.3	0	1	0	0	3	0
ENSG00000255713.2	0	0	0	0	0	0
ENSG00000255730.5	0	0	0	0	0	0
ENSG00000255804.2	0	0	0	1	0	0
ENSG00000255819.7	0	0	0	0	0	0
ENSG00000255833.2	0	0	0	0	0	0
ENSG00000255835.1	0	0	0	0	0	0
ENSG00000255837.2	0	0	0	0	0	0
ENSG00000255855.2	0	0	0	0	0	0
ENSG00000255872.3	0	0	0	0	0	0
ENSG00000255974.8	0	0	0	0	0	0
ENSG00000256029.6	0	0	0	0	0	0
ENSG00000256043.5	0	0	0	0	0	0
ENSG00000256053.9	132	220	194	171	153	227
ENSG00000256060.3	0	2	1	0	2	3
ENSG00000256061.7	34	53	45	45	42	27
ENSG00000256087.7	114	137	99	118	102	137
ENSG00000256100.1	7	8	4	23	20	25
ENSG00000256162.2	0	0	0	0	0	0
ENSG00000256188.3	0	0	0	0	0	0
ENSG00000256206.2	0	0	1	2	3	0
ENSG00000256223.6	22	27	24	13	24	23
ENSG00000256229.8	0	0	0	0	0	0
ENSG00000256235.3	0	0	0	3	0	0
ENSG00000256269.11	423	517	554	355	319	395
ENSG00000256294.8	51	49	53	41	42	48
ENSG00000256349.1	34	76	73	52	32	39
ENSG00000256394.3	0	1	0	1	0	1
ENSG00000256407.2	0	0	0	0	0	0
ENSG00000256436.1	0	0	0	0	0	0
ENSG00000256453.2	6	10	13	20	6	9
ENSG00000256463.10	0	0	0	0	0	0
ENSG00000256500.6	0	0	0	0	0	0
ENSG00000256514.1	0	0	0	0	0	0
ENSG00000256525.8	407	403	448	555	423	553
ENSG00000256537.5	0	0	0	0	0	0
ENSG00000256553.1	0	0	0	0	0	0
ENSG00000256566.1	0	4	0	2	1	0
ENSG00000256574.8	0	0	0	0	0	0
ENSG00000256590.2	0	0	0	0	0	0
ENSG00000256591.5	0	1	4	0	0	0
ENSG00000256646.8	0	0	0	0	0	0
ENSG00000256660.7	0	0	0	0	0	0
ENSG00000256671.7	0	0	0	0	0	0
ENSG00000256683.7	47	40	64	62	46	56
ENSG00000256713.8	0	0	0	0	0	0
ENSG00000256762.1	0	0	0	0	0	0
ENSG00000256771.5	92	105	114	106	85	110
ENSG00000256797.1	0	0	0	0	0	0
ENSG00000256806.6	3	2	3	0	1	0
ENSG00000256812.2	0	0	0	0	0	0
ENSG00000256825.4	0	0	0	1	0	0
ENSG00000256861.1	0	0	0	0	0	0
ENSG00000256870.3	0	0	0	0	0	0
ENSG00000256950.2	0	0	0	0	0	0
ENSG00000256966.6	0	0	0	0	0	0
ENSG00000256977.13	0	0	0	0	0	0
ENSG00000256980.5	0	0	0	0	0	1
ENSG00000257008.7	0	0	0	0	0	0
ENSG00000257017.10	0	0	0	0	0	0
ENSG00000257046.5	0	0	0	0	0	0
ENSG00000257057.3	0	0	0	0	0	0
ENSG00000257062.6	0	0	0	0	0	0
ENSG00000257065.1	0	0	0	0	0	0
ENSG00000257093.7	26	35	21	52	27	59
ENSG00000257103.9	518	583	508	453	301	421
ENSG00000257108.2	0	0	0	1	0	1
ENSG00000257115.2	0	0	0	0	0	0
ENSG00000257138.1	0	0	0	0	0	1
ENSG00000257184.3	0	0	0	0	0	0
ENSG00000257207.5	0	0	0	0	0	0
ENSG00000257215.2	0	0	0	0	0	0
ENSG00000257218.6	54	50	47	31	23	34
ENSG00000257232.1	0	0	0	0	0	0
ENSG00000257315.4	2440	2697	2396	2659	2252	3026
ENSG00000257335.8	1	2	0	0	0	2
ENSG00000257341.5	0	0	0	0	0	0
ENSG00000257355.1	0	0	0	0	0	0
ENSG00000257365.8	14	20	32	9	14	19
ENSG00000257390.5	0	0	0	0	0	0
ENSG00000257411.2	0	0	0	0	0	0
ENSG00000257446.4	0	0	0	0	0	0
ENSG00000257473.7	0	0	0	0	0	0
ENSG00000257520.2	0	0	0	0	0	0
ENSG00000257524.6	0	0	0	0	0	0
ENSG00000257529.5	3	4	0	2	0	1
ENSG00000257591.6	0	0	0	0	0	0
ENSG00000257594.4	2	3	5	5	2	5
ENSG00000257704.4	1	4	4	3	1	1
ENSG00000257727.6	8	2	3	0	0	0
ENSG00000257743.9	0	0	0	0	0	0
ENSG00000257767.3	0	0	0	0	0	0
ENSG00000257770.5	0	0	0	0	0	0
ENSG00000257921.6	24	12	9	18	10	9
ENSG00000257923.12	2779	3921	3676	3291	2446	3142
ENSG00000257949.7	4	1	6	0	3	3
ENSG00000257950.3	0	0	0	0	0	0
ENSG00000257987.6	0	0	0	0	0	0
ENSG00000258002.2	0	0	0	0	0	0
ENSG00000258052.1	0	0	0	0	0	0
ENSG00000258064.1	0	0	0	0	0	0
ENSG00000258083.2	0	0	0	0	0	0
ENSG00000258102.5	0	1	1	1	0	0
ENSG00000258223.6	0	0	0	0	0	0
ENSG00000258227.7	0	0	0	0	0	0
ENSG00000258289.10	35	40	53	32	26	35
ENSG00000258311.5	0	1	2	1	0	0
ENSG00000258315.5	4	6	7	1	7	7
ENSG00000258366.12	282	386	345	400	289	350
ENSG00000258388.7	19	13	13	30	15	31
ENSG00000258405.11	0	0	0	0	0	0
ENSG00000258417.3	0	0	0	0	0	0
ENSG00000258429.2	64	99	69	69	51	79
ENSG00000258436.2	0	0	0	0	0	0
ENSG00000258453.3	0	0	0	0	0	0
ENSG00000258461.5	0	0	0	0	0	0
ENSG00000258465.8	0	0	1	0	1	0
ENSG00000258466.5	0	0	0	0	0	0
ENSG00000258472.10	1	0	4	5	1	5
ENSG00000258484.4	27	49	54	36	36	43
ENSG00000258529.5	1	0	0	0	1	0
ENSG00000258539.1	0	0	0	0	0	0
ENSG00000258543.8	0	0	0	0	0	0
ENSG00000258555.6	0	0	0	0	0	0
ENSG00000258588.3	4	2	3	3	5	14
ENSG00000258589.8	0	0	0	0	0	0
ENSG00000258597.4	0	0	0	0	0	0
ENSG00000258635.1	0	0	0	0	0	0
ENSG00000258643.6	11	10	10	17	13	15
ENSG00000258644.6	2	0	3	4	0	1
ENSG00000258653.3	98	177	160	158	136	191
ENSG00000258659.7	0	0	0	0	0	0
ENSG00000258674.5	0	0	0	1	0	0
ENSG00000258677.2	0	0	0	0	0	0
ENSG00000258691.1	0	0	0	0	0	0
ENSG00000258713.3	0	0	0	0	0	0
ENSG00000258724.1	0	0	0	0	0	0
ENSG00000258728.2	0	0	0	0	0	0
ENSG00000258790.1	0	0	0	0	0	0
ENSG00000258806.2	0	0	0	0	0	0
ENSG00000258817.1	0	0	0	0	0	0
ENSG00000258818.4	3	2	3	1	2	4
ENSG00000258830.1	0	0	0	0	0	0
ENSG00000258839.4	0	1	5	2	1	1
ENSG00000258864.1	0	0	0	0	0	0
ENSG00000258873.3	0	0	0	0	0	0
ENSG00000258880.1	0	0	0	0	0	0
ENSG00000258881.6	0	0	0	0	0	0
ENSG00000258890.8	1639	1875	1802	2301	1849	2258
ENSG00000258947.8	96	54	76	71	45	51
ENSG00000258984.5	0	0	0	0	0	0
ENSG00000258986.7	0	0	0	0	0	0
ENSG00000258989.1	0	0	0	0	0	0
ENSG00000258992.7	0	0	0	0	0	0
ENSG00000259009.5	0	0	0	0	0	0
ENSG00000259024.7	0	0	0	0	0	0
ENSG00000259030.8	0	0	0	0	0	0
ENSG00000259040.5	0	0	0	0	0	0
ENSG00000259060.7	0	0	0	0	0	0
ENSG00000259066.5	0	0	0	0	0	0
ENSG00000259075.6	0	0	0	1	0	1
ENSG00000259092.1	9	32	23	14	19	20
ENSG00000259101.1	0	0	0	0	0	0
ENSG00000259112.2	0	0	0	0	0	0
ENSG00000259120.3	0	0	0	0	0	0
ENSG00000259132.1	0	0	0	0	0	0
ENSG00000259164.1	0	0	0	0	0	0
ENSG00000259171.1	0	0	0	0	0	0
ENSG00000259207.10	0	0	1	0	0	0
ENSG00000259224.3	0	0	0	0	0	0
ENSG00000259261.2	0	0	0	0	0	0
ENSG00000259288.7	10	17	21	9	9	21
ENSG00000259303.5	0	0	0	0	0	0
ENSG00000259305.6	1	5	4	9	2	3
ENSG00000259316.12	5	7	8	7	13	9
ENSG00000259330.3	4	2	3	1	1	5
ENSG00000259332.3	9	6	5	2	0	5
ENSG00000259371.2	0	2	0	0	0	0
ENSG00000259384.7	0	0	0	0	0	0
ENSG00000259399.1	0	0	0	0	0	0
ENSG00000259417.3	0	0	0	0	0	0
ENSG00000259431.6	110	123	100	117	99	141
ENSG00000259490.2	0	0	0	0	0	0
ENSG00000259494.2	1098	1142	1119	793	804	1039
ENSG00000259522.3	0	0	0	0	0	0
ENSG00000259529.2	0	0	0	0	0	0
ENSG00000259571.2	0	0	0	0	0	0
ENSG00000259680.5	0	0	0	0	0	0
ENSG00000259753.1	0	0	0	1	0	0
ENSG00000259784.1	0	0	0	1	1	1
ENSG00000259803.8	1	1	4	5	7	3
ENSG00000259823.6	0	0	0	0	0	0
ENSG00000259900.5	0	0	0	0	0	0
ENSG00000259916.2	1	0	0	0	0	0
ENSG00000259956.2	695	1027	928	741	628	741
ENSG00000260001.7	0	1	2	1	0	2
ENSG00000260007.3	0	1	0	2	4	0
ENSG00000260027.5	33	57	53	34	43	52
ENSG00000260092.1	0	0	0	0	0	0
ENSG00000260097.3	0	0	0	0	0	0
ENSG00000260170.1	0	0	0	0	0	0
ENSG00000260220.7	1	6	3	3	3	1
ENSG00000260230.5	0	0	0	0	0	0
ENSG00000260234.5	0	0	0	0	0	0
ENSG00000260238.6	0	0	0	0	1	0
ENSG00000260272.1	0	0	0	0	0	0
ENSG00000260286.4	0	0	0	2	0	0
ENSG00000260287.4	0	0	0	0	0	0
ENSG00000260314.3	1	0	0	0	0	0
ENSG00000260325.2	0	0	0	0	0	0
ENSG00000260342.2	6	7	12	1	4	2
ENSG00000260371.1	0	0	0	0	0	0
ENSG00000260428.3	12	7	5	4	2	3
ENSG00000260456.7	11	10	6	10	7	8
ENSG00000260458.3	0	0	0	0	0	0
ENSG00000260537.2	0	0	0	0	0	0
ENSG00000260596.5	0	0	0	0	0	0
ENSG00000260643.2	8	14	21	12	17	11
ENSG00000260691.8	0	0	0	0	0	0
ENSG00000260729.1	0	0	0	0	0	1
ENSG00000260734.6	1	0	0	1	1	0
ENSG00000260802.2	0	0	0	0	0	0
ENSG00000260811.3	0	0	0	0	0	0
ENSG00000260836.2	0	0	0	0	0	0
ENSG00000260851.7	0	0	0	0	0	0
ENSG00000260861.6	0	0	0	0	0	0
ENSG00000260873.6	0	0	0	0	0	0
ENSG00000260903.3	0	4	6	2	4	0
ENSG00000260914.3	8	4	1	2	0	1
ENSG00000260916.8	544	710	632	542	498	700
ENSG00000261052.6	0	0	1	1	1	2
ENSG00000261115.7	17	35	32	26	15	43
ENSG00000261130.5	0	0	0	0	0	0
ENSG00000261147.1	0	0	0	0	0	0
ENSG00000261150.3	1842	2617	2420	2095	1664	2160
ENSG00000261210.8	0	0	0	0	0	0
ENSG00000261221.4	164	367	328	265	169	259
ENSG00000261236.8	2013	2357	2328	1564	1526	1847
ENSG00000261247.2	0	0	0	0	0	0
ENSG00000261272.1	0	0	0	0	0	0
ENSG00000261308.4	0	0	0	0	0	1
ENSG00000261341.7	0	0	0	0	0	0
ENSG00000261371.6	0	0	0	0	0	0
ENSG00000261408.7	0	0	0	0	0	0
ENSG00000261456.6	1	2	2	5	5	5
ENSG00000261459.1	0	0	0	0	0	0
ENSG00000261509.7	0	0	0	0	0	0
ENSG00000261582.1	3	2	0	2	0	1
ENSG00000261587.3	3	2	5	4	0	0
ENSG00000261594.4	1	0	2	0	1	0
ENSG00000261609.8	1520	1754	1603	1356	1363	1717
ENSG00000261611.6	0	0	0	0	0	0
ENSG00000261649.7	0	0	0	0	0	0
ENSG00000261652.3	0	0	0	0	0	0
ENSG00000261667.2	0	0	0	0	0	0
ENSG00000261678.3	0	1	0	0	0	0
ENSG00000261701.9	0	0	0	0	0	0
ENSG00000261717.5	0	0	0	0	0	0
ENSG00000261732.1	0	0	0	0	0	1
ENSG00000261739.3	0	0	0	0	0	0
ENSG00000261740.7	10	3	9	11	4	4
ENSG00000261787.2	0	0	0	0	0	0
ENSG00000261793.1	0	0	0	0	0	0
ENSG00000261794.2	1	0	0	1	0	0
ENSG00000261796.1	0	0	0	0	0	0
ENSG00000261832.6	0	0	0	0	0	0
ENSG00000261846.2	0	0	0	0	0	0
ENSG00000261852.3	0	0	0	0	0	0
ENSG00000261857.7	0	0	0	0	0	0
ENSG00000261862.2	0	0	0	0	0	0
ENSG00000261873.2	0	0	0	0	0	0
ENSG00000261884.2	8	7	4	7	10	5
ENSG00000261893.5	0	0	0	0	0	0
ENSG00000261897.1	0	0	0	0	0	0
ENSG00000261915.6	7	9	4	9	13	13
ENSG00000261934.3	25	24	22	35	22	46
ENSG00000261949.7	0	0	0	0	0	0
ENSG00000261958.1	0	0	0	0	0	0
ENSG00000261968.3	0	0	0	0	0	0
ENSG00000261972.5	0	0	0	0	0	0
ENSG00000261984.1	0	0	0	0	0	0
ENSG00000261986.1	0	0	0	0	0	0
ENSG00000261992.2	0	0	0	0	0	0
ENSG00000262024.6	0	0	0	0	0	0
ENSG00000262045.1	0	0	0	0	0	0
ENSG00000262068.3	0	0	0	0	0	0
ENSG00000262085.2	0	0	0	0	0	0
ENSG00000262102.1	0	0	0	0	0	0
ENSG00000262111.3	0	0	0	0	0	0
ENSG00000262121.2	0	0	0	0	0	0
ENSG00000262139.9	0	0	0	0	0	0
ENSG00000262145.5	0	0	0	0	0	0
ENSG00000262152.7	3	7	1	8	6	3
ENSG00000262156.4	0	0	0	0	0	0
ENSG00000262164.6	0	0	0	0	0	0
ENSG00000262165.2	0	0	0	0	0	0
ENSG00000262179.3	0	0	0	0	0	0
ENSG00000262191.1	0	0	0	0	0	0
ENSG00000262209.3	55	67	70	120	69	110
ENSG00000262217.3	0	0	0	0	0	0
ENSG00000262218.1	0	0	0	0	0	0
ENSG00000262221.1	0	0	0	0	0	0
ENSG00000262243.5	0	0	0	0	0	0
ENSG00000262246.6	4	7	1	5	3	7
ENSG00000262302.1	0	0	0	0	0	0
ENSG00000262304.2	0	0	0	0	0	0
ENSG00000262315.4	0	0	0	0	0	0
ENSG00000262327.7	0	0	0	0	0	0
ENSG00000262334.6	0	0	0	0	0	0
ENSG00000262347.2	0	0	0	0	0	0
ENSG00000262406.3	0	0	0	0	0	0
ENSG00000262418.5	0	0	0	0	0	0
ENSG00000262446.5	0	0	0	0	0	0
ENSG00000262461.7	0	0	0	0	0	0
ENSG00000262473.5	0	0	0	0	0	0
ENSG00000262481.5	0	0	0	0	0	0
ENSG00000262484.2	4	8	5	8	7	10
ENSG00000262505.2	0	0	0	0	0	0
ENSG00000262512.2	0	0	0	0	0	0
ENSG00000262520.1	0	0	0	0	0	0
ENSG00000262525.3	0	0	0	0	0	0
ENSG00000262526.2	0	0	0	0	0	0
ENSG00000262542.1	0	0	0	0	0	0
ENSG00000262543.2	0	0	0	0	0	0
ENSG00000262560.1	0	0	0	0	0	0
ENSG00000262573.2	0	0	0	0	0	0
ENSG00000262576.3	73	115	110	136	103	143
ENSG00000262594.4	0	0	0	0	0	0
ENSG00000262599.5	0	0	0	0	0	0
ENSG00000262607.5	0	0	0	0	0	0
ENSG00000262611.4	0	0	0	0	0	0
ENSG00000262612.3	0	0	0	0	0	0
ENSG00000262628.1	0	0	0	0	0	0
ENSG00000262633.2	0	0	0	0	0	0
ENSG00000262634.5	0	0	0	0	0	0
ENSG00000262635.5	0	0	0	0	0	0
ENSG00000262647.3	0	0	0	0	0	0
ENSG00000262655.4	0	0	1	0	0	0
ENSG00000262660.1	0	0	0	0	0	0
ENSG00000262664.3	525	572	546	319	325	343
ENSG00000262666.5	0	0	0	0	0	0
ENSG00000262730.1	0	0	0	0	0	0
ENSG00000262731.3	0	0	0	0	0	0
ENSG00000262748.1	0	0	0	0	0	0
ENSG00000262749.2	0	0	0	0	0	0
ENSG00000262755.1	0	0	0	0	0	0
ENSG00000262771.5	0	0	0	0	0	0
ENSG00000262784.2	0	0	0	0	0	0
ENSG00000262785.5	0	0	0	0	0	0
ENSG00000262788.3	0	0	0	0	0	0
ENSG00000262795.5	0	0	0	0	0	0
ENSG00000262796.1	0	0	0	0	0	0
ENSG00000262808.2	0	0	0	0	0	0
ENSG00000262814.8	56	69	95	36	38	47
ENSG00000262826.5	0	0	0	0	0	0
ENSG00000262845.7	0	0	0	0	0	0
ENSG00000262851.2	0	0	0	0	0	0
ENSG00000262860.5	0	0	0	0	0	0
ENSG00000262862.2	0	0	0	0	0	0
ENSG00000262874.2	0	0	0	0	0	0
ENSG00000262896.2	0	0	0	0	0	0
ENSG00000262911.5	0	0	0	0	0	0
ENSG00000262919.8	179	195	223	168	134	156
ENSG00000262938.6	0	0	0	0	0	0
ENSG00000262993.1	0	0	0	0	0	0
ENSG00000263001.8	2572	2770	2622	2373	2076	2626
ENSG00000263002.8	101	116	107	95	92	107
ENSG00000263012.1	0	0	0	0	0	0
ENSG00000263014.5	0	0	0	0	0	0
ENSG00000263020.6	0	0	0	0	0	0
ENSG00000263022.1	0	0	0	0	0	0
ENSG00000263028.1	0	0	0	0	0	0
ENSG00000263042.5	0	0	0	0	0	0
ENSG00000263057.2	0	0	0	0	0	0
ENSG00000263090.5	0	0	0	0	0	0
ENSG00000263091.2	0	0	0	0	0	0
ENSG00000263097.3	0	0	0	0	0	0
ENSG00000263101.2	0	0	0	0	0	0
ENSG00000263141.5	0	0	0	0	0	0
ENSG00000263150.3	0	0	0	0	0	0
ENSG00000263155.6	0	0	0	0	0	0
ENSG00000263160.6	0	0	0	0	0	0
ENSG00000263163.5	0	0	0	0	0	0
ENSG00000263181.7	0	0	0	0	0	0
ENSG00000263186.1	0	0	0	0	0	0
ENSG00000263201.1	0	0	3	0	0	0
ENSG00000263229.4	0	0	0	0	0	0
ENSG00000263236.2	0	0	0	0	0	0
ENSG00000263238.1	0	0	0	0	0	0
ENSG00000263242.2	0	0	0	0	0	0
ENSG00000263243.2	0	0	0	0	0	0
ENSG00000263247.6	0	0	0	0	0	0
ENSG00000263263.1	0	0	0	0	0	0
ENSG00000263290.5	0	0	0	0	0	0
ENSG00000263296.2	0	0	0	0	0	0
ENSG00000263309.6	0	0	0	0	0	0
ENSG00000263310.5	0	0	0	0	0	0
ENSG00000263324.5	0	0	0	0	0	0
ENSG00000263328.2	0	0	0	0	0	0
ENSG00000263341.1	0	0	0	0	0	0
ENSG00000263353.4	1	1	0	0	0	1
ENSG00000263429.4	0	0	0	0	0	0
ENSG00000263465.5	19	24	23	11	17	20
ENSG00000263513.6	2	2	2	2	0	2
ENSG00000263528.8	92	116	113	148	105	149
ENSG00000263620.1	0	0	0	0	0	0
ENSG00000263639.7	34	55	59	42	36	56
ENSG00000263715.7	0	0	0	0	0	0
ENSG00000263761.3	0	0	0	0	0	0
ENSG00000263809.1	0	0	0	0	0	1
ENSG00000263874.2	0	0	0	0	0	0
ENSG00000263956.8	125	92	97	204	176	187
ENSG00000263961.8	0	0	0	0	0	0
ENSG00000264006.9	0	0	0	0	0	0
ENSG00000264058.2	0	0	0	0	0	0
ENSG00000264187.1	0	0	0	0	0	0
ENSG00000264230.9	0	0	0	0	0	0
ENSG00000264324.1	0	0	0	0	0	0
ENSG00000264343.7	0	0	0	0	0	0
ENSG00000264364.3	653	781	843	359	399	473
ENSG00000264424.1	0	0	0	0	0	0
ENSG00000264522.6	2566	3133	2804	2378	1998	2619
ENSG00000264619.6	0	0	0	0	0	0
ENSG00000264668.2	0	0	0	0	0	0
ENSG00000264717.6	0	0	0	0	0	0
ENSG00000264813.6	0	0	0	0	0	0
ENSG00000265107.3	0	0	0	0	0	0
ENSG00000265118.5	0	0	0	0	0	0
ENSG00000265190.7	0	0	0	0	0	0
ENSG00000265203.2	0	0	0	0	0	0
ENSG00000265241.8	3504	3564	3549	2006	2089	2214
ENSG00000265303.1	0	0	0	0	0	0
ENSG00000265354.4	929	1070	1075	568	636	672
ENSG00000265491.5	926	1005	924	902	811	1110
ENSG00000265590.10	0	2	4	2	1	1
ENSG00000265681.8	0	0	0	0	0	0
ENSG00000265690.7	0	0	0	0	0	0
ENSG00000265763.4	1	1	6	4	10	2
ENSG00000265808.4	507	444	512	480	517	573
ENSG00000265817.4	86	83	74	113	88	118
ENSG00000265818.1	0	0	0	0	0	0
ENSG00000265972.6	1472	1474	1572	1076	1084	1193
ENSG00000266027.8	0	0	0	0	0	0
ENSG00000266028.8	1129	1561	1401	1397	1156	1394
ENSG00000266074.11	399	600	598	530	367	568
ENSG00000266076.1	0	0	0	0	0	0
ENSG00000266086.3	0	0	0	0	0	0
ENSG00000266094.8	10	12	15	9	7	5
ENSG00000266173.7	703	990	851	1056	740	1184
ENSG00000266200.8	0	0	0	0	0	0
ENSG00000266202.1	0	0	0	0	0	0
ENSG00000266265.4	0	0	0	0	0	0
ENSG00000266286.2	0	0	0	0	0	0
ENSG00000266302.6	0	0	0	0	0	0
ENSG00000266338.7	233	223	220	473	296	392
ENSG00000266412.6	3013	2814	3016	2006	2146	2585
ENSG00000266442.5	0	0	0	0	0	0
ENSG00000266472.6	1604	2062	1820	1010	829	1055
ENSG00000266524.3	0	0	0	0	0	0
ENSG00000266714.11	73	102	107	142	104	141
ENSG00000266728.5	0	0	0	0	0	1
ENSG00000266826.3	1	4	2	2	0	1
ENSG00000266953.6	1	2	8	1	2	2
ENSG00000266964.6	0	0	0	0	0	0
ENSG00000266967.7	6	7	9	6	4	7
ENSG00000266997.2	0	0	0	0	0	0
ENSG00000267001.1	5	6	4	7	1	5
ENSG00000267022.1	2	7	0	0	0	1
ENSG00000267041.6	24	51	45	50	34	38
ENSG00000267059.2	0	0	0	0	0	0
ENSG00000267060.7	0	0	0	0	0	0
ENSG00000267110.1	0	0	0	0	0	0
ENSG00000267120.3	0	0	0	0	0	0
ENSG00000267127.7	0	0	0	0	0	0
ENSG00000267140.1	1	1	0	0	1	0
ENSG00000267157.1	0	0	0	0	0	0
ENSG00000267168.1	2	3	5	3	3	6
ENSG00000267173.1	0	0	0	0	0	0
ENSG00000267179.1	0	0	0	1	0	2
ENSG00000267206.6	0	0	0	0	0	0
ENSG00000267221.3	36	53	50	53	38	55
ENSG00000267228.7	2	2	0	0	3	0
ENSG00000267261.5	0	0	1	0	0	0
ENSG00000267281.3	0	0	0	0	0	0
ENSG00000267303.1	0	0	0	0	0	0
ENSG00000267314.1	0	0	0	0	0	0
ENSG00000267318.1	0	0	0	0	0	0
ENSG00000267335.2	0	0	0	0	0	0
ENSG00000267360.6	0	0	0	0	0	2
ENSG00000267368.1	0	0	0	0	0	0
ENSG00000267385.1	1	0	0	2	1	0
ENSG00000267426.5	0	1	0	0	0	0
ENSG00000267467.4	0	0	0	0	0	0
ENSG00000267477.1	0	0	0	0	0	0
ENSG00000267508.6	1	0	1	1	1	0
ENSG00000267534.4	1	5	5	0	2	2
ENSG00000267552.6	0	0	0	0	0	0
ENSG00000267561.2	0	0	0	0	0	0
ENSG00000267618.5	0	0	1	0	1	0
ENSG00000267631.5	0	0	0	0	0	0
ENSG00000267635.1	0	0	0	0	0	0
ENSG00000267645.5	0	0	0	0	0	0
ENSG00000267673.6	31	37	43	20	23	35
ENSG00000267680.6	263	285	299	337	281	312
ENSG00000267699.2	0	1	0	0	0	0
ENSG00000267706.3	0	0	0	0	0	0
ENSG00000267710.9	0	0	0	0	0	0
ENSG00000267728.3	0	0	0	0	0	0
ENSG00000267740.5	4	0	0	0	1	0
ENSG00000267748.4	0	0	0	0	0	0
ENSG00000267795.6	70	105	111	38	28	46
ENSG00000267796.8	204	170	184	168	139	185
ENSG00000267855.6	0	0	0	0	0	0
ENSG00000267881.2	0	0	0	0	0	0
ENSG00000267909.3	0	1	0	1	0	1
ENSG00000267952.1	0	0	0	0	0	0
ENSG00000267954.2	0	0	0	0	0	0
ENSG00000267978.6	0	0	0	0	0	0
ENSG00000268009.6	0	0	0	0	0	0
ENSG00000268041.3	2	0	4	3	4	5
ENSG00000268043.9	519	496	540	873	692	808
ENSG00000268083.5	0	0	0	0	0	0
ENSG00000268089.3	0	0	0	0	0	0
ENSG00000268104.3	1565	1269	1331	1125	1293	1538
ENSG00000268107.6	0	0	0	0	0	0
ENSG00000268133.1	0	0	0	0	0	0
ENSG00000268163.1	0	0	0	0	0	0
ENSG00000268173.3	0	0	0	0	0	0
ENSG00000268182.6	0	0	0	0	0	0
ENSG00000268193.5	0	0	0	0	0	0
ENSG00000268221.6	0	0	0	0	0	0
ENSG00000268223.7	0	0	0	0	0	0
ENSG00000268235.9	0	0	0	0	0	0
ENSG00000268279.4	0	0	0	0	0	0
ENSG00000268320.4	0	0	0	0	0	0
ENSG00000268350.8	0	0	0	0	0	0
ENSG00000268361.1	0	0	0	0	0	0
ENSG00000268400.6	0	0	0	0	0	0
ENSG00000268434.5	0	0	1	0	0	0
ENSG00000268447.6	0	0	0	0	0	0
ENSG00000268465.1	0	0	0	0	0	0
ENSG00000268480.4	0	0	0	0	0	2
ENSG00000268500.7	0	0	0	0	0	0
ENSG00000268533.1	5	2	0	0	4	0
ENSG00000268606.6	0	0	0	0	0	0
ENSG00000268614.1	0	0	0	0	0	0
ENSG00000268629.8	1	0	0	0	0	0
ENSG00000268643.2	0	0	0	0	0	0
ENSG00000268651.4	0	0	0	0	0	0
ENSG00000268655.3	0	0	0	0	0	0
ENSG00000268674.2	0	0	0	0	0	0
ENSG00000268696.3	0	0	1	2	0	1
ENSG00000268738.3	0	0	0	0	0	0
ENSG00000268750.7	0	0	0	0	1	1
ENSG00000268790.5	0	0	0	0	0	0
ENSG00000268797.1	0	0	0	0	0	0
ENSG00000268799.4	0	0	0	0	0	0
ENSG00000268870.1	0	0	0	0	0	0
ENSG00000268902.4	0	0	0	0	0	0
ENSG00000268916.6	0	0	0	0	0	0
ENSG00000268940.6	0	0	0	0	0	0
ENSG00000268964.3	0	0	0	0	0	0
ENSG00000268975.2	0	0	0	0	0	0
ENSG00000268988.2	0	0	0	0	0	0
ENSG00000268994.3	0	0	0	0	0	0
ENSG00000269026.2	0	0	0	0	0	0
ENSG00000269035.1	0	0	0	0	0	0
ENSG00000269058.6	1	0	2	0	0	0
ENSG00000269067.2	0	0	2	0	0	0
ENSG00000269095.1	0	0	0	0	0	0
ENSG00000269096.7	0	0	0	0	0	0
ENSG00000269113.4	3	2	5	3	3	7
ENSG00000269167.1	0	0	0	0	0	0
ENSG00000269179.1	0	0	0	0	0	0
ENSG00000269190.6	80	89	67	68	59	72
ENSG00000269226.8	0	0	0	0	0	0
ENSG00000269237.1	0	0	0	0	0	0
ENSG00000269242.1	0	0	0	0	0	0
ENSG00000269307.1	0	0	0	0	0	0
ENSG00000269313.6	20	14	21	33	18	15
ENSG00000269335.7	278	352	319	165	149	220
ENSG00000269343.9	343	260	324	467	377	525
ENSG00000269403.1	0	0	0	0	0	0
ENSG00000269404.7	0	0	0	0	0	0
ENSG00000269405.7	0	0	0	0	0	0
ENSG00000269433.4	0	0	0	0	0	0
ENSG00000269437.8	0	0	0	0	0	0
ENSG00000269466.4	0	0	0	0	0	0
ENSG00000269469.1	0	0	0	0	0	0
ENSG00000269476.1	0	2	1	1	0	2
ENSG00000269502.6	0	0	0	0	0	0
ENSG00000269526.2	0	0	0	0	0	0
ENSG00000269533.5	0	0	0	0	0	0
ENSG00000269547.1	0	0	0	0	1	0
ENSG00000269556.9	116	136	99	82	71	96
ENSG00000269586.8	0	0	0	0	0	0
ENSG00000269590.1	0	0	0	0	0	0
ENSG00000269693.1	0	0	0	0	0	0
ENSG00000269699.7	0	0	0	0	0	0
ENSG00000269711.1	27	38	44	35	45	46
ENSG00000269713.9	239	229	253	390	282	363
ENSG00000269720.3	0	0	0	0	0	1
ENSG00000269741.5	0	0	0	0	0	0
ENSG00000269743.3	0	0	0	0	0	0
ENSG00000269755.1	0	0	0	0	0	0
ENSG00000269791.6	0	0	0	0	0	0
ENSG00000269823.1	0	0	0	0	0	0
ENSG00000269825.3	144	170	145	218	197	210
ENSG00000269855.3	0	0	0	0	2	0
ENSG00000269858.6	311	406	402	445	348	462
ENSG00000269891.2	0	0	0	0	0	0
ENSG00000269897.5	3	7	2	6	1	2
ENSG00000269955.2	0	0	1	0	0	0
ENSG00000269964.4	1	0	2	0	1	0
ENSG00000270011.9	1	1	0	0	0	0
ENSG00000270099.1	0	0	0	0	0	0
ENSG00000270106.6	0	0	0	0	0	0
ENSG00000270136.6	11	9	6	6	5	12
ENSG00000270149.5	0	0	1	0	1	2
ENSG00000270170.2	20	28	30	7	4	8
ENSG00000270181.3	0	0	0	0	0	0
ENSG00000270185.1	0	0	0	0	0	0
ENSG00000270231.5	91	82	86	127	82	145
ENSG00000270249.2	0	0	0	0	0	0
ENSG00000270276.3	0	0	0	0	0	0
ENSG00000270299.1	0	0	0	0	0	0
ENSG00000270316.1	0	0	0	0	0	0
ENSG00000270339.4	0	0	0	0	0	0
ENSG00000270379.6	0	0	0	0	0	0
ENSG00000270451.1	0	0	0	0	0	0
ENSG00000270467.1	0	0	0	0	0	0
ENSG00000270472.3	0	0	0	0	0	0
ENSG00000270505.1	0	0	0	0	0	0
ENSG00000270550.1	0	0	0	0	0	0
ENSG00000270601.5	0	0	0	0	0	0
ENSG00000270617.1	0	0	0	0	0	0
ENSG00000270629.7	463	491	481	644	400	517
ENSG00000270647.7	2112	1967	1919	1707	1548	1998
ENSG00000270757.1	0	3	1	0	1	0
ENSG00000270765.7	1	3	5	1	2	4
ENSG00000270800.4	0	0	0	0	0	0
ENSG00000270806.2	0	0	0	1	1	0
ENSG00000270824.1	0	0	0	0	0	0
ENSG00000270882.3	0	0	0	0	0	0
ENSG00000270885.2	1	8	15	4	4	6
ENSG00000270946.6	0	0	0	0	0	0
ENSG00000270961.1	0	0	0	0	0	0
ENSG00000271079.1	0	0	0	0	0	0
ENSG00000271092.5	0	0	0	0	0	0
ENSG00000271130.1	0	0	0	0	0	0
ENSG00000271178.1	0	0	0	0	0	0
ENSG00000271254.7	0	0	0	0	0	0
ENSG00000271271.6	0	0	0	0	0	0
ENSG00000271303.2	47	57	71	13	26	32
ENSG00000271317.1	0	0	0	0	0	0
ENSG00000271321.1	0	0	0	0	0	0
ENSG00000271336.1	0	0	0	0	0	0
ENSG00000271383.8	1	2	0	1	0	0
ENSG00000271425.9	128	112	117	155	136	168
ENSG00000271447.6	4	0	1	1	0	0
ENSG00000271449.8	0	0	0	0	0	0
ENSG00000271503.6	0	0	0	0	0	0
ENSG00000271567.2	0	0	0	0	0	0
ENSG00000271601.4	20	35	35	25	25	30
ENSG00000271605.6	0	0	0	0	0	0
ENSG00000271698.1	0	0	0	0	0	0
ENSG00000271723.5	0	0	0	0	0	0
ENSG00000271741.1	0	0	0	0	0	0
ENSG00000271793.2	0	0	0	0	0	0
ENSG00000271810.5	0	0	0	0	0	0
ENSG00000271824.2	0	0	0	0	0	1
ENSG00000271949.1	0	0	0	0	0	0
ENSG00000272000.6	0	0	0	0	0	0
ENSG00000272031.3	101	183	190	143	111	149
ENSG00000272047.4	132	134	137	80	74	100
ENSG00000272104.1	0	0	0	0	0	0
ENSG00000272162.1	0	0	0	0	0	0
ENSG00000272295.1	0	0	0	0	0	0
ENSG00000272297.2	0	0	0	0	1	0
ENSG00000272305.5	0	1	0	1	0	0
ENSG00000272325.2	67	70	86	48	40	49
ENSG00000272333.8	2797	4161	3844	3725	2697	3610
ENSG00000272391.6	159	233	189	196	135	182
ENSG00000272395.8	0	0	0	0	0	0
ENSG00000272398.6	67	70	76	30	34	56
ENSG00000272410.5	0	0	0	0	0	0
ENSG00000272414.6	0	0	1	0	0	0
ENSG00000272442.2	0	0	0	0	0	0
ENSG00000272514.6	0	0	0	0	0	0
ENSG00000272532.7	0	0	0	0	0	0
ENSG00000272573.6	0	0	0	0	0	0
ENSG00000272602.6	245	280	254	253	227	317
ENSG00000272617.3	0	0	0	1	0	0
ENSG00000272636.5	0	0	0	0	0	0
ENSG00000272647.3	0	0	0	0	0	0
ENSG00000272670.3	0	0	0	0	0	0
ENSG00000272674.4	183	245	235	190	166	195
ENSG00000272712.1	0	0	0	0	0	0
ENSG00000272741.1	0	2	0	0	0	0
ENSG00000272765.2	0	0	0	0	0	0
ENSG00000272772.2	1	0	2	0	0	0
ENSG00000272803.5	0	0	0	0	0	0
ENSG00000272804.3	0	0	0	0	0	0
ENSG00000272805.1	0	0	0	0	0	0
ENSG00000272822.2	1	0	3	1	0	0
ENSG00000272835.3	0	0	0	0	0	0
ENSG00000272886.6	257	400	327	234	206	272
ENSG00000272896.1	0	0	0	0	0	0
ENSG00000272897.5	40	41	77	53	52	71
ENSG00000272899.4	0	1	5	6	1	5
ENSG00000272901.5	0	0	0	0	0	0
ENSG00000272916.5	0	0	0	0	0	0
ENSG00000272921.1	0	0	0	0	0	0
ENSG00000272968.5	8	2	9	8	6	4
ENSG00000272980.5	0	0	0	0	2	0
ENSG00000272987.1	0	0	0	0	0	0
ENSG00000273003.1	0	0	0	0	0	0
ENSG00000273025.1	0	0	0	0	0	0
ENSG00000273045.7	20	27	34	38	24	24
ENSG00000273047.1	0	0	0	0	0	0
ENSG00000273049.1	0	0	0	0	0	0
ENSG00000273079.7	0	0	0	0	0	1
ENSG00000273085.3	0	0	0	0	0	0
ENSG00000273086.1	0	0	0	0	0	0
ENSG00000273088.2	27	24	23	32	23	30
ENSG00000273092.1	0	0	0	0	0	0
ENSG00000273111.6	0	0	0	0	0	0
ENSG00000273136.8	86	109	85	148	94	114
ENSG00000273154.3	0	0	3	3	0	2
ENSG00000273155.1	0	0	0	0	0	1
ENSG00000273167.1	0	0	0	0	0	0
ENSG00000273171.1	0	0	0	0	0	0
ENSG00000273173.6	0	0	0	0	0	0
ENSG00000273213.4	2	4	4	0	1	0
ENSG00000273217.1	0	0	0	0	0	0
ENSG00000273238.3	0	0	0	1	0	0
ENSG00000273259.3	0	0	0	0	0	0
ENSG00000273269.3	0	0	0	0	0	0
ENSG00000273274.2	0	1	0	0	1	2
ENSG00000273291.5	0	0	0	0	0	0
ENSG00000273294.1	0	0	0	0	0	0
ENSG00000273326.1	0	0	0	0	0	0
ENSG00000273331.1	0	0	0	0	0	0
ENSG00000273345.6	0	0	0	0	0	0
ENSG00000273397.4	0	0	0	0	0	0
ENSG00000273398.6	9	7	9	3	14	14
ENSG00000273431.1	0	0	0	0	0	0
ENSG00000273457.1	0	0	0	0	0	0
ENSG00000273494.3	0	0	0	0	0	0
ENSG00000273498.4	0	0	0	0	0	0
ENSG00000273502.4	0	0	0	0	0	0
ENSG00000273505.1	0	0	0	0	0	0
ENSG00000273506.4	0	0	0	0	0	0
ENSG00000273508.1	0	0	0	0	0	0
ENSG00000273510.1	0	0	0	0	0	0
ENSG00000273511.4	0	0	0	0	0	0
ENSG00000273513.2	0	0	0	0	0	0
ENSG00000273514.2	0	0	0	0	0	0
ENSG00000273517.1	0	0	0	0	0	0
ENSG00000273518.5	0	0	0	0	0	0
ENSG00000273520.6	0	0	0	0	0	0
ENSG00000273526.1	0	0	0	0	0	0
ENSG00000273529.2	0	0	0	0	0	0
ENSG00000273533.3	0	0	0	0	0	0
ENSG00000273535.4	0	0	0	0	0	0
ENSG00000273539.3	0	0	0	0	0	0
ENSG00000273540.5	0	0	0	0	0	0
ENSG00000273542.2	0	0	0	0	0	0
ENSG00000273554.4	0	0	0	0	0	0
ENSG00000273559.5	112	116	103	115	64	98
ENSG00000273562.4	0	0	0	0	0	0
ENSG00000273564.2	0	0	0	0	0	0
ENSG00000273572.4	0	0	0	0	0	0
ENSG00000273574.1	0	0	0	0	0	0
ENSG00000273575.4	0	0	0	0	0	0
ENSG00000273578.1	0	0	0	0	0	0
ENSG00000273579.3	0	0	0	0	0	0
ENSG00000273592.4	0	0	0	0	0	0
ENSG00000273594.4	0	0	0	0	0	0
ENSG00000273603.1	0	0	0	0	0	0
ENSG00000273604.2	0	0	0	0	0	0
ENSG00000273607.3	0	0	0	0	0	0
ENSG00000273608.4	0	0	0	0	0	0
ENSG00000273611.5	51	27	32	26	42	25
ENSG00000273622.1	0	0	0	0	0	0
ENSG00000273633.1	0	0	0	0	0	0
ENSG00000273641.2	0	0	0	0	0	0
ENSG00000273642.1	0	0	0	0	0	0
ENSG00000273645.2	0	0	0	0	0	0
ENSG00000273651.4	0	0	0	0	0	0
ENSG00000273661.5	0	0	0	0	0	0
ENSG00000273686.4	0	0	0	0	0	0
ENSG00000273696.5	0	0	0	0	0	0
ENSG00000273703.2	1779	2156	2045	986	925	1080
ENSG00000273706.5	0	3	1	3	2	0
ENSG00000273707.4	0	0	0	0	0	0
ENSG00000273713.2	0	0	0	0	0	0
ENSG00000273722.4	0	0	0	0	0	0
ENSG00000273734.1	0	0	0	0	0	0
ENSG00000273735.4	0	0	0	0	0	0
ENSG00000273737.3	0	0	0	0	0	0
ENSG00000273738.4	0	0	0	0	0	0
ENSG00000273748.1	0	0	0	0	0	0
ENSG00000273749.5	2916	3801	3726	2667	2313	3152
ENSG00000273756.5	0	0	0	0	0	0
ENSG00000273761.5	0	0	0	0	0	0
ENSG00000273772.4	0	0	0	0	0	0
ENSG00000273775.5	0	0	0	0	0	0
ENSG00000273777.6	0	0	0	1	2	0
ENSG00000273780.2	0	0	0	0	0	0
ENSG00000273793.3	0	0	0	0	0	0
ENSG00000273794.4	0	0	0	0	0	0
ENSG00000273802.3	2746	3679	3114	1758	1737	2110
ENSG00000273807.2	0	0	0	0	0	0
ENSG00000273814.4	0	0	0	0	0	0
ENSG00000273820.2	50	45	59	35	31	37
ENSG00000273822.5	0	0	0	0	0	0
ENSG00000273827.2	0	0	0	0	0	0
ENSG00000273831.2	0	0	0	0	0	0
ENSG00000273833.1	0	0	0	0	0	0
ENSG00000273841.6	0	0	0	0	0	0
ENSG00000273850.3	0	0	0	0	0	0
ENSG00000273859.4	0	0	0	0	0	0
ENSG00000273865.2	0	0	0	0	0	0
ENSG00000273873.4	0	0	0	0	0	0
ENSG00000273875.1	0	0	0	0	0	0
ENSG00000273884.4	0	0	0	0	0	0
ENSG00000273887.1	0	0	0	0	0	0
ENSG00000273889.2	0	0	0	0	0	0
ENSG00000273896.4	0	0	0	0	0	0
ENSG00000273899.5	204	238	192	94	100	120
ENSG00000273911.1	0	0	0	0	0	0
ENSG00000273914.2	0	0	0	0	0	0
ENSG00000273916.4	0	0	0	0	0	0
ENSG00000273931.1	0	0	0	0	0	0
ENSG00000273936.4	0	0	0	0	0	0
ENSG00000273943.4	0	0	0	0	0	0
ENSG00000273944.1	0	0	0	0	0	0
ENSG00000273947.5	0	0	0	0	0	0
ENSG00000273953.1	0	0	0	0	0	0
ENSG00000273962.2	0	0	0	0	0	0
ENSG00000273976.2	0	0	0	0	0	0
ENSG00000273983.2	750	867	963	368	395	360
ENSG00000273984.4	0	0	0	0	0	0
ENSG00000273991.4	0	0	0	0	0	0
ENSG00000273992.4	0	0	0	0	0	0
ENSG00000273993.4	0	0	0	0	0	0
ENSG00000274000.4	0	0	0	0	0	0
ENSG00000274005.3	0	0	0	0	0	0
ENSG00000274036.5	0	0	0	0	0	0
ENSG00000274042.2	0	0	0	0	0	0
ENSG00000274047.4	0	0	0	0	0	0
ENSG00000274049.4	0	0	0	0	0	0
ENSG00000274050.4	0	0	0	0	0	0
ENSG00000274053.4	0	0	0	0	0	0
ENSG00000274058.3	0	0	0	0	0	0
ENSG00000274063.1	0	0	0	0	0	0
ENSG00000274070.2	103	143	155	81	60	76
ENSG00000274073.1	0	0	0	0	0	0
ENSG00000274078.4	0	0	0	0	0	0
ENSG00000274084.4	0	0	0	0	0	0
ENSG00000274089.4	0	0	0	0	0	0
ENSG00000274102.3	0	0	0	0	0	0
ENSG00000274108.5	0	0	0	0	0	0
ENSG00000274109.2	0	0	0	0	0	0
ENSG00000274110.4	0	0	0	0	0	0
ENSG00000274112.2	0	0	0	0	0	0
ENSG00000274113.4	0	0	0	0	0	0
ENSG00000274126.4	0	0	0	0	0	0
ENSG00000274129.4	0	0	0	0	0	0
ENSG00000274131.3	0	0	0	0	0	0
ENSG00000274137.2	0	0	0	0	0	0
ENSG00000274143.1	0	0	0	0	0	0
ENSG00000274144.4	0	0	0	0	0	0
ENSG00000274145.2	0	0	0	0	0	0
ENSG00000274146.5	0	0	0	0	0	0
ENSG00000274148.5	0	0	0	0	0	0
ENSG00000274161.4	0	0	0	0	0	0
ENSG00000274166.2	0	0	0	0	0	0
ENSG00000274174.4	0	0	0	0	0	0
ENSG00000274175.1	0	0	0	0	0	0
ENSG00000274176.4	0	0	0	0	0	0
ENSG00000274180.1	2	0	0	0	0	0
ENSG00000274183.2	0	0	0	0	0	0
ENSG00000274185.4	0	0	0	0	0	0
ENSG00000274189.4	0	0	0	0	0	0
ENSG00000274193.4	0	0	0	0	0	0
ENSG00000274194.4	0	0	0	0	0	0
ENSG00000274195.2	0	0	0	0	0	0
ENSG00000274205.4	0	0	0	0	0	0
ENSG00000274209.6	1	0	0	0	0	1
ENSG00000274211.6	24	23	23	31	21	28
ENSG00000274221.2	0	0	0	0	0	0
ENSG00000274226.6	0	0	0	0	0	0
ENSG00000274229.2	0	0	0	0	0	0
ENSG00000274232.4	0	0	0	0	0	0
ENSG00000274233.4	0	0	0	0	0	0
ENSG00000274236.3	0	0	0	0	0	0
ENSG00000274243.5	0	0	0	0	0	0
ENSG00000274247.4	0	0	0	0	0	0
ENSG00000274252.1	0	0	0	0	0	0
ENSG00000274254.1	0	0	0	0	0	0
ENSG00000274273.1	0	0	0	0	0	0
ENSG00000274274.2	0	1	0	0	0	0
ENSG00000274283.5	0	0	0	0	0	0
ENSG00000274286.2	8	7	8	0	6	2
ENSG00000274287.4	0	0	0	0	0	0
ENSG00000274290.3	93	102	127	62	61	71
ENSG00000274296.3	0	0	0	0	0	0
ENSG00000274305.4	0	0	0	0	0	0
ENSG00000274311.4	0	0	0	0	0	0
ENSG00000274320.2	0	0	0	0	0	0
ENSG00000274322.1	0	0	0	0	0	0
ENSG00000274324.1	0	0	0	0	0	0
ENSG00000274327.1	0	0	0	0	0	0
ENSG00000274332.3	0	0	0	0	0	0
ENSG00000274334.1	0	0	0	0	0	0
ENSG00000274336.2	0	0	0	0	0	0
ENSG00000274338.2	0	0	0	0	0	0
ENSG00000274348.2	0	0	0	0	0	0
ENSG00000274349.5	0	1	0	1	2	2
ENSG00000274352.4	0	0	0	0	0	0
ENSG00000274359.1	0	0	0	0	0	0
ENSG00000274382.2	0	0	0	0	0	0
ENSG00000274384.4	0	0	0	0	0	0
ENSG00000274386.6	1	1	0	0	2	1
ENSG00000274391.5	28	44	34	71	61	50
ENSG00000274394.1	0	0	0	0	0	0
ENSG00000274402.1	0	0	0	0	0	0
ENSG00000274404.3	0	0	0	0	0	0
ENSG00000274405.4	0	0	0	0	0	0
ENSG00000274406.1	0	0	0	0	0	0
ENSG00000274410.5	0	0	0	0	0	0
ENSG00000274412.5	0	0	0	0	0	0
ENSG00000274418.1	0	0	0	0	0	0
ENSG00000274419.7	0	0	0	0	0	0
ENSG00000274429.2	0	0	0	0	0	0
ENSG00000274437.4	0	0	0	0	0	0
ENSG00000274438.1	0	0	0	0	0	0
ENSG00000274442.2	0	0	0	0	0	0
ENSG00000274443.5	0	0	0	0	0	0
ENSG00000274465.5	0	0	0	0	0	0
ENSG00000274473.2	0	0	0	0	0	0
ENSG00000274474.3	0	0	0	0	0	0
ENSG00000274480.1	0	0	0	0	0	0
ENSG00000274488.4	0	0	0	0	0	0
ENSG00000274495.1	0	0	0	0	0	0
ENSG00000274497.2	0	0	0	0	0	0
ENSG00000274504.1	0	0	0	0	0	0
ENSG00000274511.5	0	0	0	0	0	0
ENSG00000274512.6	0	0	0	0	0	0
ENSG00000274513.4	0	0	0	0	0	0
ENSG00000274518.1	0	0	0	0	0	0
ENSG00000274523.5	1693	1894	1837	1446	1245	1734
ENSG00000274529.6	0	0	0	0	0	0
ENSG00000274533.1	0	0	0	0	0	0
ENSG00000274538.2	0	0	0	0	0	0
ENSG00000274540.2	0	0	0	0	0	0
ENSG00000274542.1	0	0	0	0	0	0
ENSG00000274556.1	0	0	0	0	0	0
ENSG00000274563.1	0	0	0	0	0	0
ENSG00000274566.4	0	0	0	0	0	0
ENSG00000274570.6	0	0	0	0	0	0
ENSG00000274571.4	0	0	0	0	0	0
ENSG00000274575.2	0	0	0	0	0	0
ENSG00000274576.2	0	0	0	0	0	0
ENSG00000274577.2	0	0	0	0	0	0
ENSG00000274580.4	0	0	0	0	0	0
ENSG00000274587.5	0	0	0	0	0	0
ENSG00000274588.2	0	0	0	0	0	0
ENSG00000274600.2	0	0	0	0	0	0
ENSG00000274609.1	0	0	0	0	0	0
ENSG00000274610.1	0	0	0	0	0	0
ENSG00000274611.4	0	0	0	0	0	0
ENSG00000274616.4	0	0	0	0	0	0
ENSG00000274618.2	3303	3430	3152	1217	1417	1794
ENSG00000274619.2	0	0	0	0	0	0
ENSG00000274626.3	0	0	0	0	0	0
ENSG00000274636.2	0	0	0	0	0	0
ENSG00000274638.4	0	0	0	0	0	0
ENSG00000274639.1	0	0	0	0	0	0
ENSG00000274641.2	164	257	229	104	114	127
ENSG00000274646.4	0	0	0	0	0	0
ENSG00000274651.4	0	0	0	0	0	0
ENSG00000274665.3	0	0	0	0	0	0
ENSG00000274669.5	0	0	0	0	0	0
ENSG00000274671.4	0	0	0	0	0	0
ENSG00000274672.4	0	0	0	0	0	0
ENSG00000274675.4	0	0	0	0	0	0
ENSG00000274676.1	0	0	0	0	0	0
ENSG00000274679.4	0	0	0	0	0	0
ENSG00000274684.4	0	0	0	0	0	0
ENSG00000274692.1	0	0	0	0	0	0
ENSG00000274696.2	0	0	0	0	0	0
ENSG00000274699.4	0	0	0	0	0	0
ENSG00000274700.1	0	0	0	0	0	0
ENSG00000274703.4	0	0	0	0	0	0
ENSG00000274707.5	0	0	0	0	0	0
ENSG00000274714.1	0	0	0	0	0	0
ENSG00000274722.4	0	0	0	0	0	0
ENSG00000274724.1	0	0	0	0	0	0
ENSG00000274726.4	0	0	0	0	0	0
ENSG00000274729.1	0	0	0	0	0	0
ENSG00000274733.1	0	0	0	0	0	0
ENSG00000274734.1	0	0	0	0	0	0
ENSG00000274736.5	0	0	0	0	0	0
ENSG00000274739.1	0	0	0	0	0	0
ENSG00000274746.4	0	0	0	0	0	0
ENSG00000274749.1	0	0	0	0	0	0
ENSG00000274750.3	38	77	66	27	29	27
ENSG00000274752.1	0	0	0	0	0	0
ENSG00000274763.1	0	0	0	0	0	0
ENSG00000274764.6	0	0	0	0	0	0
ENSG00000274768.2	0	0	0	0	0	0
ENSG00000274779.4	0	0	0	0	0	0
ENSG00000274780.2	0	0	0	0	0	0
ENSG00000274782.1	0	0	0	0	0	0
ENSG00000274786.1	0	0	0	0	0	0
ENSG00000274792.1	0	0	0	0	0	0
ENSG00000274796.4	0	0	0	0	0	0
ENSG00000274803.4	0	0	0	0	0	0
ENSG00000274807.4	0	0	0	0	0	0
ENSG00000274808.6	0	0	0	0	0	0
ENSG00000274810.4	0	0	0	0	0	0
ENSG00000274811.3	0	0	0	0	0	0
ENSG00000274821.5	0	0	0	0	0	0
ENSG00000274829.4	0	0	0	0	0	0
ENSG00000274830.5	0	0	0	0	0	0
ENSG00000274839.5	0	0	0	0	0	0
ENSG00000274843.3	0	0	0	0	0	0
ENSG00000274847.1	0	0	0	0	0	0
ENSG00000274853.2	0	0	0	0	0	0
ENSG00000274854.2	0	0	0	0	0	0
ENSG00000274870.1	0	0	0	0	0	0
ENSG00000274873.1	0	0	0	0	0	0
ENSG00000274887.4	0	0	0	0	0	0
ENSG00000274889.1	0	0	0	0	0	0
ENSG00000274891.3	0	0	0	0	0	0
ENSG00000274894.4	0	0	0	0	0	0
ENSG00000274905.1	0	0	0	0	0	0
ENSG00000274914.4	0	0	0	0	0	0
ENSG00000274920.5	0	0	0	0	0	0
ENSG00000274921.2	0	0	0	0	0	0
ENSG00000274926.1	0	0	0	0	0	0
ENSG00000274933.6	0	0	0	0	0	0
ENSG00000274935.5	0	0	0	0	0	0
ENSG00000274939.2	0	0	0	0	0	0
ENSG00000274941.4	0	0	0	0	0	0
ENSG00000274944.4	0	0	0	0	0	0
ENSG00000274945.4	0	0	0	0	0	0
ENSG00000274947.1	0	0	0	0	0	0
ENSG00000274948.5	0	0	0	0	0	0
ENSG00000274950.4	0	0	0	0	0	0
ENSG00000274952.5	0	0	0	0	0	0
ENSG00000274953.4	0	0	0	0	0	0
ENSG00000274955.4	0	0	0	0	0	0
ENSG00000274957.1	0	0	0	0	0	0
ENSG00000274958.4	0	0	0	0	0	0
ENSG00000274965.4	0	0	0	0	0	0
ENSG00000274971.1	0	0	0	0	0	0
ENSG00000274972.3	0	0	0	0	0	0
ENSG00000274997.2	1024	1195	1249	417	432	503
ENSG00000275003.3	0	0	0	0	0	0
ENSG00000275004.4	0	0	0	0	0	0
ENSG00000275008.1	0	0	0	0	0	0
ENSG00000275009.2	0	0	0	0	0	0
ENSG00000275013.4	0	0	0	0	0	0
ENSG00000275018.6	0	0	0	0	0	0
ENSG00000275019.5	0	0	0	0	0	0
ENSG00000275023.5	196	256	255	276	172	238
ENSG00000275031.2	0	0	0	0	0	0
ENSG00000275034.3	0	0	0	0	0	0
ENSG00000275035.2	0	0	0	0	0	0
ENSG00000275037.5	0	0	0	0	0	0
ENSG00000275045.4	0	0	0	0	0	0
ENSG00000275047.1	0	0	0	0	0	0
ENSG00000275049.1	0	0	0	0	0	0
ENSG00000275050.4	0	0	0	0	0	0
ENSG00000275051.2	0	0	0	0	0	0
ENSG00000275052.5	2578	3229	2910	3146	2544	3444
ENSG00000275062.1	0	0	0	0	0	0
ENSG00000275063.1	0	0	0	0	0	0
ENSG00000275066.5	269	326	264	272	218	314
ENSG00000275074.2	73	79	63	52	57	49
ENSG00000275079.3	0	0	0	0	0	0
ENSG00000275080.5	0	0	0	0	0	0
ENSG00000275082.4	0	0	0	0	0	0
ENSG00000275083.4	0	0	0	0	0	0
ENSG00000275086.1	0	0	0	0	0	0
ENSG00000275095.2	0	0	0	0	0	0
ENSG00000275099.2	0	0	0	0	0	0
ENSG00000275102.2	0	0	0	0	0	0
ENSG00000275111.5	88	127	104	110	80	111
ENSG00000275113.1	0	0	0	0	0	0
ENSG00000275117.4	0	0	0	0	0	0
ENSG00000275118.4	0	0	0	0	0	0
ENSG00000275122.4	0	0	0	0	0	0
ENSG00000275123.1	0	0	0	0	0	0
ENSG00000275125.4	0	0	0	0	0	0
ENSG00000275126.2	0	0	0	0	0	0
ENSG00000275136.4	0	0	0	0	0	0
ENSG00000275145.3	0	0	0	0	0	0
ENSG00000275148.2	0	0	0	0	0	0
ENSG00000275152.5	0	0	0	0	0	0
ENSG00000275153.4	0	0	0	0	0	0
ENSG00000275156.4	0	0	0	0	0	0
ENSG00000275158.1	0	0	0	0	0	0
ENSG00000275163.1	0	0	0	0	0	0
ENSG00000275165.4	0	0	0	0	0	0
ENSG00000275172.1	0	0	0	0	0	0
ENSG00000275176.4	0	0	0	0	0	0
ENSG00000275181.2	0	0	0	0	0	0
ENSG00000275183.2	0	0	0	0	0	0
ENSG00000275190.3	0	0	0	0	0	0
ENSG00000275196.1	0	0	0	0	0	0
ENSG00000275199.4	0	0	0	0	0	0
ENSG00000275211.4	0	0	0	0	0	0
ENSG00000275214.4	0	0	0	0	0	0
ENSG00000275221.2	78	68	102	42	51	31
ENSG00000275237.4	0	0	0	0	0	0
ENSG00000275243.1	0	0	0	0	0	0
ENSG00000275244.1	0	0	0	0	0	0
ENSG00000275246.2	0	0	0	0	0	0
ENSG00000275249.1	0	0	0	0	0	0
ENSG00000275253.1	0	0	0	0	0	0
ENSG00000275262.4	0	0	0	0	0	0
ENSG00000275269.4	0	0	0	0	0	0
ENSG00000275272.4	0	0	0	0	0	0
ENSG00000275276.1	0	0	0	0	0	0
ENSG00000275288.6	0	0	0	0	0	0
ENSG00000275290.4	0	0	0	0	0	0
ENSG00000275300.4	0	0	0	0	0	0
ENSG00000275302.2	0	0	0	0	0	0
ENSG00000275306.1	0	0	0	0	0	0
ENSG00000275313.5	0	0	0	0	0	0
ENSG00000275316.3	0	0	0	0	0	0
ENSG00000275317.4	0	0	0	0	0	0
ENSG00000275323.3	0	0	0	0	0	0
ENSG00000275326.4	0	0	0	0	0	0
ENSG00000275330.4	0	0	0	0	0	0
ENSG00000275331.5	0	0	0	0	0	0
ENSG00000275333.4	0	0	0	0	0	0
ENSG00000275338.4	0	0	0	0	0	0
ENSG00000275342.5	150	255	204	210	125	188
ENSG00000275349.4	0	0	0	0	0	0
ENSG00000275351.1	0	0	0	0	0	0
ENSG00000275353.1	0	0	0	0	0	0
ENSG00000275365.3	0	0	0	0	0	0
ENSG00000275368.2	0	0	0	0	0	0
ENSG00000275379.2	906	1036	1075	402	456	433
ENSG00000275384.1	0	0	0	0	0	0
ENSG00000275385.2	0	0	0	0	0	0
ENSG00000275395.7	10	11	11	17	10	10
ENSG00000275397.2	0	0	0	0	0	0
ENSG00000275399.4	0	0	0	0	0	0
ENSG00000275404.4	0	0	0	0	0	0
ENSG00000275407.1	0	0	0	0	0	0
ENSG00000275410.6	0	0	0	0	0	0
ENSG00000275416.4	0	0	0	0	0	0
ENSG00000275421.1	0	0	0	0	0	0
ENSG00000275428.2	0	0	0	0	0	0
ENSG00000275430.3	0	0	0	0	0	0
ENSG00000275433.1	0	0	0	0	0	0
ENSG00000275434.5	0	0	0	0	0	0
ENSG00000275436.5	0	0	0	0	0	0
ENSG00000275444.2	0	0	0	0	0	0
ENSG00000275452.2	0	0	0	0	0	0
ENSG00000275456.1	0	0	0	0	0	0
ENSG00000275463.4	0	0	0	0	0	0
ENSG00000275474.1	0	0	0	0	0	0
ENSG00000275482.4	0	0	0	0	0	0
ENSG00000275483.4	0	0	0	0	0	0
ENSG00000275486.5	0	0	0	0	0	0
ENSG00000275489.2	0	0	0	0	0	0
ENSG00000275498.5	0	0	0	0	0	0
ENSG00000275499.2	0	0	0	0	0	0
ENSG00000275500.1	0	0	0	0	0	0
ENSG00000275501.4	0	0	0	0	0	0
ENSG00000275511.4	0	0	0	0	0	0
ENSG00000275513.1	0	0	0	0	0	0
ENSG00000275517.4	0	0	0	0	0	0
ENSG00000275520.2	0	0	0	0	0	0
ENSG00000275521.4	0	0	0	0	0	0
ENSG00000275522.4	0	0	0	0	0	0
ENSG00000275525.5	0	0	0	0	0	0
ENSG00000275528.2	0	0	0	0	0	0
ENSG00000275539.5	0	0	0	0	0	0
ENSG00000275543.4	0	0	0	0	0	0
ENSG00000275544.4	0	0	0	0	0	0
ENSG00000275545.5	0	0	0	0	0	0
ENSG00000275546.5	0	0	0	0	0	0
ENSG00000275551.4	0	0	0	0	0	0
ENSG00000275555.2	0	0	0	0	0	0
ENSG00000275564.4	0	0	0	0	0	0
ENSG00000275565.4	0	0	0	0	0	0
ENSG00000275566.4	0	0	0	0	0	0
ENSG00000275568.4	0	0	0	0	0	0
ENSG00000275571.2	0	0	0	0	0	0
ENSG00000275572.2	0	0	0	0	0	0
ENSG00000275575.4	0	0	0	0	0	0
ENSG00000275577.4	0	0	0	0	0	0
ENSG00000275581.4	0	0	0	0	0	0
ENSG00000275583.5	0	0	0	0	0	0
ENSG00000275584.5	0	0	0	0	0	0
ENSG00000275591.5	0	0	0	0	0	0
ENSG00000275594.4	0	0	0	0	0	0
ENSG00000275596.1	0	0	0	0	0	0
ENSG00000275599.1	0	0	0	0	0	0
ENSG00000275600.2	0	0	0	0	0	0
ENSG00000275605.1	0	0	0	0	0	0
ENSG00000275606.1	0	0	0	0	0	0
ENSG00000275608.5	0	0	0	0	0	0
ENSG00000275617.1	0	0	0	0	0	0
ENSG00000275618.2	0	0	0	0	0	0
ENSG00000275619.2	0	0	0	0	0	0
ENSG00000275621.3	0	0	0	0	0	0
ENSG00000275623.5	0	0	0	0	0	0
ENSG00000275624.4	0	0	0	0	0	0
ENSG00000275626.4	0	0	0	0	0	0
ENSG00000275629.4	0	0	0	0	0	0
ENSG00000275633.4	0	0	0	0	0	0
ENSG00000275637.4	0	0	0	0	0	0
ENSG00000275644.4	0	0	0	0	0	0
ENSG00000275650.4	0	0	0	0	0	0
ENSG00000275658.5	0	0	0	0	0	0
ENSG00000275659.5	0	0	0	0	0	0
ENSG00000275663.2	0	2	0	0	0	0
ENSG00000275674.1	6	13	12	6	16	8
ENSG00000275679.4	0	0	0	0	0	0
ENSG00000275688.4	0	0	0	0	0	0
ENSG00000275699.4	0	0	0	0	0	0
ENSG00000275700.6	575	513	548	471	405	511
ENSG00000275713.3	1840	2301	2017	1170	959	1009
ENSG00000275714.2	210	328	314	111	103	101
ENSG00000275717.5	0	0	0	0	0	0
ENSG00000275718.2	0	0	0	0	0	0
ENSG00000275722.5	0	0	0	0	0	0
ENSG00000275723.4	0	0	0	0	0	0
ENSG00000275724.1	0	0	0	0	0	0
ENSG00000275730.4	0	0	0	0	0	0
ENSG00000275731.1	0	0	0	0	0	0
ENSG00000275732.4	0	0	0	0	0	0
ENSG00000275735.1	0	0	0	0	0	0
ENSG00000275736.4	0	0	0	0	0	0
ENSG00000275737.1	0	0	0	0	0	0
ENSG00000275740.1	0	0	0	0	0	0
ENSG00000275743.1	0	0	0	0	0	0
ENSG00000275744.4	0	0	0	0	0	0
ENSG00000275746.1	0	0	0	0	0	0
ENSG00000275748.4	0	0	0	0	0	0
ENSG00000275750.1	0	0	0	0	0	0
ENSG00000275754.2	0	0	0	0	0	0
ENSG00000275758.2	0	0	0	0	0	0
ENSG00000275760.4	0	0	0	0	0	0
ENSG00000275774.3	0	0	0	0	0	0
ENSG00000275777.3	0	0	0	0	0	0
ENSG00000275778.3	0	0	0	0	1	0
ENSG00000275779.4	0	0	0	0	0	0
ENSG00000275786.5	0	0	0	0	0	0
ENSG00000275791.1	0	0	0	0	0	0
ENSG00000275793.1	18	11	14	15	8	14
ENSG00000275794.2	0	0	0	0	0	0
ENSG00000275796.4	0	0	0	0	0	0
ENSG00000275798.4	0	0	0	0	0	0
ENSG00000275806.1	0	0	0	0	0	0
ENSG00000275819.4	0	0	0	0	0	0
ENSG00000275821.2	0	0	0	0	0	0
ENSG00000275822.4	0	0	0	0	0	0
ENSG00000275824.4	0	0	0	0	0	0
ENSG00000275832.5	0	2	0	0	0	1
ENSG00000275835.5	159	173	143	171	126	174
ENSG00000275837.3	0	0	0	0	0	0
ENSG00000275838.5	0	0	0	0	0	0
ENSG00000275841.4	0	0	0	0	0	0
ENSG00000275843.4	0	0	0	0	0	0
ENSG00000275848.1	0	0	0	0	0	0
ENSG00000275851.4	0	0	0	0	0	0
ENSG00000275861.4	0	0	0	0	0	0
ENSG00000275865.2	0	0	0	0	0	0
ENSG00000275867.3	0	0	0	0	0	0
ENSG00000275869.1	0	0	0	0	0	0
ENSG00000275873.2	0	0	0	0	0	0
ENSG00000275885.4	0	0	0	0	0	0
ENSG00000275896.7	0	0	0	0	0	0
ENSG00000275903.2	0	0	0	0	0	0
ENSG00000275911.3	0	0	0	0	0	0
ENSG00000275914.5	0	0	0	0	0	0
ENSG00000275917.4	0	0	0	0	0	0
ENSG00000275918.4	0	0	0	0	0	0
ENSG00000275920.1	0	0	0	0	0	0
ENSG00000275921.5	0	0	0	0	0	0
ENSG00000275931.4	0	0	0	0	0	0
ENSG00000275932.2	0	0	0	0	0	0
ENSG00000275935.1	0	0	0	0	0	0
ENSG00000275937.1	0	0	0	0	0	0
ENSG00000275946.5	0	0	0	0	0	0
ENSG00000275947.2	0	0	0	0	0	0
ENSG00000275949.5	0	0	0	0	0	0
ENSG00000275954.5	0	0	0	0	0	0
ENSG00000275960.4	0	0	0	0	0	0
ENSG00000275962.4	0	0	0	0	0	0
ENSG00000275969.3	0	0	0	0	0	0
ENSG00000275970.4	0	0	0	0	0	0
ENSG00000275974.2	0	0	0	0	0	0
ENSG00000275976.6	0	0	0	0	0	0
ENSG00000275979.4	0	0	0	0	0	0
ENSG00000275990.3	0	0	0	0	0	0
ENSG00000276004.4	0	0	0	0	0	0
ENSG00000276011.1	0	0	0	0	0	0
ENSG00000276016.4	0	0	0	0	0	0
ENSG00000276017.1	0	0	0	0	0	0
ENSG00000276021.4	0	0	0	0	0	0
ENSG00000276022.1	0	0	0	0	0	0
ENSG00000276023.5	0	0	0	0	0	0
ENSG00000276025.2	0	0	0	0	0	0
ENSG00000276033.4	0	0	0	0	0	0
ENSG00000276040.5	0	0	0	0	0	0
ENSG00000276042.4	0	0	0	0	0	0
ENSG00000276043.5	1569	1698	1680	1160	1025	1277
ENSG00000276044.4	0	0	0	0	0	0
ENSG00000276045.4	67	123	101	65	53	51
ENSG00000276051.4	0	0	0	0	0	0
ENSG00000276053.4	0	0	0	0	0	0
ENSG00000276061.4	0	0	0	0	0	0
ENSG00000276065.4	0	0	0	0	0	0
ENSG00000276066.4	0	0	0	0	0	0
ENSG00000276068.4	0	0	0	0	0	0
ENSG00000276070.5	0	0	0	0	0	0
ENSG00000276072.2	0	0	0	0	0	0
ENSG00000276082.4	0	0	0	0	0	0
ENSG00000276084.1	0	0	0	0	0	0
ENSG00000276085.1	0	0	0	0	0	0
ENSG00000276086.1	0	0	0	0	0	0
ENSG00000276087.2	0	0	0	0	0	0
ENSG00000276111.3	0	0	0	0	0	0
ENSG00000276114.2	0	0	0	0	0	0
ENSG00000276119.1	0	0	0	0	0	0
ENSG00000276125.4	0	0	0	0	0	0
ENSG00000276126.3	0	0	0	0	0	0
ENSG00000276130.4	0	0	0	0	0	0
ENSG00000276139.4	0	0	0	0	0	0
ENSG00000276145.1	0	0	0	0	0	0
ENSG00000276146.4	0	0	0	0	0	0
ENSG00000276154.1	0	0	0	0	0	0
ENSG00000276155.4	0	0	0	0	0	0
ENSG00000276159.4	0	0	0	0	0	0
ENSG00000276163.4	0	0	0	0	0	0
ENSG00000276167.1	0	0	0	0	0	0
ENSG00000276173.2	0	0	0	0	0	0
ENSG00000276175.4	0	0	0	0	0	0
ENSG00000276177.1	0	0	0	0	0	0
ENSG00000276180.2	5	5	5	3	1	6
ENSG00000276184.4	0	0	0	0	0	0
ENSG00000276187.4	0	0	0	0	0	0
ENSG00000276191.4	0	0	0	0	0	0
ENSG00000276192.2	0	0	0	0	0	0
ENSG00000276194.4	0	0	0	0	0	0
ENSG00000276196.1	0	0	0	0	0	0
ENSG00000276209.4	0	0	0	0	0	0
ENSG00000276211.4	0	0	0	0	0	0
ENSG00000276218.5	0	0	0	0	0	0
ENSG00000276219.4	0	0	0	0	0	0
ENSG00000276220.1	0	0	0	0	0	0
ENSG00000276230.4	0	0	0	0	0	0
ENSG00000276231.5	0	0	0	0	0	0
ENSG00000276234.5	145	163	133	143	135	139
ENSG00000276240.3	0	0	0	0	1	0
ENSG00000276253.1	0	0	0	0	0	0
ENSG00000276256.1	0	0	0	0	0	0
ENSG00000276258.1	0	0	0	0	0	0
ENSG00000276260.1	0	0	0	0	0	0
ENSG00000276262.2	0	0	0	0	0	0
ENSG00000276263.1	0	0	0	0	0	0
ENSG00000276276.4	0	0	0	0	0	0
ENSG00000276286.4	0	0	0	0	0	0
ENSG00000276293.5	83	82	62	71	59	75
ENSG00000276296.1	0	0	0	0	0	0
ENSG00000276299.5	0	0	0	0	0	0
ENSG00000276302.1	0	0	0	0	0	0
ENSG00000276310.1	0	0	0	0	0	0
ENSG00000276323.1	0	0	0	0	0	0
ENSG00000276327.1	0	0	0	0	0	0
ENSG00000276328.1	0	0	0	0	0	0
ENSG00000276329.5	0	0	0	0	0	0
ENSG00000276333.2	0	0	0	0	0	0
ENSG00000276336.4	0	0	0	0	0	0
ENSG00000276340.4	0	0	0	0	0	0
ENSG00000276341.1	0	0	0	0	0	0
ENSG00000276342.4	0	0	0	0	0	0
ENSG00000276345.1	0	0	0	0	0	0
ENSG00000276349.4	0	0	0	0	0	0
ENSG00000276355.4	0	0	0	0	0	0
ENSG00000276357.4	0	0	0	0	0	0
ENSG00000276358.2	0	0	0	0	0	0
ENSG00000276363.4	0	0	0	0	0	0
ENSG00000276368.2	1464	1640	1604	366	537	494
ENSG00000276370.2	0	0	0	0	0	0
ENSG00000276371.2	0	0	0	0	0	0
ENSG00000276379.1	0	0	0	0	0	0
ENSG00000276380.2	0	0	0	0	0	1
ENSG00000276387.4	0	0	0	0	0	0
ENSG00000276392.1	0	0	0	0	0	0
ENSG00000276395.1	0	0	0	0	0	0
ENSG00000276405.1	0	0	0	0	0	0
ENSG00000276409.5	0	0	0	0	0	0
ENSG00000276410.4	6	5	5	8	4	5
ENSG00000276416.3	0	0	0	0	0	0
ENSG00000276418.5	0	1	1	0	0	0
ENSG00000276420.5	0	0	0	0	0	0
ENSG00000276421.4	0	0	0	0	0	0
ENSG00000276423.6	0	0	0	0	0	0
ENSG00000276424.4	0	0	0	0	0	0
ENSG00000276425.1	0	0	0	0	0	0
ENSG00000276429.3	0	0	0	0	0	0
ENSG00000276430.3	0	0	0	0	0	0
ENSG00000276432.4	0	0	0	0	0	0
ENSG00000276433.1	0	0	0	0	0	0
ENSG00000276438.3	0	0	0	0	0	0
ENSG00000276450.1	0	0	0	0	0	0
ENSG00000276451.2	0	0	0	0	0	0
ENSG00000276452.4	0	0	0	0	0	0
ENSG00000276458.4	0	0	0	0	0	0
ENSG00000276459.5	0	0	0	0	0	0
ENSG00000276461.4	0	0	0	0	0	0
ENSG00000276463.4	0	0	0	0	0	0
ENSG00000276464.4	0	0	0	0	0	0
ENSG00000276465.1	0	0	0	0	0	0
ENSG00000276468.5	0	0	0	0	0	0
ENSG00000276469.1	0	0	0	0	0	0
ENSG00000276480.5	0	0	0	0	0	0
ENSG00000276482.3	0	0	0	0	0	0
ENSG00000276490.1	0	0	0	0	0	0
ENSG00000276491.2	0	0	0	0	0	0
ENSG00000276495.4	0	0	0	0	0	0
ENSG00000276497.3	0	0	0	0	0	0
ENSG00000276498.5	0	0	0	0	0	0
ENSG00000276501.5	0	0	0	0	0	0
ENSG00000276504.4	0	0	0	0	0	0
ENSG00000276518.1	0	0	0	0	0	0
ENSG00000276534.5	0	0	0	0	0	0
ENSG00000276536.4	0	0	0	0	0	0
ENSG00000276537.4	0	0	0	0	0	0
ENSG00000276539.4	0	0	0	0	0	0
ENSG00000276541.2	0	0	0	0	0	0
ENSG00000276547.2	158	157	156	110	106	170
ENSG00000276557.1	0	0	0	0	0	0
ENSG00000276559.2	0	0	0	0	0	0
ENSG00000276561.4	0	0	0	0	0	0
ENSG00000276565.1	0	0	0	0	0	0
ENSG00000276566.1	0	0	0	0	0	0
ENSG00000276572.1	0	0	0	0	0	0
ENSG00000276581.3	0	0	0	0	0	0
ENSG00000276582.1	0	0	0	0	0	0
ENSG00000276583.4	0	0	0	0	0	0
ENSG00000276590.5	0	0	0	0	0	0
ENSG00000276595.4	0	0	0	0	0	0
ENSG00000276597.1	0	0	0	0	0	0
ENSG00000276600.5	0	0	0	0	0	0
ENSG00000276604.1	0	0	0	0	0	0
ENSG00000276613.4	0	0	0	0	0	0
ENSG00000276615.2	0	0	0	0	0	0
ENSG00000276618.4	0	0	0	0	0	0
ENSG00000276625.4	0	0	0	0	0	0
ENSG00000276628.1	0	0	0	0	0	0
ENSG00000276634.1	0	0	0	0	0	0
ENSG00000276644.5	0	0	2	0	0	0
ENSG00000276657.2	0	0	0	0	0	0
ENSG00000276676.5	0	0	0	0	0	0
ENSG00000276681.4	0	0	0	0	0	0
ENSG00000276684.4	0	0	0	0	0	0
ENSG00000276686.1	0	0	0	0	0	0
ENSG00000276699.1	0	0	0	0	0	0
ENSG00000276701.2	0	0	0	0	0	0
ENSG00000276709.4	0	0	0	0	0	0
ENSG00000276725.4	0	0	0	0	0	0
ENSG00000276726.4	0	0	0	0	0	0
ENSG00000276731.1	0	0	0	0	0	0
ENSG00000276734.4	0	0	0	0	0	0
ENSG00000276739.4	0	0	0	0	0	0
ENSG00000276747.1	0	0	0	0	0	0
ENSG00000276760.4	0	0	0	0	0	0
ENSG00000276761.2	0	0	0	0	0	0
ENSG00000276766.1	0	0	0	0	0	0
ENSG00000276774.1	0	0	0	0	0	0
ENSG00000276775.1	0	0	0	0	0	0
ENSG00000276776.4	0	0	0	0	0	0
ENSG00000276779.1	0	0	0	0	0	0
ENSG00000276780.2	0	0	0	0	0	0
ENSG00000276781.3	0	0	0	0	0	0
ENSG00000276785.4	0	0	0	0	0	0
ENSG00000276787.1	0	0	0	0	0	0
ENSG00000276798.4	0	0	0	0	0	0
ENSG00000276799.2	0	0	0	0	0	0
ENSG00000276802.2	0	0	0	0	0	0
ENSG00000276804.4	0	0	0	0	0	0
ENSG00000276806.1	0	0	0	0	0	0
ENSG00000276819.1	0	0	0	0	0	0
ENSG00000276820.1	0	0	0	0	0	0
ENSG00000276821.1	0	0	0	0	0	0
ENSG00000276825.2	0	0	0	0	0	0
ENSG00000276826.1	0	0	0	0	0	0
ENSG00000276833.2	0	0	0	0	0	0
ENSG00000276836.4	0	0	0	0	0	0
ENSG00000276838.4	0	0	0	0	0	0
ENSG00000276848.4	0	0	0	0	0	0
ENSG00000276849.6	0	0	0	0	0	0
ENSG00000276856.3	0	0	0	0	0	0
ENSG00000276858.4	0	0	0	0	0	0
ENSG00000276870.2	0	0	0	0	0	0
ENSG00000276875.1	0	0	0	0	0	0
ENSG00000276876.4	0	0	0	0	0	0
ENSG00000276879.2	0	0	0	0	0	0
ENSG00000276880.3	0	0	0	0	0	0
ENSG00000276882.4	0	0	0	0	0	0
ENSG00000276885.1	0	0	0	0	0	0
ENSG00000276886.4	0	0	0	0	0	0
ENSG00000276887.4	0	0	0	0	0	0
ENSG00000276896.4	0	0	0	0	0	0
ENSG00000276903.2	320	487	487	132	156	167
ENSG00000276907.4	0	0	0	0	0	0
ENSG00000276910.4	0	0	0	0	0	0
ENSG00000276913.2	0	0	0	0	0	0
ENSG00000276914.2	0	0	0	0	0	0
ENSG00000276920.4	0	0	0	0	0	0
ENSG00000276930.1	0	0	0	0	0	0
ENSG00000276935.4	0	0	0	0	0	0
ENSG00000276950.6	0	0	0	0	0	0
ENSG00000276953.1	0	0	0	0	0	0
ENSG00000276959.1	0	0	0	0	0	0
ENSG00000276966.3	5387	5409	5543	2330	3025	2934
ENSG00000276971.2	0	0	0	0	0	0
ENSG00000276977.3	0	0	0	0	0	0
ENSG00000276979.5	0	0	0	0	0	0
ENSG00000276982.4	0	0	0	0	0	0
ENSG00000276985.4	0	0	0	0	0	0
ENSG00000276986.2	0	0	0	0	0	0
ENSG00000276996.2	0	0	0	0	0	0
ENSG00000277005.1	0	0	0	0	0	0
ENSG00000277006.2	0	0	0	0	0	0
ENSG00000277015.4	0	0	0	0	0	0
ENSG00000277016.2	0	0	0	0	0	0
ENSG00000277018.2	0	0	0	0	0	0
ENSG00000277025.4	0	0	0	0	0	0
ENSG00000277028.1	0	0	0	0	0	0
ENSG00000277033.2	0	0	0	0	0	0
ENSG00000277042.2	0	0	0	0	0	0
ENSG00000277044.3	0	0	0	0	0	0
ENSG00000277058.3	0	0	0	0	0	0
ENSG00000277060.4	0	0	0	0	0	0
ENSG00000277068.2	0	0	0	0	0	0
ENSG00000277069.2	0	0	0	0	0	0
ENSG00000277071.4	0	0	0	0	0	0
ENSG00000277075.3	2128	2550	2358	833	973	917
ENSG00000277076.4	0	0	0	0	0	0
ENSG00000277078.1	0	0	0	0	0	0
ENSG00000277079.3	0	0	0	0	0	0
ENSG00000277086.3	0	0	0	0	0	0
ENSG00000277088.4	0	0	0	0	0	0
ENSG00000277090.2	0	0	0	0	0	0
ENSG00000277092.4	0	0	0	0	0	0
ENSG00000277101.4	0	0	0	0	0	0
ENSG00000277104.4	0	0	0	0	0	0
ENSG00000277106.2	0	0	0	0	0	0
ENSG00000277110.3	0	0	0	0	0	0
ENSG00000277111.3	0	0	0	0	0	0
ENSG00000277113.2	0	0	0	0	0	0
ENSG00000277114.4	0	0	0	0	0	0
ENSG00000277131.4	0	0	0	0	0	0
ENSG00000277132.2	0	0	0	0	0	0
ENSG00000277134.5	0	0	0	0	0	0
ENSG00000277140.2	0	0	0	0	0	0
ENSG00000277149.5	76	53	71	88	80	99
ENSG00000277150.2	0	0	0	0	0	0
ENSG00000277154.4	0	0	0	0	0	0
ENSG00000277157.2	5087	4573	4897	1550	1827	1747
ENSG00000277161.2	0	0	0	0	0	0
ENSG00000277163.1	0	0	0	0	0	0
ENSG00000277175.5	0	0	0	0	0	0
ENSG00000277177.4	0	0	0	0	0	0
ENSG00000277178.1	0	0	0	0	0	0
ENSG00000277179.4	0	0	0	0	0	0
ENSG00000277181.4	0	0	0	0	0	0
ENSG00000277193.1	0	0	0	0	0	0
ENSG00000277196.4	0	0	0	0	0	0
ENSG00000277200.2	1	6	1	4	0	0
ENSG00000277221.2	0	0	0	0	0	0
ENSG00000277222.4	0	0	0	0	0	0
ENSG00000277224.3	2049	2443	2308	1386	1367	1440
ENSG00000277236.4	0	0	0	0	0	0
ENSG00000277238.2	0	0	0	0	0	0
ENSG00000277251.5	0	0	0	0	0	0
ENSG00000277254.1	0	0	0	0	0	0
ENSG00000277258.5	62	68	78	86	52	83
ENSG00000277263.1	0	0	0	0	0	0
ENSG00000277272.5	0	0	0	0	0	0
ENSG00000277273.5	0	0	0	0	0	0
ENSG00000277276.3	0	0	0	0	0	0
ENSG00000277278.4	0	0	0	0	0	0
ENSG00000277281.4	0	0	0	0	0	0
ENSG00000277282.1	0	0	0	0	0	0
ENSG00000277291.2	0	0	0	0	0	0
ENSG00000277292.2	0	0	0	0	0	0
ENSG00000277303.2	0	0	0	0	0	0
ENSG00000277316.2	0	0	0	0	0	0
ENSG00000277317.5	0	0	0	0	0	0
ENSG00000277318.2	0	0	0	0	0	0
ENSG00000277322.1	0	0	0	0	0	0
ENSG00000277334.4	0	0	0	0	0	0
ENSG00000277335.4	0	0	0	0	0	0
ENSG00000277336.2	0	0	0	0	0	0
ENSG00000277339.2	0	0	0	0	0	0
ENSG00000277345.1	0	0	0	0	0	0
ENSG00000277354.1	0	0	0	0	0	0
ENSG00000277355.4	0	0	0	0	0	0
ENSG00000277356.1	0	0	0	0	0	0
ENSG00000277359.3	0	0	0	0	0	0
ENSG00000277361.2	0	0	0	0	0	0
ENSG00000277362.1	0	0	0	0	0	0
ENSG00000277363.5	93	103	111	141	86	141
ENSG00000277365.3	0	0	0	0	0	0
ENSG00000277377.4	0	0	0	0	0	0
ENSG00000277378.1	0	0	0	0	0	0
ENSG00000277389.1	0	0	0	0	0	0
ENSG00000277390.1	0	0	0	0	0	0
ENSG00000277392.1	0	0	0	0	0	0
ENSG00000277398.5	0	0	0	0	0	0
ENSG00000277399.6	1	0	1	0	1	0
ENSG00000277400.1	0	0	0	0	0	0
ENSG00000277401.4	0	0	0	0	0	0
ENSG00000277403.1	0	0	0	0	0	0
ENSG00000277405.2	0	0	0	0	0	0
ENSG00000277414.4	0	0	0	0	0	0
ENSG00000277421.3	0	0	0	0	0	0
ENSG00000277424.4	0	0	0	0	0	0
ENSG00000277429.4	0	0	0	0	0	0
ENSG00000277439.4	0	0	0	0	0	0
ENSG00000277442.4	0	0	0	0	0	0
ENSG00000277443.3	110	123	129	100	87	94
ENSG00000277445.4	0	0	0	0	0	0
ENSG00000277454.2	0	0	0	0	0	0
ENSG00000277457.1	0	0	0	0	0	0
ENSG00000277462.2	14	19	31	10	19	24
ENSG00000277475.1	0	0	0	0	0	0
ENSG00000277481.2	0	0	0	0	2	0
ENSG00000277484.5	0	0	0	0	0	0
ENSG00000277494.2	2	0	0	0	0	0
ENSG00000277495.4	0	0	0	0	0	0
ENSG00000277518.4	0	0	0	0	0	0
ENSG00000277530.1	0	0	0	0	0	0
ENSG00000277531.3	0	0	0	0	0	0
ENSG00000277535.4	0	0	0	0	0	0
ENSG00000277540.4	0	0	0	0	0	0
ENSG00000277552.1	0	0	0	0	0	0
ENSG00000277554.5	0	0	0	0	0	0
ENSG00000277556.1	0	0	0	0	0	0
ENSG00000277564.4	0	0	0	0	0	0
ENSG00000277571.2	0	0	0	0	0	0
ENSG00000277574.2	0	0	0	0	0	0
ENSG00000277585.5	0	0	0	0	0	0
ENSG00000277586.4	0	0	0	0	1	0
ENSG00000277594.2	0	0	0	0	0	0
ENSG00000277596.1	0	0	0	0	0	0
ENSG00000277600.4	0	0	0	0	0	0
ENSG00000277607.4	0	0	0	0	0	0
ENSG00000277611.1	0	0	0	0	0	0
ENSG00000277614.1	0	0	0	0	0	0
ENSG00000277615.4	0	0	0	0	0	0
ENSG00000277616.1	0	0	0	0	0	0
ENSG00000277620.1	0	0	0	0	0	0
ENSG00000277626.1	0	0	0	0	0	0
ENSG00000277629.4	0	0	0	0	0	0
ENSG00000277630.4	0	0	0	0	0	0
ENSG00000277632.2	0	0	0	0	0	0
ENSG00000277633.5	0	0	0	0	0	0
ENSG00000277639.3	3	4	6	3	3	3
ENSG00000277641.2	0	0	0	0	0	0
ENSG00000277649.2	0	0	0	0	0	0
ENSG00000277650.1	0	0	0	0	0	0
ENSG00000277656.3	0	0	0	0	0	0
ENSG00000277657.1	0	0	0	0	0	0
ENSG00000277667.1	0	0	0	0	0	0
ENSG00000277707.4	0	0	0	0	0	0
ENSG00000277709.1	0	0	0	0	0	0
ENSG00000277722.1	0	0	0	0	0	0
ENSG00000277725.5	0	0	0	0	0	0
ENSG00000277730.2	0	0	0	0	0	0
ENSG00000277733.4	0	0	0	0	0	0
ENSG00000277734.8	0	0	0	0	0	0
ENSG00000277745.1	0	0	0	0	0	0
ENSG00000277750.1	0	0	0	0	0	0
ENSG00000277751.4	0	0	0	0	0	0
ENSG00000277753.3	0	0	0	0	0	0
ENSG00000277758.6	0	0	0	0	0	0
ENSG00000277768.2	0	0	0	0	0	0
ENSG00000277773.4	0	0	0	0	0	0
ENSG00000277775.2	975	1119	1148	542	611	679
ENSG00000277776.4	0	0	0	0	0	0
ENSG00000277781.2	0	0	0	0	0	0
ENSG00000277786.4	0	0	0	0	0	0
ENSG00000277789.4	0	0	0	0	0	0
ENSG00000277791.5	57	71	64	25	45	43
ENSG00000277796.2	0	0	0	0	0	0
ENSG00000277800.3	0	0	0	0	0	0
ENSG00000277804.4	0	0	0	0	0	0
ENSG00000277807.5	0	0	0	0	0	0
ENSG00000277808.1	0	0	0	0	0	0
ENSG00000277816.5	0	0	0	0	0	0
ENSG00000277823.5	0	0	0	0	0	0
ENSG00000277824.4	0	0	0	0	0	0
ENSG00000277833.4	0	0	0	0	0	0
ENSG00000277836.1	0	0	0	0	0	0
ENSG00000277848.4	0	0	0	0	0	0
ENSG00000277850.4	0	0	0	0	0	0
ENSG00000277853.2	0	0	0	0	0	0
ENSG00000277856.1	0	0	0	0	0	0
ENSG00000277858.2	0	0	0	0	0	0
ENSG00000277865.6	0	0	0	0	0	0
ENSG00000277868.4	0	0	0	0	0	0
ENSG00000277880.1	0	0	0	0	0	0
ENSG00000277885.1	0	0	0	0	0	0
ENSG00000277893.2	0	0	0	1	0	0
ENSG00000277897.2	0	0	0	0	0	0
ENSG00000277909.4	0	0	0	0	0	0
ENSG00000277923.4	0	0	0	0	0	0
ENSG00000277924.5	0	0	0	0	0	0
ENSG00000277926.4	0	0	0	0	0	0
ENSG00000277932.2	0	0	0	0	0	0
ENSG00000277936.4	0	0	0	0	0	0
ENSG00000277943.4	0	0	0	0	0	0
ENSG00000277949.2	0	0	0	0	0	0
ENSG00000277953.4	0	0	0	0	0	0
ENSG00000277956.4	0	0	0	0	0	0
ENSG00000277957.1	0	0	0	0	0	0
ENSG00000277964.1	0	0	0	0	0	0
ENSG00000277971.1	0	0	0	1	0	0
ENSG00000277972.2	29	8	20	9	13	4
ENSG00000277974.5	0	0	0	0	0	0
ENSG00000277982.4	0	0	0	0	0	0
ENSG00000277983.1	0	0	0	0	0	0
ENSG00000277996.1	0	0	0	0	0	0
ENSG00000278006.2	0	0	0	0	0	0
ENSG00000278016.2	0	0	0	0	0	0
ENSG00000278021.4	0	0	0	0	0	0
ENSG00000278023.7	50	33	20	32	29	50
ENSG00000278025.4	0	0	0	0	0	0
ENSG00000278030.1	0	0	0	0	0	0
ENSG00000278032.2	0	0	0	0	0	0
ENSG00000278042.2	0	0	0	0	0	0
ENSG00000278046.4	0	0	0	0	0	0
ENSG00000278053.5	329	328	301	258	263	325
ENSG00000278057.4	0	0	0	0	0	0
ENSG00000278062.2	0	0	0	0	0	0
ENSG00000278074.1	0	0	0	0	0	0
ENSG00000278079.6	0	0	0	0	0	0
ENSG00000278081.3	0	0	0	0	0	0
ENSG00000278082.3	0	0	0	0	0	0
ENSG00000278085.5	0	0	0	0	0	0
ENSG00000278086.1	0	0	0	0	0	0
ENSG00000278087.4	0	0	0	0	0	0
ENSG00000278088.5	0	0	0	0	0	0
ENSG00000278091.4	0	0	0	0	0	0
ENSG00000278111.4	0	0	0	0	0	0
ENSG00000278114.4	0	0	0	0	0	0
ENSG00000278116.1	0	0	0	0	0	0
ENSG00000278119.1	0	0	0	0	0	0
ENSG00000278120.1	0	0	0	0	0	0
ENSG00000278129.2	132	166	192	145	118	164
ENSG00000278139.1	0	0	0	0	0	0
ENSG00000278145.2	0	0	0	0	0	0
ENSG00000278149.1	0	0	0	0	0	0
ENSG00000278152.2	0	0	0	0	0	0
ENSG00000278154.4	0	0	0	0	0	0
ENSG00000278161.1	0	0	0	0	0	0
ENSG00000278165.3	0	0	0	0	0	0
ENSG00000278167.2	0	0	0	0	0	0
ENSG00000278173.4	0	0	0	0	0	0
ENSG00000278174.3	0	0	0	0	0	0
ENSG00000278178.2	0	0	0	0	0	0
ENSG00000278183.4	0	0	0	0	0	0
ENSG00000278191.4	0	0	0	0	0	0
ENSG00000278194.2	0	0	0	0	0	0
ENSG00000278195.2	0	0	0	0	1	0
ENSG00000278196.3	0	0	0	0	0	0
ENSG00000278201.4	0	0	0	0	0	0
ENSG00000278207.1	0	0	0	0	0	0
ENSG00000278210.1	0	0	0	0	0	0
ENSG00000278211.4	0	0	0	0	0	0
ENSG00000278216.3	0	0	0	0	0	0
ENSG00000278220.2	0	0	0	0	0	0
ENSG00000278224.7	1	3	4	10	2	9
ENSG00000278229.2	0	0	0	0	0	0
ENSG00000278232.4	0	0	0	0	0	0
ENSG00000278243.2	0	0	0	0	0	0
ENSG00000278247.2	0	0	0	0	0	0
ENSG00000278248.1	0	0	0	0	0	0
ENSG00000278253.1	0	0	0	0	0	0
ENSG00000278257.1	0	0	0	0	0	0
ENSG00000278259.5	309	462	395	394	312	443
ENSG00000278263.2	0	0	0	0	0	0
ENSG00000278268.2	0	0	0	0	0	0
ENSG00000278270.4	0	0	0	0	0	0
ENSG00000278271.1	0	0	0	0	0	0
ENSG00000278277.1	0	0	0	0	0	0
ENSG00000278279.4	0	0	0	0	0	0
ENSG00000278284.1	0	0	0	0	0	0
ENSG00000278289.5	0	0	0	0	0	0
ENSG00000278293.2	0	0	0	0	0	0
ENSG00000278299.6	0	0	0	0	0	0
ENSG00000278300.4	0	0	0	0	0	0
ENSG00000278302.2	0	0	0	0	0	0
ENSG00000278303.4	0	0	0	0	0	0
ENSG00000278304.1	0	0	0	0	0	0
ENSG00000278306.1	0	0	0	0	0	0
ENSG00000278307.3	0	0	0	0	0	0
ENSG00000278308.2	0	0	0	0	0	0
ENSG00000278311.5	383	352	376	408	344	442
ENSG00000278312.1	0	0	0	0	0	0
ENSG00000278316.4	0	0	0	0	0	0
ENSG00000278318.5	12	18	17	7	12	10
ENSG00000278322.4	0	0	0	0	0	0
ENSG00000278326.4	0	0	0	0	0	0
ENSG00000278327.5	0	0	0	0	0	0
ENSG00000278355.4	0	0	0	0	0	0
ENSG00000278361.4	0	0	0	0	0	0
ENSG00000278362.4	0	0	0	0	0	0
ENSG00000278363.1	0	0	0	0	0	0
ENSG00000278365.1	0	0	0	0	0	0
ENSG00000278368.5	0	0	0	0	0	0
ENSG00000278369.1	0	0	0	0	0	0
ENSG00000278372.4	0	0	0	0	0	0
ENSG00000278373.4	0	0	0	0	0	0
ENSG00000278377.1	0	0	0	0	0	0
ENSG00000278378.4	0	0	0	0	0	0
ENSG00000278384.1	0	0	0	0	0	0
ENSG00000278401.1	0	0	0	0	0	0
ENSG00000278403.4	0	0	0	0	0	0
ENSG00000278414.5	0	0	0	0	0	0
ENSG00000278415.4	0	0	0	0	0	0
ENSG00000278426.1	0	0	0	0	0	0
ENSG00000278427.5	0	0	0	0	0	0
ENSG00000278430.4	0	0	0	0	0	0
ENSG00000278437.4	0	0	0	0	0	0
ENSG00000278442.4	0	0	0	0	0	0
ENSG00000278444.1	0	0	0	0	0	0
ENSG00000278450.1	0	0	0	0	0	0
ENSG00000278458.4	0	0	0	0	0	0
ENSG00000278461.4	0	0	0	0	0	0
ENSG00000278463.2	425	462	483	192	279	250
ENSG00000278466.3	0	0	0	0	0	0
ENSG00000278468.3	0	0	0	0	0	0
ENSG00000278474.4	0	0	0	0	0	0
ENSG00000278481.1	0	0	0	0	0	0
ENSG00000278488.2	0	0	0	0	0	0
ENSG00000278489.2	0	0	0	0	0	0
ENSG00000278490.1	0	0	0	0	0	0
ENSG00000278494.2	0	0	0	0	0	0
ENSG00000278495.4	0	0	0	0	0	0
ENSG00000278501.2	0	0	0	0	0	0
ENSG00000278503.1	0	0	0	0	0	0
ENSG00000278505.5	0	0	0	0	0	0
ENSG00000278516.1	0	0	0	0	0	0
ENSG00000278519.4	0	0	0	0	0	0
ENSG00000278522.5	0	0	0	0	0	0
ENSG00000278533.4	0	0	0	0	0	0
ENSG00000278535.5	14	15	14	13	17	13
ENSG00000278540.5	1887	1960	1952	2201	1907	2347
ENSG00000278545.4	0	0	0	0	0	0
ENSG00000278548.4	0	0	0	0	0	0
ENSG00000278550.4	0	0	0	0	0	0
ENSG00000278555.4	0	0	0	0	0	0
ENSG00000278558.5	2	3	7	7	1	1
ENSG00000278563.2	0	0	0	0	0	0
ENSG00000278565.4	0	0	0	0	0	0
ENSG00000278567.2	0	0	0	0	0	0
ENSG00000278570.5	1	1	0	1	0	2
ENSG00000278574.4	0	0	0	0	0	0
ENSG00000278588.2	1199	1400	1360	604	748	828
ENSG00000278599.6	0	0	0	0	0	0
ENSG00000278605.4	0	0	0	0	0	0
ENSG00000278606.4	0	0	0	0	0	0
ENSG00000278608.1	0	0	0	0	0	0
ENSG00000278613.4	0	0	0	0	0	0
ENSG00000278615.5	56	64	62	79	42	49
ENSG00000278619.5	2	1	7	2	6	3
ENSG00000278620.3	0	0	0	0	0	0
ENSG00000278622.4	0	0	0	0	0	0
ENSG00000278624.2	0	0	0	0	0	0
ENSG00000278632.5	0	0	0	0	0	0
ENSG00000278633.1	0	0	0	0	0	0
ENSG00000278634.4	0	0	0	0	0	0
ENSG00000278637.2	2748	2571	2756	1002	1369	1410
ENSG00000278644.2	0	0	0	0	0	0
ENSG00000278646.1	0	0	0	0	0	0
ENSG00000278656.4	0	0	0	0	0	0
ENSG00000278659.1	0	0	0	0	0	0
ENSG00000278661.1	0	0	0	0	0	0
ENSG00000278662.6	3	1	1	3	2	7
ENSG00000278670.4	0	0	0	0	0	0
ENSG00000278677.2	429	581	665	187	195	208
ENSG00000278682.4	0	0	0	0	0	0
ENSG00000278685.4	0	1	3	0	0	1
ENSG00000278689.1	0	0	0	0	0	0
ENSG00000278692.1	0	0	0	0	0	0
ENSG00000278693.3	0	0	0	0	0	0
ENSG00000278695.1	0	0	0	0	0	0
ENSG00000278699.4	0	0	0	0	0	0
ENSG00000278704.1	0	0	0	0	0	0
ENSG00000278705.3	10854	10145	10519	3287	4609	4561
ENSG00000278707.4	0	0	0	0	0	0
ENSG00000278710.4	0	0	0	0	0	0
ENSG00000278712.4	0	0	0	0	0	0
ENSG00000278714.1	0	0	0	0	0	0
ENSG00000278718.3	0	0	0	0	0	0
ENSG00000278723.1	0	0	0	0	0	0
ENSG00000278726.4	0	0	0	0	0	0
ENSG00000278728.2	0	0	0	0	0	0
ENSG00000278729.1	0	0	0	0	0	0
ENSG00000278731.5	0	0	0	0	0	0
ENSG00000278738.5	0	0	0	0	0	0
ENSG00000278741.4	0	0	0	0	0	0
ENSG00000278742.3	0	0	0	0	0	0
ENSG00000278749.1	0	0	0	0	0	0
ENSG00000278755.1	0	0	0	0	0	0
ENSG00000278758.4	0	0	0	0	0	0
ENSG00000278759.2	0	0	0	0	0	0
ENSG00000278760.4	0	0	0	0	0	0
ENSG00000278767.4	0	0	0	0	0	0
ENSG00000278776.1	0	0	0	0	0	0
ENSG00000278780.4	0	0	0	0	0	0
ENSG00000278787.4	0	0	0	0	0	0
ENSG00000278788.4	0	0	0	0	0	0
ENSG00000278789.4	0	0	0	0	0	0
ENSG00000278801.3	0	0	0	0	0	0
ENSG00000278803.3	0	0	0	0	0	0
ENSG00000278805.1	0	0	0	0	0	0
ENSG00000278809.4	0	0	0	0	0	0
ENSG00000278817.1	0	0	0	0	0	0
ENSG00000278821.4	0	0	0	0	0	0
ENSG00000278823.4	0	0	0	0	0	0
ENSG00000278828.2	1541	2081	1859	452	565	451
ENSG00000278839.4	0	0	0	0	0	0
ENSG00000278843.4	0	0	0	0	0	0
ENSG00000278845.5	4	6	5	6	6	4
ENSG00000278848.3	0	0	0	0	0	0
ENSG00000278850.4	0	0	0	0	0	0
ENSG00000278856.5	0	0	0	0	0	0
ENSG00000278857.1	0	0	0	0	0	0
ENSG00000278870.2	0	0	0	0	0	0
ENSG00000278889.4	0	0	0	0	0	0
ENSG00000279000.4	0	0	0	0	0	0
ENSG00000279012.2	0	0	0	0	0	0
ENSG00000279051.5	0	0	0	0	0	0
ENSG00000279073.3	0	0	1	1	1	0
ENSG00000279111.2	0	0	0	0	0	0
ENSG00000279116.3	0	0	0	0	0	0
ENSG00000279169.3	0	0	0	0	0	0
ENSG00000279170.3	16	20	17	19	23	18
ENSG00000279195.2	0	0	0	0	0	0
ENSG00000279247.3	0	0	0	0	0	0
ENSG00000279263.1	0	0	0	0	0	0
ENSG00000279270.2	0	0	0	0	0	0
ENSG00000279301.5	0	0	0	0	0	0
ENSG00000279389.3	0	0	0	0	0	0
ENSG00000279395.3	0	0	0	0	0	0
ENSG00000279408.3	0	0	0	0	0	0
ENSG00000279486.6	0	0	0	0	0	0
ENSG00000279514.2	0	0	0	0	0	0
ENSG00000279552.1	0	0	0	0	0	0
ENSG00000279566.1	0	0	0	0	0	0
ENSG00000279643.3	0	0	0	0	0	0
ENSG00000279686.1	0	0	0	0	0	0
ENSG00000279761.2	0	0	0	0	0	0
ENSG00000279782.3	0	0	0	0	0	0
ENSG00000279804.3	0	0	0	0	0	0
ENSG00000279956.1	0	0	0	0	0	0
ENSG00000279961.2	0	0	0	0	0	0
ENSG00000279983.1	0	0	0	0	0	0
ENSG00000280021.3	0	0	0	0	0	0
ENSG00000280090.3	0	0	0	0	0	0
ENSG00000280094.2	0	0	0	0	0	0
ENSG00000280148.1	0	0	0	0	0	0
ENSG00000280165.2	0	0	0	0	0	0
ENSG00000280204.4	0	0	0	0	0	0
ENSG00000280236.3	0	0	0	0	0	0
ENSG00000280267.6	0	0	0	0	0	0
ENSG00000280314.4	0	0	0	0	0	0
ENSG00000280411.1	0	0	0	0	0	0
ENSG00000280477.2	0	0	0	0	0	0
ENSG00000280479.2	0	0	0	0	0	0
ENSG00000280495.5	0	0	0	0	0	0
ENSG00000280501.2	0	0	0	0	0	0
ENSG00000280514.1	0	0	0	0	0	0
ENSG00000280516.4	0	0	0	0	0	0
ENSG00000280529.2	0	0	0	0	0	0
ENSG00000280537.2	0	0	0	0	0	0
ENSG00000280548.4	0	0	0	0	0	0
ENSG00000280549.1	0	0	0	0	0	0
ENSG00000280563.1	0	0	0	0	0	0
ENSG00000280568.2	0	0	0	0	0	0
ENSG00000280571.2	0	0	0	0	0	0
ENSG00000280584.2	0	0	0	0	0	0
ENSG00000280585.1	0	0	0	0	0	0
ENSG00000280610.3	0	0	0	0	0	0
ENSG00000280616.4	0	0	0	0	0	0
ENSG00000280618.2	0	0	0	0	0	0
ENSG00000280627.3	0	0	0	0	0	0
ENSG00000280635.1	0	0	0	0	0	0
ENSG00000280641.2	0	0	0	0	0	0
ENSG00000280661.2	0	0	0	0	0	0
ENSG00000280663.4	0	0	0	0	0	0
ENSG00000280670.3	32	24	29	16	24	20
ENSG00000280680.3	0	0	0	0	0	0
ENSG00000280682.3	0	0	0	0	0	0
ENSG00000280688.1	0	0	0	0	0	0
ENSG00000280689.3	0	0	0	0	0	0
ENSG00000280706.3	0	0	0	0	0	0
ENSG00000280709.2	0	0	0	0	0	0
ENSG00000280759.2	0	0	0	0	0	0
ENSG00000280774.2	0	0	0	0	0	0
ENSG00000280778.1	0	0	0	0	0	0
ENSG00000280789.2	518	673	621	426	392	495
ENSG00000280807.2	0	0	0	0	0	0
ENSG00000280808.2	0	0	0	0	0	0
ENSG00000280830.1	0	0	0	0	0	0
ENSG00000280831.3	0	0	0	0	0	0
ENSG00000280858.3	0	0	0	0	0	0
ENSG00000280866.1	0	0	0	0	0	0
ENSG00000280893.1	0	1	0	1	0	1
ENSG00000280899.3	0	0	0	0	0	0
ENSG00000280905.4	0	0	0	0	0	0
ENSG00000280908.2	0	0	0	0	0	0
ENSG00000280931.1	0	0	0	0	0	0
ENSG00000280938.1	0	0	0	0	0	0
ENSG00000280949.1	0	0	0	0	0	0
ENSG00000280951.3	0	0	0	0	0	0
ENSG00000280962.3	0	0	0	0	0	0
ENSG00000280969.2	0	0	0	0	0	0
ENSG00000280975.3	0	0	0	0	0	0
ENSG00000280987.4	392	310	354	322	258	306
ENSG00000281013.4	0	0	0	0	0	0
ENSG00000281020.2	0	0	0	0	0	0
ENSG00000281022.3	0	0	0	0	0	0
ENSG00000281024.3	0	0	0	0	0	0
ENSG00000281038.1	0	0	0	0	0	0
ENSG00000281039.1	0	0	0	0	0	0
ENSG00000281078.1	0	0	0	0	0	0
ENSG00000281089.3	0	0	0	0	0	0
ENSG00000281106.4	0	0	0	0	0	0
ENSG00000281107.1	0	0	0	0	0	0
ENSG00000281123.3	0	0	0	0	0	0
ENSG00000281139.1	0	0	0	0	0	0
ENSG00000281145.1	0	0	0	0	0	0
ENSG00000281151.2	0	0	0	0	0	0
ENSG00000281165.3	0	0	0	0	0	0
ENSG00000281166.2	0	0	0	0	0	0
ENSG00000281178.4	0	0	0	0	0	0
ENSG00000281179.1	0	0	0	0	0	0
ENSG00000281185.1	0	0	0	0	0	0
ENSG00000281191.2	0	0	0	0	0	0
ENSG00000281216.1	0	0	0	0	0	0
ENSG00000281221.3	0	0	0	0	0	0
ENSG00000281230.3	0	0	0	0	0	0
ENSG00000281244.2	0	0	0	0	0	0
ENSG00000281245.2	0	0	0	0	0	0
ENSG00000281287.1	0	0	0	0	0	0
ENSG00000281289.2	0	0	0	0	0	0
ENSG00000281300.1	0	0	0	0	0	0
ENSG00000281306.3	0	0	0	0	0	0
ENSG00000281309.2	0	0	0	0	0	0
ENSG00000281310.2	0	0	0	0	0	0
ENSG00000281320.3	0	0	0	0	0	0
ENSG00000281324.3	0	0	0	0	0	0
ENSG00000281345.1	0	0	0	0	0	0
ENSG00000281348.1	0	0	0	0	0	0
ENSG00000281385.2	0	0	0	0	0	0
ENSG00000281395.1	0	0	0	0	0	0
ENSG00000281406.2	2	3	3	1	4	1
ENSG00000281429.1	0	0	0	0	0	0
ENSG00000281448.3	0	0	0	0	0	0
ENSG00000281449.2	0	0	0	0	0	0
ENSG00000281459.3	0	0	0	0	0	0
ENSG00000281471.1	0	0	0	0	0	0
ENSG00000281484.2	0	0	0	0	0	0
ENSG00000281486.1	0	0	0	0	0	0
ENSG00000281489.1	0	0	0	0	0	0
ENSG00000281500.3	0	0	0	0	0	0
ENSG00000281518.7	0	0	0	0	0	0
ENSG00000281526.3	0	0	0	0	0	0
ENSG00000281533.1	0	0	0	0	0	0
ENSG00000281536.1	0	0	0	0	0	0
ENSG00000281540.3	0	0	0	0	0	0
ENSG00000281573.1	0	0	0	0	0	0
ENSG00000281593.1	0	0	0	0	0	0
ENSG00000281601.5	0	0	0	0	0	0
ENSG00000281613.2	0	0	0	0	0	0
ENSG00000281614.3	0	0	0	0	0	0
ENSG00000281618.1	0	0	0	0	0	0
ENSG00000281626.4	0	0	0	0	0	0
ENSG00000281630.2	0	0	0	0	0	0
ENSG00000281660.1	0	0	0	0	0	0
ENSG00000281661.3	0	0	0	0	0	0
ENSG00000281665.2	0	0	0	0	0	0
ENSG00000281680.2	0	0	0	0	0	0
ENSG00000281690.2	0	0	0	0	0	0
ENSG00000281709.3	0	0	0	0	0	0
ENSG00000281742.2	0	0	0	0	0	0
ENSG00000281748.3	0	0	0	0	0	0
ENSG00000281757.6	0	0	0	0	0	0
ENSG00000281758.1	0	0	0	0	0	0
ENSG00000281759.1	0	0	0	0	0	0
ENSG00000281763.2	0	0	0	0	0	0
ENSG00000281766.3	0	0	0	0	0	0
ENSG00000281775.2	0	0	0	0	0	0
ENSG00000281813.4	0	0	0	0	0	0
ENSG00000281818.3	0	0	0	0	0	0
ENSG00000281847.2	0	0	0	0	0	0
ENSG00000281857.3	0	0	0	0	0	0
ENSG00000281861.1	0	0	0	0	0	0
ENSG00000281877.3	0	0	0	0	0	0
ENSG00000281879.4	0	0	0	0	0	0
ENSG00000281883.1	0	0	0	0	0	0
ENSG00000281886.3	0	0	0	0	0	0
ENSG00000281887.3	0	0	0	0	0	0
ENSG00000281894.3	0	0	0	0	0	0
ENSG00000281917.4	0	0	0	0	0	0
ENSG00000281919.2	0	0	0	0	0	0
ENSG00000281931.1	0	0	0	0	0	0
ENSG00000281933.1	0	0	0	0	0	0
ENSG00000281934.1	0	0	0	0	0	0
ENSG00000281935.1	0	0	0	0	0	0
ENSG00000281938.2	0	0	0	0	0	0
ENSG00000281939.1	0	0	0	0	0	0
ENSG00000281940.1	0	0	0	0	0	0
ENSG00000281943.1	0	0	0	0	0	0
ENSG00000281950.1	0	0	0	0	0	0
ENSG00000281957.1	0	0	0	0	0	0
ENSG00000281958.1	0	0	0	0	0	0
ENSG00000281962.1	0	0	0	0	0	0
ENSG00000281963.1	0	0	0	0	0	0
ENSG00000281970.1	0	0	0	0	0	0
ENSG00000281978.1	0	0	0	0	0	0
ENSG00000281981.2	0	0	0	0	0	0
ENSG00000281984.1	0	0	0	0	0	0
ENSG00000281987.2	0	0	0	0	0	0
ENSG00000281988.1	0	0	0	0	0	0
ENSG00000281989.1	0	0	0	0	0	0
ENSG00000281990.1	0	0	0	0	0	0
ENSG00000281991.2	113	145	142	84	68	116
ENSG00000281994.1	0	0	0	0	0	0
ENSG00000282003.1	0	0	0	0	0	0
ENSG00000282007.1	0	0	0	0	0	0
ENSG00000282010.1	0	0	0	0	0	0
ENSG00000282013.1	0	0	0	0	0	0
ENSG00000282014.1	0	0	0	0	0	0
ENSG00000282017.1	0	0	0	0	0	0
ENSG00000282019.1	0	0	0	0	0	0
ENSG00000282025.1	0	0	0	0	0	0
ENSG00000282034.2	0	0	0	0	0	0
ENSG00000282035.1	0	0	0	0	0	0
ENSG00000282040.1	0	0	0	0	0	0
ENSG00000282042.1	0	0	0	0	0	0
ENSG00000282045.1	0	0	0	0	0	0
ENSG00000282046.3	0	0	0	0	0	0
ENSG00000282049.1	0	0	0	0	0	0
ENSG00000282054.1	0	0	0	0	0	0
ENSG00000282064.1	0	0	0	0	0	0
ENSG00000282065.1	0	0	0	0	0	0
ENSG00000282074.1	0	0	0	0	0	0
ENSG00000282076.1	0	0	0	0	0	0
ENSG00000282078.1	0	0	0	0	0	0
ENSG00000282087.2	0	0	0	0	0	0
ENSG00000282088.3	0	0	0	0	0	0
ENSG00000282089.1	0	0	0	0	0	0
ENSG00000282092.1	0	0	0	0	0	0
ENSG00000282095.3	0	0	0	0	0	0
ENSG00000282098.1	0	0	0	0	0	0
ENSG00000282102.1	0	0	0	0	0	0
ENSG00000282104.1	0	0	0	0	0	0
ENSG00000282107.1	0	0	0	0	0	0
ENSG00000282119.2	0	0	0	0	0	0
ENSG00000282120.1	0	0	0	0	0	0
ENSG00000282122.1	0	0	0	0	0	0
ENSG00000282125.2	0	0	0	0	0	0
ENSG00000282130.1	0	0	0	0	0	0
ENSG00000282131.1	0	0	0	0	0	0
ENSG00000282132.1	0	0	0	0	0	0
ENSG00000282133.1	0	0	0	0	0	0
ENSG00000282134.1	0	0	0	0	0	0
ENSG00000282144.2	0	0	0	0	0	0
ENSG00000282147.1	0	0	0	0	0	0
ENSG00000282148.1	0	0	0	0	0	0
ENSG00000282150.1	0	0	0	0	0	0
ENSG00000282151.1	0	0	0	0	0	0
ENSG00000282152.1	0	0	0	0	0	0
ENSG00000282154.1	0	0	0	0	0	0
ENSG00000282163.1	0	0	0	0	0	0
ENSG00000282168.4	0	0	0	0	0	0
ENSG00000282172.1	0	0	0	0	0	0
ENSG00000282173.1	0	0	0	0	0	0
ENSG00000282175.4	0	0	0	0	0	0
ENSG00000282179.1	0	0	0	0	0	0
ENSG00000282181.1	0	0	0	0	0	0
ENSG00000282182.1	0	0	0	0	0	0
ENSG00000282184.2	0	0	0	0	0	0
ENSG00000282185.1	0	0	0	0	0	0
ENSG00000282203.1	0	0	0	0	0	0
ENSG00000282204.1	0	0	0	0	0	0
ENSG00000282208.1	0	0	0	0	0	0
ENSG00000282210.1	0	0	0	0	0	0
ENSG00000282211.1	0	0	0	0	0	0
ENSG00000282212.2	0	0	0	0	0	0
ENSG00000282213.1	0	0	0	0	0	0
ENSG00000282215.1	0	0	0	0	0	0
ENSG00000282218.1	0	0	1	0	0	0
ENSG00000282223.1	0	0	0	0	0	0
ENSG00000282225.1	0	0	0	0	0	0
ENSG00000282227.1	0	0	0	0	0	0
ENSG00000282228.1	0	0	0	0	0	0
ENSG00000282230.1	0	0	0	0	0	0
ENSG00000282232.1	0	0	0	0	0	0
ENSG00000282234.1	0	0	0	0	0	0
ENSG00000282240.1	0	0	0	0	0	0
ENSG00000282242.1	0	0	0	0	0	0
ENSG00000282252.1	0	0	0	0	0	0
ENSG00000282253.1	0	0	0	0	0	0
ENSG00000282256.1	0	0	0	0	0	0
ENSG00000282266.4	0	0	0	0	0	0
ENSG00000282268.1	0	0	0	0	0	0
ENSG00000282269.1	0	0	0	0	0	0
ENSG00000282272.1	0	0	0	0	0	0
ENSG00000282273.1	0	0	0	0	0	0
ENSG00000282274.1	0	0	0	0	0	0
ENSG00000282278.1	0	0	0	0	0	0
ENSG00000282281.1	0	0	0	0	0	0
ENSG00000282282.1	0	0	0	0	0	0
ENSG00000282283.1	0	0	0	0	0	0
ENSG00000282284.1	0	0	0	0	0	0
ENSG00000282285.1	0	0	0	0	0	0
ENSG00000282286.1	0	0	0	0	0	0
ENSG00000282290.1	0	0	0	0	0	0
ENSG00000282291.1	0	0	0	0	0	0
ENSG00000282297.1	0	0	0	0	0	0
ENSG00000282298.1	0	0	0	0	0	0
ENSG00000282301.4	0	0	0	0	0	0
ENSG00000282302.4	0	0	0	0	0	0
ENSG00000282305.1	0	0	0	0	0	0
ENSG00000282307.1	0	0	0	0	0	0
ENSG00000282310.1	0	0	0	0	0	0
ENSG00000282318.1	0	0	0	0	0	0
ENSG00000282320.1	0	0	0	0	0	0
ENSG00000282322.1	0	0	0	0	0	0
ENSG00000282323.1	0	0	0	0	0	0
ENSG00000282337.1	0	0	0	0	0	0
ENSG00000282340.1	0	0	0	0	0	0
ENSG00000282342.1	0	0	0	0	0	0
ENSG00000282344.1	0	0	0	0	0	0
ENSG00000282346.1	0	0	0	0	0	0
ENSG00000282350.1	0	0	0	0	0	0
ENSG00000282353.1	0	0	0	0	0	0
ENSG00000282354.1	0	0	0	0	0	0
ENSG00000282367.1	0	0	0	0	0	0
ENSG00000282371.1	0	0	0	0	0	0
ENSG00000282373.1	0	0	0	0	0	0
ENSG00000282379.1	0	0	0	0	0	0
ENSG00000282380.1	0	0	0	0	0	0
ENSG00000282392.1	0	0	0	0	0	0
ENSG00000282394.1	0	0	0	0	0	0
ENSG00000282396.1	0	0	0	0	0	0
ENSG00000282399.1	0	0	0	0	0	0
ENSG00000282401.1	0	0	0	0	0	0
ENSG00000282402.1	0	0	0	0	0	0
ENSG00000282404.1	0	0	0	0	0	0
ENSG00000282407.1	0	0	0	0	0	0
ENSG00000282409.1	0	0	0	0	0	0
ENSG00000282415.1	0	0	0	0	0	0
ENSG00000282419.3	0	1	0	0	0	0
ENSG00000282420.1	0	0	0	0	0	0
ENSG00000282424.1	0	0	0	0	0	0
ENSG00000282425.1	0	0	0	0	0	0
ENSG00000282431.1	0	0	0	0	0	0
ENSG00000282437.2	0	0	0	0	0	0
ENSG00000282447.1	0	0	0	0	0	0
ENSG00000282449.1	0	0	0	0	0	0
ENSG00000282451.1	0	0	0	0	0	0
ENSG00000282453.1	0	0	0	0	0	0
ENSG00000282455.1	0	0	0	0	0	0
ENSG00000282459.1	0	0	0	0	0	0
ENSG00000282466.1	0	0	0	0	0	0
ENSG00000282470.1	0	0	0	0	0	0
ENSG00000282471.1	0	0	0	0	0	0
ENSG00000282476.1	0	0	0	0	0	0
ENSG00000282482.1	0	0	0	0	0	0
ENSG00000282483.1	0	0	0	0	0	0
ENSG00000282487.1	0	0	0	0	0	0
ENSG00000282488.1	0	0	0	0	0	0
ENSG00000282495.1	0	0	0	0	0	0
ENSG00000282497.1	0	0	0	0	0	0
ENSG00000282499.1	0	0	0	0	0	0
ENSG00000282500.1	0	0	0	0	0	0
ENSG00000282506.1	0	0	0	0	0	0
ENSG00000282520.1	0	0	0	0	0	0
ENSG00000282521.1	0	0	0	0	0	0
ENSG00000282530.2	0	0	0	0	0	0
ENSG00000282537.1	0	0	0	0	0	0
ENSG00000282543.1	0	0	0	0	0	0
ENSG00000282550.1	0	0	0	0	0	0
ENSG00000282559.1	0	0	0	0	0	0
ENSG00000282566.2	0	0	0	0	0	0
ENSG00000282568.1	0	0	0	0	0	0
ENSG00000282577.1	0	0	0	0	0	0
ENSG00000282578.1	0	0	0	0	0	0
ENSG00000282579.1	0	0	0	0	0	0
ENSG00000282583.1	0	0	0	0	0	0
ENSG00000282584.2	0	0	0	0	0	0
ENSG00000282589.1	0	0	0	0	0	0
ENSG00000282592.1	0	0	0	0	0	0
ENSG00000282593.1	0	0	0	0	0	0
ENSG00000282599.1	0	0	0	0	0	0
ENSG00000282604.1	0	0	0	0	0	0
ENSG00000282605.1	0	0	0	0	0	0
ENSG00000282607.1	0	0	0	0	0	0
ENSG00000282608.2	0	0	0	0	0	0
ENSG00000282610.1	0	0	0	0	0	0
ENSG00000282612.1	0	0	0	0	0	0
ENSG00000282615.1	0	0	0	0	0	0
ENSG00000282618.1	0	0	0	0	0	0
ENSG00000282621.1	0	0	0	0	0	0
ENSG00000282624.1	0	0	0	0	0	0
ENSG00000282627.1	0	0	0	0	0	0
ENSG00000282628.1	0	0	0	0	0	0
ENSG00000282633.1	0	0	0	0	0	0
ENSG00000282639.1	0	0	0	0	0	0
ENSG00000282640.1	0	0	0	0	0	0
ENSG00000282642.1	0	0	0	0	0	0
ENSG00000282644.1	0	0	0	0	0	0
ENSG00000282651.2	0	0	0	0	0	0
ENSG00000282653.1	0	0	0	0	0	0
ENSG00000282657.3	0	0	0	0	0	0
ENSG00000282663.1	0	0	0	0	0	0
ENSG00000282665.1	0	0	0	0	0	0
ENSG00000282666.1	0	0	0	0	0	0
ENSG00000282671.1	0	0	0	0	0	0
ENSG00000282673.1	0	0	0	0	0	0
ENSG00000282674.1	0	0	0	0	0	0
ENSG00000282676.1	0	0	0	0	0	0
ENSG00000282678.1	0	0	0	0	0	0
ENSG00000282684.1	0	0	0	0	0	0
ENSG00000282691.1	0	0	0	0	0	0
ENSG00000282693.1	0	0	0	0	0	0
ENSG00000282694.3	0	0	0	0	0	0
ENSG00000282704.1	0	0	0	0	0	0
ENSG00000282705.1	0	0	0	0	0	0
ENSG00000282711.1	0	0	0	0	0	0
ENSG00000282712.1	0	0	0	0	0	0
ENSG00000282714.1	0	0	0	0	0	0
ENSG00000282716.1	0	0	0	0	0	0
ENSG00000282719.1	0	0	0	0	0	0
ENSG00000282724.1	0	0	0	0	0	0
ENSG00000282725.1	0	0	0	0	0	0
ENSG00000282726.1	0	0	0	0	0	0
ENSG00000282730.1	0	0	0	0	0	0
ENSG00000282735.1	0	0	0	0	0	0
ENSG00000282736.1	0	0	0	0	0	0
ENSG00000282739.1	0	0	0	0	0	0
ENSG00000282741.3	0	0	0	0	0	0
ENSG00000282745.1	0	0	0	0	0	0
ENSG00000282748.1	0	0	0	0	0	0
ENSG00000282752.1	0	0	0	0	0	0
ENSG00000282754.1	0	0	0	0	0	0
ENSG00000282755.1	0	0	0	0	0	0
ENSG00000282756.1	0	0	0	0	0	0
ENSG00000282757.4	0	0	0	0	0	0
ENSG00000282758.1	0	0	0	0	0	0
ENSG00000282769.1	0	0	0	0	0	0
ENSG00000282771.1	0	0	0	0	0	0
ENSG00000282773.1	0	0	0	0	0	0
ENSG00000282776.1	0	0	0	0	0	0
ENSG00000282777.1	0	0	0	0	0	0
ENSG00000282780.1	0	0	0	0	0	0
ENSG00000282797.1	0	0	0	0	0	0
ENSG00000282801.1	0	0	0	0	0	0
ENSG00000282803.1	0	0	0	0	0	0
ENSG00000282804.1	0	0	0	0	0	0
ENSG00000282811.1	0	0	0	0	0	0
ENSG00000282812.1	0	0	0	0	0	0
ENSG00000282813.1	0	0	0	0	0	0
ENSG00000282815.2	0	1	0	0	0	0
ENSG00000282817.1	0	0	0	0	0	0
ENSG00000282818.1	0	0	0	0	0	0
ENSG00000282820.1	0	0	0	0	0	0
ENSG00000282822.1	0	0	0	0	0	0
ENSG00000282823.1	0	0	0	0	0	0
ENSG00000282825.2	0	0	0	0	0	0
ENSG00000282830.2	0	0	0	0	0	0
ENSG00000282832.1	0	0	0	0	0	0
ENSG00000282835.1	0	0	0	0	0	0
ENSG00000282837.4	0	0	0	0	0	0
ENSG00000282841.2	0	0	0	0	0	0
ENSG00000282844.2	0	0	0	0	0	0
ENSG00000282853.2	0	0	0	0	0	0
ENSG00000282854.2	0	0	0	0	0	0
ENSG00000282868.2	0	0	0	0	0	0
ENSG00000282872.2	0	0	0	0	0	0
ENSG00000282880.4	0	0	0	0	0	0
ENSG00000282881.3	0	0	0	0	0	0
ENSG00000282891.4	0	0	0	0	0	0
ENSG00000282895.2	0	0	0	0	0	0
ENSG00000282899.2	0	0	0	0	0	0
ENSG00000282902.2	0	0	0	0	0	0
ENSG00000282905.2	0	0	0	0	0	0
ENSG00000282933.4	0	3	0	0	0	0
ENSG00000282936.2	256	269	318	298	238	308
ENSG00000282937.5	0	0	0	0	0	0
ENSG00000282939.1	0	0	0	0	0	0
ENSG00000282941.3	0	0	0	0	0	0
ENSG00000282947.2	0	0	0	0	0	0
ENSG00000282954.2	0	0	0	0	0	0
ENSG00000282958.5	0	0	0	0	0	0
ENSG00000282966.3	0	0	0	0	0	0
ENSG00000282967.4	0	0	0	0	0	0
ENSG00000282986.2	0	0	0	0	0	0
ENSG00000282988.2	3	7	4	9	12	27
ENSG00000282992.2	0	0	0	0	0	0
ENSG00000283008.4	0	0	0	0	0	0
ENSG00000283009.2	0	0	0	0	0	0
ENSG00000283018.1	0	0	0	0	0	0
ENSG00000283039.1	0	0	1	0	0	0
ENSG00000283046.4	0	0	0	0	0	0
ENSG00000283056.1	0	0	0	0	0	0
ENSG00000283059.3	0	0	0	0	0	0
ENSG00000283060.2	0	0	0	0	0	0
ENSG00000283063.1	0	0	0	0	0	0
ENSG00000283068.2	0	0	0	0	0	0
ENSG00000283071.1	0	0	0	0	0	0
ENSG00000283082.1	0	0	0	0	0	0
ENSG00000283085.3	0	0	0	0	0	0
ENSG00000283093.1	0	0	0	0	0	0
ENSG00000283099.1	0	0	0	0	0	0
ENSG00000283100.2	0	0	0	0	0	0
ENSG00000283104.3	0	0	0	0	0	0
ENSG00000283113.2	0	0	0	0	0	0
ENSG00000283128.3	0	0	0	0	0	0
ENSG00000283139.1	0	0	0	0	0	0
ENSG00000283149.1	0	0	0	0	0	0
ENSG00000283150.1	0	0	0	0	0	0
ENSG00000283153.2	0	0	0	0	0	0
ENSG00000283154.3	19	19	10	10	12	19
ENSG00000283158.1	0	0	0	0	0	0
ENSG00000283189.2	0	0	0	0	0	0
ENSG00000283199.3	31	36	27	30	18	27
ENSG00000283201.1	0	0	0	0	0	0
ENSG00000283205.1	0	0	0	0	0	0
ENSG00000283208.2	0	0	0	0	0	0
ENSG00000283216.1	0	0	0	0	0	0
ENSG00000283227.2	0	0	0	0	0	0
ENSG00000283228.1	0	0	0	0	0	0
ENSG00000283231.3	0	0	0	0	0	0
ENSG00000283239.1	0	0	0	0	0	0
ENSG00000283243.3	0	0	0	0	0	0
ENSG00000283247.2	0	0	0	0	0	0
ENSG00000283267.2	0	0	0	0	0	0
ENSG00000283268.1	1	0	0	0	0	0
ENSG00000283284.3	0	0	0	0	0	0
ENSG00000283288.2	0	0	0	0	0	0
ENSG00000283292.1	0	0	0	0	0	0
ENSG00000283297.2	1	0	0	0	0	0
ENSG00000283302.3	0	0	0	0	0	0
ENSG00000283321.1	0	0	0	0	0	0
ENSG00000283324.1	0	0	0	0	0	0
ENSG00000283329.2	0	0	0	0	0	0
ENSG00000283348.2	0	0	0	0	0	0
ENSG00000283350.2	0	0	0	0	0	0
ENSG00000283361.3	0	0	0	0	0	0
ENSG00000283370.2	0	0	0	0	0	0
ENSG00000283373.4	0	0	0	0	0	0
ENSG00000283378.1	0	0	0	0	0	0
ENSG00000283387.1	0	0	0	0	0	0
ENSG00000283391.2	0	0	0	0	0	0
ENSG00000283425.1	0	0	0	0	0	0
ENSG00000283428.1	0	0	0	0	0	0
ENSG00000283434.2	0	0	0	0	0	0
ENSG00000283439.4	1	1	0	0	0	0
ENSG00000283447.2	0	0	0	0	0	0
ENSG00000283448.1	0	0	0	0	0	0
ENSG00000283463.2	0	0	0	0	0	0
ENSG00000283465.4	0	0	0	0	0	0
ENSG00000283473.5	0	0	0	0	0	0
ENSG00000283488.2	0	0	0	0	0	0
ENSG00000283496.1	0	0	0	0	0	0
ENSG00000283510.2	0	0	0	0	0	0
ENSG00000283515.1	0	0	0	0	0	0
ENSG00000283516.2	0	0	0	0	0	0
ENSG00000283526.2	7	7	9	17	7	4
ENSG00000283528.2	0	0	0	0	0	0
ENSG00000283536.3	0	0	0	0	0	0
ENSG00000283539.2	0	0	0	0	0	0
ENSG00000283563.1	0	0	0	0	0	0
ENSG00000283567.2	0	0	0	0	0	0
ENSG00000283580.4	0	0	0	0	0	0
ENSG00000283589.4	0	0	0	0	0	0
ENSG00000283594.1	0	0	0	0	0	0
ENSG00000283599.2	0	0	0	0	0	0
ENSG00000283630.2	0	0	0	0	0	0
ENSG00000283632.4	0	0	0	0	0	0
ENSG00000283644.1	0	0	0	0	0	0
ENSG00000283649.4	0	0	0	0	0	0
ENSG00000283654.3	0	0	0	0	0	0
ENSG00000283663.1	1	0	0	1	0	0
ENSG00000283683.2	1	0	0	0	0	0
ENSG00000283697.3	0	0	0	0	0	0
ENSG00000283702.2	0	0	0	0	0	0
ENSG00000283703.3	0	0	0	0	0	0
ENSG00000283706.2	0	0	0	0	0	0
ENSG00000283708.2	0	0	0	0	0	0
ENSG00000283714.2	0	0	0	0	0	0
ENSG00000283716.3	0	0	0	0	0	0
ENSG00000283718.2	0	0	0	0	0	0
ENSG00000283719.3	0	0	0	0	0	0
ENSG00000283722.3	0	0	0	0	0	0
ENSG00000283723.2	0	0	0	0	0	0
ENSG00000283727.1	0	0	0	0	0	0
ENSG00000283729.1	0	0	0	0	0	0
ENSG00000283731.1	0	0	0	0	0	0
ENSG00000283738.3	0	0	0	0	0	0
ENSG00000283740.1	0	0	1	2	1	0
ENSG00000283741.2	0	0	0	0	0	0
ENSG00000283742.3	0	0	0	0	0	0
ENSG00000283750.3	0	0	0	0	0	0
ENSG00000283755.2	0	0	0	0	0	0
ENSG00000283758.2	0	0	0	0	0	0
ENSG00000283761.1	0	0	0	0	0	0
ENSG00000283763.3	0	0	0	0	0	0
ENSG00000283765.1	0	0	0	0	0	0
ENSG00000283767.2	0	0	0	0	0	0
ENSG00000283771.2	0	0	0	0	0	0
ENSG00000283776.1	0	0	0	0	0	0
ENSG00000283777.2	0	0	0	0	0	0
ENSG00000283779.1	0	0	0	0	0	0
ENSG00000283780.3	0	0	0	0	0	0
ENSG00000283781.1	0	0	0	0	0	0
ENSG00000283782.2	0	0	0	0	0	0
ENSG00000283784.3	0	0	0	0	0	0
ENSG00000283787.2	0	0	0	0	0	0
ENSG00000283790.2	0	0	0	0	0	0
ENSG00000283809.1	0	0	0	0	0	0
ENSG00000283812.2	0	0	0	0	0	0
ENSG00000283820.2	0	0	0	0	0	0
ENSG00000283823.1	0	0	0	0	0	0
ENSG00000283826.2	0	0	0	0	0	0
ENSG00000283827.1	0	0	0	0	0	0
ENSG00000283830.2	0	0	0	0	0	0
ENSG00000283846.1	0	0	0	0	0	0
ENSG00000283847.2	0	0	0	0	0	0
ENSG00000283852.4	0	0	0	0	0	0
ENSG00000283855.2	0	0	0	0	0	0
ENSG00000283859.2	0	0	0	0	0	0
ENSG00000283864.2	0	0	0	0	0	0
ENSG00000283868.2	0	0	0	0	0	0
ENSG00000283869.1	0	0	0	0	0	0
ENSG00000283870.3	0	0	0	0	0	0
ENSG00000283873.1	0	0	0	0	0	0
ENSG00000283875.1	0	0	0	0	0	0
ENSG00000283877.1	0	0	0	0	0	0
ENSG00000283878.2	0	0	0	0	0	0
ENSG00000283882.3	0	0	0	0	0	0
ENSG00000283883.2	0	0	0	0	0	0
ENSG00000283884.2	0	0	0	0	0	0
ENSG00000283886.3	0	0	0	0	0	0
ENSG00000283887.2	0	0	0	0	0	0
ENSG00000283889.3	0	0	0	0	0	0
ENSG00000283892.2	0	0	0	0	0	0
ENSG00000283893.2	0	0	0	0	0	0
ENSG00000283898.2	0	0	0	0	0	0
ENSG00000283900.1	0	0	0	0	0	0
ENSG00000283902.3	0	0	0	0	0	0
ENSG00000283903.2	0	0	0	0	0	0
ENSG00000283915.1	0	0	0	0	0	0
ENSG00000283918.2	0	0	0	0	0	0
ENSG00000283930.1	0	0	0	0	0	0
ENSG00000283934.3	0	0	0	0	0	0
ENSG00000283937.3	0	0	0	0	0	0
ENSG00000283946.2	0	0	0	0	0	0
ENSG00000283949.2	0	0	0	0	0	0
ENSG00000283952.1	0	0	0	0	0	0
ENSG00000283954.1	0	0	0	0	0	0
ENSG00000283955.2	0	0	0	0	0	0
ENSG00000283961.1	0	0	0	0	0	0
ENSG00000283963.2	0	0	0	0	0	0
ENSG00000283966.1	0	0	0	0	0	0
ENSG00000283967.1	0	0	0	0	0	0
ENSG00000283977.1	0	0	0	0	0	0
ENSG00000283979.1	0	0	0	0	0	0
ENSG00000283980.1	1	2	2	2	0	3
ENSG00000283984.2	0	0	0	0	0	0
ENSG00000283985.2	0	0	0	0	0	0
ENSG00000283986.3	0	0	0	0	0	0
ENSG00000283988.1	0	0	0	0	0	0
ENSG00000283989.2	0	0	0	0	0	0
ENSG00000283992.2	0	0	0	0	0	0
ENSG00000283996.2	0	0	0	0	0	0
ENSG00000284002.2	0	0	0	0	0	0
ENSG00000284009.2	0	0	0	0	0	0
ENSG00000284013.2	0	0	0	0	0	0
ENSG00000284017.2	0	0	0	0	0	0
ENSG00000284018.1	0	0	0	0	0	0
ENSG00000284021.2	0	0	0	0	0	0
ENSG00000284024.4	203	295	290	272	234	305
ENSG00000284025.2	0	0	0	0	0	0
ENSG00000284033.2	0	0	0	0	0	0
ENSG00000284036.2	0	0	0	0	0	0
ENSG00000284039.3	0	0	0	0	0	0
ENSG00000284042.1	0	0	0	0	0	0
ENSG00000284044.2	0	0	0	0	0	0
ENSG00000284053.2	0	0	0	0	0	0
ENSG00000284057.1	0	0	0	0	0	0
ENSG00000284061.2	0	0	0	0	0	0
ENSG00000284066.2	0	0	0	0	0	0
ENSG00000284068.1	0	0	0	0	0	0
ENSG00000284076.3	0	0	0	0	0	0
ENSG00000284086.1	0	0	0	0	0	0
ENSG00000284089.3	0	0	0	0	0	0
ENSG00000284090.4	0	0	0	0	0	0
ENSG00000284093.1	0	0	0	0	0	0
ENSG00000284099.3	0	0	0	0	0	0
ENSG00000284100.2	0	0	0	0	0	0
ENSG00000284101.2	0	0	0	0	0	0
ENSG00000284103.2	0	0	0	0	0	0
ENSG00000284104.1	0	0	0	0	0	0
ENSG00000284111.3	0	0	0	0	0	0
ENSG00000284120.3	0	0	0	0	0	0
ENSG00000284127.1	0	0	0	0	0	0
ENSG00000284130.2	0	0	0	0	0	0
ENSG00000284132.2	0	0	0	0	0	0
ENSG00000284145.2	0	0	0	0	0	0
ENSG00000284150.3	0	0	0	0	0	0
ENSG00000284151.2	0	0	0	0	0	0
ENSG00000284156.2	0	0	0	0	0	0
ENSG00000284161.3	0	0	0	0	0	0
ENSG00000284166.2	0	0	0	0	0	0
ENSG00000284169.3	0	0	0	0	0	0
ENSG00000284174.2	0	0	0	0	0	0
ENSG00000284177.1	0	0	0	0	0	0
ENSG00000284181.2	0	0	0	0	0	0
ENSG00000284188.3	0	1	0	0	0	0
ENSG00000284192.1	0	0	0	0	0	0
ENSG00000284194.3	236	291	294	147	96	112
ENSG00000284206.3	0	0	0	0	0	0
ENSG00000284209.3	0	0	0	0	0	0
ENSG00000284210.2	0	0	0	0	0	0
ENSG00000284213.1	0	0	0	0	0	0
ENSG00000284217.3	0	0	0	0	0	0
ENSG00000284218.2	0	0	0	0	0	0
ENSG00000284225.3	0	0	0	0	0	0
ENSG00000284227.3	0	0	0	0	0	0
ENSG00000284228.2	0	0	0	0	0	0
ENSG00000284230.2	0	0	0	0	0	0
ENSG00000284234.1	0	0	0	0	0	0
ENSG00000284236.2	0	0	0	0	0	0
ENSG00000284238.2	0	0	0	0	0	0
ENSG00000284241.2	0	0	0	0	0	0
ENSG00000284244.2	0	0	0	0	0	0
ENSG00000284254.3	0	0	0	0	0	0
ENSG00000284255.1	0	0	0	0	0	0
ENSG00000284260.2	0	0	0	0	0	0
ENSG00000284262.2	0	0	0	0	0	0
ENSG00000284264.3	0	0	0	0	0	0
ENSG00000284282.3	0	0	0	0	0	0
ENSG00000284283.1	0	0	0	0	0	0
ENSG00000284287.2	0	0	0	0	0	0
ENSG00000284290.2	0	0	0	0	0	0
ENSG00000284292.1	1	4	1	3	1	3
ENSG00000284295.1	0	0	0	0	0	0
ENSG00000284298.2	0	0	0	0	0	0
ENSG00000284301.3	0	0	0	0	0	0
ENSG00000284306.1	0	0	0	0	0	0
ENSG00000284307.1	0	0	0	0	0	0
ENSG00000284308.2	6	21	9	11	9	19
ENSG00000284316.2	0	0	0	0	0	0
ENSG00000284320.3	0	0	0	0	0	0
ENSG00000284330.2	0	0	0	0	0	0
ENSG00000284333.2	0	0	0	0	0	0
ENSG00000284337.1	0	0	0	0	0	0
ENSG00000284340.3	0	0	0	0	0	0
ENSG00000284341.1	0	0	0	0	0	0
ENSG00000284342.2	0	0	0	0	0	0
ENSG00000284347.2	0	0	0	0	0	0
ENSG00000284356.1	0	0	0	0	0	0
ENSG00000284365.1	0	0	0	0	0	0
ENSG00000284369.3	0	0	0	0	0	0
ENSG00000284371.1	0	0	0	0	0	0
ENSG00000284373.1	0	0	0	0	0	0
ENSG00000284383.2	0	0	0	0	0	0
ENSG00000284393.1	0	4	0	0	0	0
ENSG00000284395.2	2	3	7	0	1	1
ENSG00000284400.2	0	0	0	0	0	0
ENSG00000284401.2	0	0	0	0	0	0
ENSG00000284408.1	0	0	0	0	0	0
ENSG00000284426.1	0	0	0	0	0	0
ENSG00000284431.1	0	0	0	0	0	0
ENSG00000284434.2	0	0	0	0	0	0
ENSG00000284438.1	0	0	0	0	0	0
ENSG00000284439.1	0	0	0	0	0	0
ENSG00000284445.2	0	0	0	0	0	0
ENSG00000284454.2	0	0	0	0	0	0
ENSG00000284457.3	0	0	0	0	0	0
ENSG00000284460.1	0	0	0	0	0	0
ENSG00000284461.2	0	0	0	0	0	0
ENSG00000284465.1	0	0	0	0	0	0
ENSG00000284466.1	0	0	0	0	0	0
ENSG00000284468.3	0	0	0	0	0	0
ENSG00000284475.2	0	0	0	0	0	0
ENSG00000284476.2	0	0	0	0	0	0
ENSG00000284479.1	0	0	0	0	0	0
ENSG00000284480.1	0	0	0	0	0	0
ENSG00000284483.1	0	0	0	0	0	0
ENSG00000284484.1	0	0	0	0	0	0
ENSG00000284487.3	0	0	0	0	0	0
ENSG00000284491.3	3	4	10	7	6	5
ENSG00000284493.2	0	0	0	0	0	0
ENSG00000284495.2	0	0	0	0	0	0
ENSG00000284496.2	0	0	0	0	0	0
ENSG00000284501.2	0	0	0	0	0	0
ENSG00000284502.2	0	0	0	0	0	0
ENSG00000284504.2	0	0	0	0	0	0
ENSG00000284505.1	0	0	0	0	0	0
ENSG00000284507.2	0	0	0	0	0	0
ENSG00000284509.1	0	0	0	0	0	0
ENSG00000284510.2	0	0	0	0	0	0
ENSG00000284511.3	0	0	0	0	0	0
ENSG00000284512.1	0	0	0	0	0	0
ENSG00000284514.2	0	0	0	0	0	0
ENSG00000284515.1	0	0	0	0	0	0
ENSG00000284526.1	1	6	0	7	3	5
ENSG00000284528.1	0	0	0	0	0	0
ENSG00000284530.2	0	0	0	0	0	0
ENSG00000284546.1	0	0	0	0	0	0
ENSG00000284548.3	0	0	0	0	0	0
ENSG00000284551.2	0	0	0	0	0	0
ENSG00000284554.2	0	0	0	0	0	0
ENSG00000284555.3	0	0	0	0	0	0
ENSG00000284559.2	0	0	0	0	0	0
ENSG00000284560.3	0	0	0	0	0	0
ENSG00000284562.3	0	0	0	0	0	0
ENSG00000284571.2	0	0	0	0	0	0
ENSG00000284580.3	0	0	0	0	0	0
ENSG00000284588.3	0	0	0	0	0	0
ENSG00000284589.1	0	0	0	0	0	0
ENSG00000284598.2	0	0	0	0	0	0
ENSG00000284609.2	0	0	0	0	0	0
ENSG00000284622.2	0	0	0	0	0	0
ENSG00000284626.1	0	0	0	0	0	0
ENSG00000284629.1	0	0	0	0	0	0
ENSG00000284631.2	0	0	0	0	0	0
ENSG00000284635.2	0	0	0	0	0	0
ENSG00000284638.2	0	0	0	0	0	0
ENSG00000284643.1	0	0	0	0	0	0
ENSG00000284662.2	0	0	0	0	0	0
ENSG00000284667.1	0	0	0	0	0	0
ENSG00000284680.3	0	0	0	0	0	0
ENSG00000284684.1	0	0	0	0	0	0
ENSG00000284686.1	0	0	0	1	0	0
ENSG00000284690.3	0	0	0	0	0	0
ENSG00000284691.1	0	0	2	3	3	1
ENSG00000284695.1	0	0	0	0	0	0
ENSG00000284701.1	0	1	0	0	0	0
ENSG00000284704.1	0	0	0	0	0	0
ENSG00000284713.2	0	0	0	0	0	0
ENSG00000284718.1	0	0	0	0	0	0
ENSG00000284723.2	0	0	0	0	0	0
ENSG00000284725.1	0	0	0	0	0	0
ENSG00000284730.2	0	0	0	0	0	0
ENSG00000284732.1	0	0	0	0	0	0
ENSG00000284733.2	0	0	0	0	0	0
ENSG00000284749.2	0	0	0	0	0	0
ENSG00000284752.3	0	0	0	0	0	0
ENSG00000284753.2	62	68	75	37	46	39
ENSG00000284754.1	0	0	0	0	0	0
ENSG00000284762.1	0	0	0	0	0	0
ENSG00000284764.1	0	0	0	0	0	0
ENSG00000284765.2	0	0	0	0	0	0
ENSG00000284770.2	0	0	0	0	0	0
ENSG00000284772.1	0	0	0	0	0	0
ENSG00000284773.1	0	1	1	5	1	0
ENSG00000284774.2	0	0	0	0	0	0
ENSG00000284776.1	5	1	0	0	3	2
ENSG00000284779.3	0	0	0	0	0	0
ENSG00000284781.1	0	0	0	0	0	0
ENSG00000284791.2	0	0	1	0	0	0
ENSG00000284792.1	0	0	0	0	0	0
ENSG00000284796.3	0	0	0	0	0	0
ENSG00000284797.1	0	1	0	0	0	0
ENSG00000284798.1	0	0	0	0	0	0
ENSG00000284800.2	0	0	0	0	0	0
ENSG00000284806.1	0	0	0	0	0	0
ENSG00000284807.2	0	0	0	0	0	0
ENSG00000284810.2	0	0	0	0	0	0
ENSG00000284811.1	0	0	0	0	0	0
ENSG00000284814.1	0	0	0	0	0	0
ENSG00000284816.2	0	0	0	0	0	0
ENSG00000284818.1	0	0	0	0	0	0
ENSG00000284820.1	0	0	0	0	0	0
ENSG00000284827.1	0	0	0	0	0	0
ENSG00000284832.2	0	0	0	0	0	0
ENSG00000284835.2	0	0	0	0	0	0
ENSG00000284836.1	0	0	0	0	0	0
ENSG00000284838.2	0	0	0	0	0	0
ENSG00000284841.1	0	0	0	0	0	0
ENSG00000284844.2	0	0	0	0	0	0
ENSG00000284845.2	0	0	0	0	0	0
ENSG00000284850.2	0	0	0	0	0	0
ENSG00000284862.3	0	1	0	0	0	2
ENSG00000284866.1	0	0	0	0	0	0
ENSG00000284868.2	0	0	0	0	0	0
ENSG00000284869.2	0	0	0	0	0	0
ENSG00000284870.1	0	0	0	0	0	0
ENSG00000284872.1	0	0	0	0	0	0
ENSG00000284873.1	0	1	0	0	0	1
ENSG00000284874.1	0	0	0	0	0	0
ENSG00000284881.2	0	0	0	0	0	0
ENSG00000284889.2	0	0	0	0	0	0
ENSG00000284891.1	0	0	0	0	0	0
ENSG00000284895.1	6	20	18	19	9	23
ENSG00000284896.1	0	0	0	0	0	0
ENSG00000284900.2	0	0	0	0	0	0
ENSG00000284903.2	0	0	0	0	0	0
ENSG00000284906.3	0	0	0	0	0	0
ENSG00000284907.1	0	0	0	0	0	0
ENSG00000284912.1	0	0	0	0	0	0
ENSG00000284913.1	0	0	0	0	0	0
ENSG00000284915.3	0	0	0	0	0	0
ENSG00000284916.2	0	0	0	0	0	0
ENSG00000284917.1	0	0	0	0	0	0
ENSG00000284922.2	0	0	0	0	0	0
ENSG00000284923.2	0	0	0	0	0	0
ENSG00000284924.1	0	0	0	0	0	0
ENSG00000284925.2	0	0	0	0	0	0
ENSG00000284927.1	0	0	0	0	0	0
ENSG00000284931.1	0	0	0	0	0	0
ENSG00000284933.2	0	0	0	0	0	0
ENSG00000284934.2	0	0	0	0	0	0
ENSG00000284936.2	0	0	0	0	0	0
ENSG00000284937.2	0	0	0	0	0	0
ENSG00000284938.4	0	0	0	0	0	0
ENSG00000284939.1	0	0	0	0	0	0
ENSG00000284944.2	0	0	0	0	0	0
ENSG00000284946.1	0	1	0	1	0	0
ENSG00000284947.1	0	0	0	0	0	0
ENSG00000284949.2	0	0	0	0	0	0
ENSG00000284952.1	0	0	0	0	0	0
ENSG00000284953.2	0	0	0	0	0	0
ENSG00000284956.1	0	0	0	0	0	0
ENSG00000284958.1	0	0	0	0	0	0
ENSG00000284965.1	0	0	0	0	0	0
ENSG00000284967.2	0	0	0	0	0	0
ENSG00000284969.1	0	0	0	0	0	0
ENSG00000284971.2	0	0	0	0	0	0
ENSG00000284976.2	130	157	147	184	124	167
ENSG00000284978.2	0	0	0	0	0	0
ENSG00000284979.2	0	0	0	0	0	0
ENSG00000284980.2	0	0	0	0	0	0
ENSG00000284981.2	0	1	0	0	1	1
ENSG00000284982.1	0	0	0	0	0	0
ENSG00000284983.1	0	0	0	0	0	0
ENSG00000284984.2	0	0	0	0	0	0
ENSG00000284987.1	0	0	0	0	0	0
ENSG00000284989.1	0	0	0	0	0	0
ENSG00000284990.1	0	0	0	0	0	0
ENSG00000285000.1	4	26	6	15	10	13
ENSG00000285007.2	0	0	0	0	0	0
ENSG00000285010.2	0	0	0	0	0	0
ENSG00000285011.2	0	0	0	0	0	0
ENSG00000285013.1	0	0	0	0	0	0
ENSG00000285015.2	0	0	0	0	0	0
ENSG00000285022.1	0	0	0	0	0	0
ENSG00000285023.2	0	0	0	0	0	0
ENSG00000285025.1	31	35	41	34	24	39
ENSG00000285029.1	0	0	0	0	0	0
ENSG00000285032.2	0	0	0	0	0	0
ENSG00000285034.2	0	0	0	0	0	0
ENSG00000285043.3	4	13	8	27	16	11
ENSG00000285044.2	0	0	0	0	0	0
ENSG00000285047.1	0	0	0	0	0	0
ENSG00000285048.2	0	0	0	0	0	0
ENSG00000285049.2	0	0	0	0	0	0
ENSG00000285053.1	0	0	1	0	0	1
ENSG00000285059.2	0	0	0	0	0	0
ENSG00000285063.1	0	0	0	0	0	0
ENSG00000285064.2	0	0	0	0	0	0
ENSG00000285069.2	0	0	0	0	0	0
ENSG00000285070.2	0	0	0	0	0	0
ENSG00000285071.2	0	0	0	0	0	0
ENSG00000285072.2	0	0	0	0	0	0
ENSG00000285077.4	0	0	0	0	0	0
ENSG00000285082.3	0	0	0	0	0	0
ENSG00000285084.3	0	0	0	0	0	0
ENSG00000285085.1	0	0	0	0	0	0
ENSG00000285087.1	0	0	0	0	0	0
ENSG00000285098.2	0	0	0	0	0	0
ENSG00000285105.1	0	0	0	0	0	0
ENSG00000285109.3	0	0	0	0	0	0
ENSG00000285112.4	0	0	0	0	0	0
ENSG00000285114.2	0	0	0	0	0	0
ENSG00000285120.1	0	0	0	0	0	0
ENSG00000285121.2	0	0	0	0	0	0
ENSG00000285123.1	0	0	0	0	0	0
ENSG00000285124.1	0	0	0	0	0	0
ENSG00000285125.1	0	0	0	0	0	0
ENSG00000285130.2	0	0	0	0	0	1
ENSG00000285132.2	0	0	0	0	0	0
ENSG00000285133.1	105	94	102	90	72	87
ENSG00000285136.2	0	0	0	0	0	0
ENSG00000285140.2	0	0	0	0	0	0
ENSG00000285141.2	0	0	0	0	0	0
ENSG00000285147.2	0	0	0	0	0	0
ENSG00000285152.2	0	0	0	0	0	0
ENSG00000285154.1	0	0	0	0	0	0
ENSG00000285162.1	0	0	0	0	0	0
ENSG00000285171.1	0	0	0	0	0	0
ENSG00000285172.1	0	0	0	0	0	0
ENSG00000285176.1	0	0	0	0	0	0
ENSG00000285181.2	0	0	0	0	0	0
ENSG00000285182.2	0	0	0	0	0	0
ENSG00000285186.1	0	0	0	0	0	0
ENSG00000285188.1	0	0	0	0	0	0
ENSG00000285193.1	0	0	0	0	0	0
ENSG00000285199.1	0	0	0	0	0	0
ENSG00000285200.2	0	0	0	0	0	0
ENSG00000285202.1	0	0	0	0	0	0
ENSG00000285203.2	0	0	0	0	0	0
ENSG00000285217.1	0	0	0	0	0	0
ENSG00000285218.1	0	0	0	0	0	0
ENSG00000285221.1	0	0	0	0	0	0
ENSG00000285222.3	0	0	0	0	0	0
ENSG00000285226.2	0	0	0	0	0	0
ENSG00000285231.2	0	0	0	0	0	0
ENSG00000285238.2	0	0	0	0	0	0
ENSG00000285241.2	0	0	0	0	0	0
ENSG00000285243.3	0	0	0	0	0	0
ENSG00000285245.1	0	0	0	0	0	0
ENSG00000285246.2	0	0	0	0	0	0
ENSG00000285248.2	0	0	0	0	0	0
ENSG00000285249.1	0	0	0	0	0	0
ENSG00000285250.2	0	0	0	0	0	0
ENSG00000285251.2	0	0	0	0	0	0
ENSG00000285252.1	0	0	0	0	0	0
ENSG00000285253.1	0	0	0	0	0	0
ENSG00000285269.2	0	0	0	0	0	0
ENSG00000285272.1	0	0	0	0	0	0
ENSG00000285281.2	0	0	0	0	0	0
ENSG00000285283.1	0	0	0	0	0	0
ENSG00000285286.1	0	0	0	0	0	0
ENSG00000285292.1	0	0	0	0	0	0
ENSG00000285302.5	0	0	0	0	0	0
ENSG00000285304.1	0	0	0	0	0	0
ENSG00000285312.1	0	0	0	0	0	0
ENSG00000285316.2	0	0	0	0	0	0
ENSG00000285318.2	0	0	0	0	0	0
ENSG00000285321.1	0	0	0	0	0	0
ENSG00000285326.3	0	0	0	0	0	0
ENSG00000285327.1	0	0	0	0	0	0
ENSG00000285328.2	0	0	0	0	0	0
ENSG00000285329.1	1	0	0	4	3	4
ENSG00000285330.1	0	0	0	0	0	0
ENSG00000285339.2	0	0	0	0	0	0
ENSG00000285341.1	0	0	0	0	0	0
ENSG00000285343.2	0	0	0	0	0	0
ENSG00000285346.1	0	0	0	0	0	0
ENSG00000285348.2	0	0	0	0	0	0
ENSG00000285356.2	0	0	0	0	0	0
ENSG00000285360.2	0	0	0	0	0	0
ENSG00000285362.2	0	0	0	0	0	0
ENSG00000285365.1	0	0	0	0	0	0
ENSG00000285369.2	0	0	0	0	0	0
ENSG00000285372.1	0	0	0	0	0	0
ENSG00000285375.1	0	0	0	0	0	0
ENSG00000285376.1	0	0	0	0	0	0
ENSG00000285377.2	0	0	0	0	0	0
ENSG00000285379.2	0	0	0	0	0	0
ENSG00000285382.1	0	0	1	0	0	0
ENSG00000285383.2	0	0	0	0	0	0
ENSG00000285390.2	0	0	0	0	0	0
ENSG00000285395.2	0	0	0	0	0	0
ENSG00000285397.1	0	0	0	0	0	0
ENSG00000285404.1	0	0	0	0	0	0
ENSG00000285408.1	0	0	0	0	0	0
ENSG00000285411.2	0	0	0	0	0	0
ENSG00000285422.2	0	0	0	0	0	0
ENSG00000285425.1	0	0	0	0	0	0
ENSG00000285426.4	0	0	0	0	0	0
ENSG00000285432.1	0	0	0	0	0	0
ENSG00000285433.2	0	0	0	0	0	0
ENSG00000285434.2	0	0	0	0	0	0
ENSG00000285435.3	0	0	0	0	0	0
ENSG00000285437.2	0	0	0	0	0	0
ENSG00000285438.2	0	0	0	0	0	0
ENSG00000285442.2	0	0	0	0	0	0
ENSG00000285443.2	0	0	0	0	0	0
ENSG00000285444.1	0	0	0	0	0	0
ENSG00000285446.1	0	0	0	0	0	0
ENSG00000285449.1	0	0	0	0	0	0
ENSG00000285451.2	0	0	0	0	0	0
ENSG00000285456.2	0	0	0	0	0	0
ENSG00000285458.1	0	0	0	0	0	0
ENSG00000285463.1	0	0	0	0	0	0
ENSG00000285465.2	0	0	0	0	0	0
ENSG00000285471.1	0	0	0	0	0	0
ENSG00000285472.1	0	0	0	0	0	0
ENSG00000285479.2	0	0	0	0	0	0
ENSG00000285480.2	0	0	0	1	0	0
ENSG00000285482.2	0	0	0	0	0	0
ENSG00000285485.2	0	0	0	0	0	0
ENSG00000285493.3	0	0	0	0	0	0
ENSG00000285496.1	0	0	0	0	0	0
ENSG00000285497.3	0	0	0	0	0	0
ENSG00000285501.2	0	0	0	0	0	0
ENSG00000285502.1	0	0	0	0	0	0
ENSG00000285505.1	0	0	0	0	0	0
ENSG00000285507.2	0	0	0	0	0	0
ENSG00000285508.1	2	0	1	1	2	3
ENSG00000285509.1	0	0	0	0	0	0
ENSG00000285516.2	0	0	0	0	0	0
ENSG00000285526.1	0	0	0	0	0	0
ENSG00000285528.1	0	0	0	0	0	0
ENSG00000285542.1	0	0	0	0	0	0
ENSG00000285547.1	0	0	0	0	0	0
ENSG00000285558.1	0	0	0	0	0	0
ENSG00000285566.2	0	0	0	0	0	0
ENSG00000285585.1	0	0	0	0	0	0
ENSG00000285589.1	0	0	0	0	0	0
ENSG00000285602.1	0	0	0	0	0	0
ENSG00000285607.1	0	0	0	0	0	0
ENSG00000285617.1	0	0	0	0	0	0
ENSG00000285620.1	0	0	0	0	0	0
ENSG00000285625.1	5	3	4	7	6	8
ENSG00000285629.1	0	0	0	0	0	0
ENSG00000285635.1	0	0	0	0	0	0
ENSG00000285641.1	0	0	0	0	0	0
ENSG00000285645.1	0	0	0	0	0	0
ENSG00000285655.1	0	0	0	0	0	0
ENSG00000285657.1	0	0	0	0	0	0
ENSG00000285687.1	0	0	0	0	0	0
ENSG00000285708.1	3	2	3	2	0	2
ENSG00000285713.1	0	0	0	0	0	0
ENSG00000285720.1	0	0	0	0	0	0
ENSG00000285723.1	191	212	227	111	150	243
ENSG00000285733.1	0	0	0	0	0	0
ENSG00000285749.3	0	0	0	0	0	0
ENSG00000285765.1	0	0	0	0	0	0
ENSG00000285772.1	0	0	0	0	0	0
ENSG00000285777.1	0	0	0	0	0	0
ENSG00000285779.1	0	0	0	0	0	0
ENSG00000285791.1	0	0	0	0	0	0
ENSG00000285795.1	0	0	0	0	0	0
ENSG00000285814.1	0	0	0	0	0	0
ENSG00000285815.1	1	0	1	0	0	0
ENSG00000285816.1	0	0	3	0	0	1
ENSG00000285827.1	0	0	0	0	0	0
ENSG00000285832.1	0	0	0	0	0	0
ENSG00000285837.1	0	0	0	0	0	0
ENSG00000285839.1	0	0	0	0	0	0
ENSG00000285854.1	0	0	0	0	0	0
ENSG00000285868.1	0	0	0	0	0	0
ENSG00000285880.1	0	0	0	0	0	0
ENSG00000285891.2	0	0	0	0	0	0
ENSG00000285897.1	0	0	0	0	0	0
ENSG00000285901.2	0	0	0	0	0	0
ENSG00000285913.1	0	0	0	0	0	0
ENSG00000285920.2	0	0	0	0	0	0
ENSG00000285932.1	0	0	0	0	0	0
ENSG00000285937.1	0	0	0	0	0	0
ENSG00000285938.1	0	0	0	0	0	0
ENSG00000285942.1	1	2	0	0	0	0
ENSG00000285943.1	0	0	0	0	0	0
ENSG00000285946.2	0	0	0	0	0	0
ENSG00000285947.1	0	0	0	0	0	0
ENSG00000285950.1	0	0	0	0	0	0
ENSG00000285953.2	0	0	0	0	0	0
ENSG00000285962.1	0	0	0	0	0	0
ENSG00000285975.1	0	0	0	0	0	0
ENSG00000285976.2	249	206	203	137	159	234
ENSG00000285978.1	0	0	0	0	0	0
ENSG00000285982.1	0	0	0	0	0	0
ENSG00000285991.1	0	0	0	0	0	0
ENSG00000286001.1	0	0	0	0	0	0
ENSG00000286007.1	0	0	0	0	0	0
ENSG00000286014.2	0	0	0	0	0	0
ENSG00000286015.1	0	0	0	0	0	0
ENSG00000286019.2	0	0	2	3	1	0
ENSG00000286022.1	0	0	0	0	0	0
ENSG00000286025.2	0	0	0	0	0	0
ENSG00000286038.2	0	0	0	0	0	0
ENSG00000286053.2	4	6	6	9	9	22
ENSG00000286070.2	0	0	0	0	0	0
ENSG00000286075.3	6	15	9	6	6	14
ENSG00000286088.1	0	0	0	0	0	0
ENSG00000286095.3	0	0	0	0	0	0
ENSG00000286098.1	0	0	0	0	0	0
ENSG00000286102.1	0	0	0	0	0	0
ENSG00000286105.2	0	0	0	0	1	0
ENSG00000286106.3	9	8	13	7	4	7
ENSG00000286112.1	0	0	0	0	0	0
ENSG00000286131.1	0	0	0	0	0	0
ENSG00000286132.1	0	0	0	0	0	0
ENSG00000286135.1	0	0	0	0	0	0
ENSG00000286137.2	0	0	0	0	0	0
ENSG00000286139.2	0	0	0	0	0	0
ENSG00000286140.2	31	44	51	31	28	36
ENSG00000286143.1	0	0	0	0	0	0
ENSG00000286165.1	0	0	0	0	0	0
ENSG00000286175.1	0	0	0	0	0	0
ENSG00000286184.1	0	0	0	0	0	0
ENSG00000286185.1	0	0	0	0	0	0
ENSG00000286190.2	1	2	4	0	0	1
ENSG00000286192.1	0	0	0	0	0	0
ENSG00000286219.2	0	1	1	0	0	0
ENSG00000286221.1	0	0	0	0	0	0
ENSG00000286224.1	0	0	0	0	0	0
ENSG00000286231.1	0	0	0	0	0	0
ENSG00000286235.1	0	0	0	0	0	0
ENSG00000286237.1	0	0	0	0	0	0
ENSG00000286239.1	0	0	0	0	0	0
ENSG00000286264.2	21	35	39	51	24	39
ENSG00000286268.1	0	3	0	1	0	2
ENSG00000286522.2	1304	1446	1547	578	724	592
ENSG00000286905.1	0	0	0	0	0	0
ENSG00000286920.2	0	0	0	0	0	0
ENSG00000287080.2	0	0	0	0	0	0
ENSG00000287363.4	0	0	0	0	0	0
ENSG00000287542.1	0	0	0	0	0	0
ENSG00000287585.2	0	0	0	0	0	0
ENSG00000287694.1	0	0	0	0	0	0
ENSG00000287725.2	0	0	0	0	0	0
ENSG00000287856.1	0	0	0	0	0	0
ENSG00000287908.1	0	0	0	0	0	0
ENSG00000288000.1	3	0	1	2	1	1
ENSG00000288053.1	0	0	0	0	0	0
ENSG00000288113.1	0	0	0	0	0	0
ENSG00000288114.1	0	0	0	0	0	0
ENSG00000288118.1	0	0	0	0	0	0
ENSG00000288119.1	0	0	0	0	0	0
ENSG00000288124.1	0	0	0	0	0	0
ENSG00000288128.1	0	0	0	0	0	0
ENSG00000288133.1	0	0	0	0	0	0
ENSG00000288136.1	0	0	0	0	0	0
ENSG00000288137.1	0	0	0	0	0	0
ENSG00000288141.1	0	0	0	0	0	0
ENSG00000288142.1	0	0	0	0	0	0
ENSG00000288145.1	0	0	0	0	0	0
ENSG00000288146.1	0	0	0	0	0	0
ENSG00000288147.1	0	0	0	0	0	0
ENSG00000288148.1	0	0	0	0	0	0
ENSG00000288149.1	0	0	0	0	0	0
ENSG00000288152.1	0	0	0	0	0	0
ENSG00000288157.1	0	0	0	0	0	0
ENSG00000288160.3	0	0	0	0	0	0
ENSG00000288164.1	0	0	0	0	0	0
ENSG00000288165.1	0	0	0	0	0	0
ENSG00000288169.1	0	0	0	0	0	0
ENSG00000288173.1	0	0	0	0	0	0
ENSG00000288174.1	0	0	0	0	0	0
ENSG00000288175.3	0	0	0	0	0	0
ENSG00000288176.1	0	0	0	0	0	0
ENSG00000288180.1	0	0	0	0	0	0
ENSG00000288181.1	0	0	0	0	0	0
ENSG00000288184.1	0	0	0	0	0	0
ENSG00000288185.1	0	0	0	0	0	0
ENSG00000288186.1	0	0	0	0	0	0
ENSG00000288188.1	0	0	0	0	0	0
ENSG00000288190.1	0	0	0	0	0	0
ENSG00000288191.1	0	0	0	0	0	0
ENSG00000288193.1	0	0	0	0	0	0
ENSG00000288194.1	0	0	0	0	0	0
ENSG00000288195.1	0	0	0	0	0	0
ENSG00000288198.1	0	0	0	0	0	0
ENSG00000288199.3	0	0	0	0	0	0
ENSG00000288202.1	0	0	0	0	0	0
ENSG00000288204.1	0	0	0	0	0	0
ENSG00000288206.1	0	0	0	0	0	0
ENSG00000288208.1	0	0	0	0	0	0
ENSG00000288210.1	0	0	0	0	0	0
ENSG00000288213.1	0	0	0	0	0	0
ENSG00000288214.1	0	0	0	0	0	0
ENSG00000288216.1	0	0	0	0	0	0
ENSG00000288217.3	0	0	0	0	0	0
ENSG00000288219.1	0	0	0	0	0	0
ENSG00000288236.1	0	0	0	0	0	0
ENSG00000288239.1	0	0	0	0	0	0
ENSG00000288241.1	0	0	0	0	0	0
ENSG00000288243.1	0	0	0	0	0	0
ENSG00000288249.1	0	0	0	0	0	0
ENSG00000288250.1	0	0	0	0	0	0
ENSG00000288257.1	0	0	0	0	0	0
ENSG00000288258.1	0	0	0	0	0	0
ENSG00000288259.1	0	0	0	0	0	0
ENSG00000288260.1	0	0	0	0	0	0
ENSG00000288261.1	0	0	0	0	0	0
ENSG00000288263.1	0	0	0	0	0	0
ENSG00000288264.1	0	0	0	0	0	0
ENSG00000288265.1	0	0	0	0	0	0
ENSG00000288269.1	0	0	0	0	0	0
ENSG00000288270.1	0	0	0	0	0	0
ENSG00000288273.1	0	0	0	0	0	0
ENSG00000288274.1	0	0	0	0	0	0
ENSG00000288280.1	0	0	0	0	0	0
ENSG00000288282.1	0	0	0	0	0	0
ENSG00000288283.1	0	0	0	0	0	0
ENSG00000288284.1	0	0	0	0	0	0
ENSG00000288285.1	0	0	0	0	0	0
ENSG00000288286.1	0	0	0	0	0	0
ENSG00000288292.1	0	0	0	0	0	0
ENSG00000288293.1	0	0	0	0	0	0
ENSG00000288297.1	0	0	0	0	0	0
ENSG00000288299.1	0	0	0	0	0	0
ENSG00000288301.1	0	0	0	0	0	0
ENSG00000288309.1	0	0	0	0	0	0
ENSG00000288313.1	0	0	0	0	0	0
ENSG00000288316.1	0	0	0	0	0	0
ENSG00000288318.1	0	0	0	0	0	0
ENSG00000288319.1	0	0	0	0	0	0
ENSG00000288324.1	0	0	0	0	0	0
ENSG00000288325.1	0	0	0	0	0	0
ENSG00000288335.1	0	0	0	0	0	0
ENSG00000288336.1	0	0	0	0	0	0
ENSG00000288339.1	0	0	0	0	0	0
ENSG00000288344.1	0	0	0	0	0	0
ENSG00000288345.1	0	0	0	0	0	0
ENSG00000288347.1	0	0	0	0	0	0
ENSG00000288350.1	0	0	0	0	0	0
ENSG00000288353.1	0	0	0	0	0	0
ENSG00000288354.1	0	0	0	0	0	0
ENSG00000288357.1	0	0	0	0	0	0
ENSG00000288360.1	0	0	0	0	0	0
ENSG00000288362.1	0	0	0	0	0	0
ENSG00000288363.1	0	0	0	0	0	0
ENSG00000288364.1	0	0	0	0	0	0
ENSG00000288368.1	0	0	0	0	0	0
ENSG00000288369.1	0	0	0	0	0	0
ENSG00000288370.1	0	0	0	0	0	0
ENSG00000288373.1	0	0	0	0	0	0
ENSG00000288375.1	0	0	0	0	0	0
ENSG00000288381.1	0	0	0	0	0	0
ENSG00000288382.1	0	0	0	0	0	0
ENSG00000288389.1	0	0	0	0	0	0
ENSG00000288396.1	0	0	0	0	0	0
ENSG00000288399.2	0	0	0	0	0	0
ENSG00000288401.1	0	0	0	0	0	0
ENSG00000288405.1	0	0	0	0	0	0
ENSG00000288407.1	0	0	0	0	0	0
ENSG00000288408.1	0	0	0	0	0	0
ENSG00000288411.1	0	0	0	0	0	0
ENSG00000288413.1	0	0	0	0	0	0
ENSG00000288416.1	0	0	0	0	0	0
ENSG00000288419.1	0	0	0	0	0	0
ENSG00000288422.1	0	0	0	0	0	0
ENSG00000288423.1	0	0	0	0	0	0
ENSG00000288427.1	0	0	0	0	0	0
ENSG00000288429.1	0	0	0	0	0	0
ENSG00000288431.1	0	0	0	0	0	0
ENSG00000288432.1	0	0	0	0	0	0
ENSG00000288435.1	0	0	0	0	0	0
ENSG00000288438.1	0	0	0	0	0	0
ENSG00000288440.1	0	0	0	0	0	0
ENSG00000288445.2	0	0	0	0	0	0
ENSG00000288453.1	0	0	0	0	0	0
ENSG00000288455.1	0	0	0	0	0	0
ENSG00000288456.1	0	0	0	0	0	0
ENSG00000288460.1	0	0	0	0	0	0
ENSG00000288461.1	0	0	0	0	0	0
ENSG00000288465.1	0	0	0	0	0	0
ENSG00000288466.1	0	0	0	0	0	0
ENSG00000288469.1	0	0	0	0	0	0
ENSG00000288474.1	0	0	0	0	0	0
ENSG00000288475.3	0	0	0	0	0	0
ENSG00000288477.1	0	0	0	0	0	0
ENSG00000288478.1	0	0	0	0	0	0
ENSG00000288480.1	0	0	0	0	0	0
ENSG00000288481.1	0	0	0	0	0	0
ENSG00000288483.1	0	0	0	0	0	0
ENSG00000288485.1	0	0	0	0	0	0
ENSG00000288487.1	0	0	0	0	0	0
ENSG00000288488.1	0	0	0	0	0	0
ENSG00000288490.1	0	0	0	0	0	0
ENSG00000288499.1	0	0	0	0	0	0
ENSG00000288501.1	0	0	0	0	0	0
ENSG00000288503.1	0	0	0	0	0	0
ENSG00000288504.1	0	0	0	0	0	0
ENSG00000288505.1	0	0	0	0	0	0
ENSG00000288506.1	0	0	0	0	0	0
ENSG00000288508.1	0	0	0	0	0	0
ENSG00000288511.3	0	0	0	0	0	0
ENSG00000288512.1	0	0	0	0	0	0
ENSG00000288513.1	0	0	0	0	0	0
ENSG00000288516.1	0	0	0	0	0	0
ENSG00000288517.1	0	0	0	0	0	0
ENSG00000288520.1	0	0	0	0	0	0
ENSG00000288529.1	1	1	1	2	1	0
ENSG00000288534.1	1	0	1	1	1	0
ENSG00000288550.3	0	0	0	0	0	0
ENSG00000288558.3	2	3	5	4	6	8
ENSG00000288564.1	3	6	7	4	5	8
ENSG00000288570.1	0	11	6	4	7	8
ENSG00000288591.1	0	0	0	0	0	0
ENSG00000288602.1	0	0	0	0	0	0
ENSG00000288608.1	2	0	0	0	0	0
ENSG00000288611.1	0	0	0	0	0	0
ENSG00000288614.1	1	12	11	5	4	3
ENSG00000288622.1	0	0	0	0	0	0
ENSG00000288623.1	0	0	1	0	0	0
ENSG00000288625.1	1	10	13	9	11	3
ENSG00000288626.1	54	100	51	58	35	39
ENSG00000288629.1	0	1	0	0	1	4
ENSG00000288634.1	3	0	1	3	2	0
ENSG00000288635.1	0	0	0	0	0	0
ENSG00000288636.1	8	6	5	3	6	0
ENSG00000288637.1	0	0	0	0	0	0
ENSG00000288640.1	0	0	0	0	0	0
ENSG00000288643.1	0	0	0	0	0	0
ENSG00000288644.1	0	0	0	0	0	0
ENSG00000288645.1	98	134	126	129	103	136
ENSG00000288646.1	0	0	0	0	0	0
ENSG00000288649.2	2	2	5	6	3	4
ENSG00000288650.1	0	0	0	0	0	0
ENSG00000288654.1	0	2	2	1	0	2
ENSG00000288658.2	0	0	0	0	1	0
ENSG00000288661.1	0	0	0	0	0	1
ENSG00000288669.1	0	0	0	0	0	0
ENSG00000288671.1	0	0	0	0	0	0
ENSG00000288673.1	0	0	0	0	0	0
ENSG00000288674.1	0	0	0	0	0	0
ENSG00000288675.1	8	3	11	6	3	6
ENSG00000288677.2	1	0	3	1	1	0
ENSG00000288678.1	11	13	12	10	7	12
ENSG00000288681.1	0	0	0	0	0	0
ENSG00000288683.1	0	0	0	0	0	0
ENSG00000288684.1	0	0	0	0	0	0
ENSG00000288695.1	0	1	1	0	0	0
ENSG00000288698.1	0	0	0	0	0	0
ENSG00000288699.1	0	0	0	0	0	0
ENSG00000288701.1	11156	15767	13784	13985	10010	13431
ENSG00000288702.1	8	8	7	13	10	13
ENSG00000288705.1	7	6	9	11	11	24
ENSG00000288706.1	10	12	6	6	6	11
ENSG00000288708.1	2	0	3	0	0	2
ENSG00000288709.1	0	0	0	0	0	0
ENSG00000288710.1	0	0	0	0	0	0
ENSG00000288711.1	0	0	0	0	0	0
ENSG00000288712.1	0	0	0	0	0	0
ENSG00000288715.1	6	22	11	15	14	15
ENSG00000288716.1	21	33	23	26	25	44
ENSG00000288721.1	0	0	0	0	0	0
ENSG00000288722.1	0	0	0	0	0	0
ENSG00000288725.1	0	0	0	0	0	0
ENSG00000288784.1	0	0	5	0	0	0
ENSG00000288796.1	0	0	0	0	0	0
ENSG00000288825.1	0	0	0	0	0	0
ENSG00000288841.1	0	0	0	0	0	0
ENSG00000288859.1	0	0	0	0	0	0
ENSG00000288864.1	0	0	0	0	0	0
ENSG00000288867.1	0	0	0	0	0	0
ENSG00000288894.1	0	0	0	0	0	0
ENSG00000288914.1	1	4	8	2	2	3
ENSG00000288920.1	16	8	7	14	16	12
ENSG00000289025.1	0	0	0	0	0	0
ENSG00000289027.1	0	0	0	0	0	0
ENSG00000289051.1	1	0	0	0	0	2
ENSG00000289258.1	0	0	0	0	0	0
ENSG00000289281.1	0	0	0	2	1	1
ENSG00000289282.1	0	0	0	0	0	0
ENSG00000289325.1	0	0	0	0	0	0
ENSG00000289346.1	0	0	0	0	0	0
ENSG00000289360.1	0	3	0	3	4	3
ENSG00000289490.1	0	0	0	0	0	0
ENSG00000289491.1	3	1	5	1	2	3
ENSG00000289503.1	0	0	0	0	0	0
ENSG00000289517.1	0	0	0	0	0	0
ENSG00000289549.1	0	0	0	0	0	0
ENSG00000289565.1	0	0	0	0	0	0
ENSG00000289604.1	0	0	0	0	0	0
ENSG00000289653.1	79	98	106	64	80	121
ENSG00000289685.2	0	0	0	0	0	0
ENSG00000289690.1	0	0	0	0	0	0
ENSG00000289692.1	0	0	0	0	0	0
ENSG00000289694.1	0	0	0	0	0	0
ENSG00000289695.1	0	0	0	0	0	0
ENSG00000289697.1	0	0	0	0	0	0
ENSG00000289700.1	0	1	0	1	1	0
ENSG00000289701.1	0	0	0	0	0	0
ENSG00000289710.1	0	0	0	0	0	0
ENSG00000289715.1	0	0	0	0	0	0
ENSG00000289716.1	49	32	47	49	30	35
ENSG00000289720.1	0	0	0	0	0	0
ENSG00000289721.1	0	0	0	0	0	0
ENSG00000289722.1	0	0	0	0	0	0
ENSG00000289723.1	0	0	0	0	0	0
ENSG00000289724.1	0	0	0	0	0	0
ENSG00000289746.1	0	0	0	0	0	0
ENSG00000289747.1	211	295	297	322	192	264
ENSG00000289758.1	0	0	0	0	0	0
ENSG00000289760.1	2	0	4	1	0	0
ENSG00000289761.1	6	3	4	0	0	4
ENSG00000289762.1	0	1	0	0	0	0
ENSG00000289763.1	79	87	82	66	46	75
ENSG00000289764.1	1	2	7	2	3	1
ENSG00000289766.1	0	0	0	0	0	0
ENSG00000289767.1	0	0	3	0	0	0
ENSG00000289768.1	0	0	0	0	0	0
ENSG00000289791.1	2	4	2	3	4	6
ENSG00000289809.2	0	0	0	0	0	0
ENSG00000290146.1	7	3	4	12	1	2
ENSG00000290147.1	0	0	0	0	0	0
ENSG00000290149.1	0	0	0	0	0	0
ENSG00000290180.1	0	0	0	0	0	0
ENSG00000290183.1	0	0	0	0	0	0
ENSG00000290184.1	0	0	0	0	0	0
ENSG00000290203.13	0	0	0	0	0	0
ENSG00000290217.1	0	0	0	0	0	0
ENSG00000290230.1	0	0	0	0	0	0
ENSG00000290263.1	0	0	0	0	0	2
ENSG00000290292.10	479	488	438	301	335	441
ENSG00000290315.1	0	0	0	0	0	0
ENSG00000290316.1	0	0	0	0	0	0
ENSG00000290317.1	0	0	0	0	0	0
ENSG00000290318.1	0	2	3	1	2	2
ENSG00000290320.1	0	1	0	0	0	1
ENSG00000291237.1	433	497	476	297	345	488
ENSG00000291239.1	0	0	0	0	0	0
ENSG00000291240.1	0	0	0	0	0	0
__alignment_not_unique	7295815	8655626	8697107	6658192	6375953	7794616
__ambiguous	344209	373844	363365	279612	257060	325916
__no_feature	10538399	12137712	11989850	13577015	10692938	14796922
__not_aligned	0	0	0	0	0	0
__too_low_aQual	0	0	0	0	0	0
